0,12384318263,2880
1,6799206835,1040
2,74662945500,24880
3,67743340351,21840
4,48802443297,20800
5,17110344820,4240
6,110071139935,91960
7,17733400848,8320
8,5143708328,1680
9,133657978984,21560
10,154243510642,16800
11,68963246637,124760
12,5548067290,45280
13,86944047147,98400
14,24185268356,10080
15,78042633240,39120
16,109668941417,39600
17,23101733842,9200
18,15478861463,4800
19,39947890230,6320
20,35117865222,34160
21,10873314768,41440
22,15489598358,8480
23,34535377619,12960
24,121803750356,18640
25,9660640502,640
26,31183271091,6960
27,35979013909,33280
28,2066529857,72960
29,2277269568,51520
30,21696338923,38160
31,12342773867,51800
32,79522632203,25680
33,2561597873,53880
34,20166661638,9840
35,63072465640,99440
36,13046061511,2240
37,12826818257,40800
38,6799206835,1040
39,2687684012,160
40,2612827461,55600
41,2600008094,240
42,47348102633,15680
43,5894921198,47200
44,48616889143,23920
45,11670237789,2400
46,30793914017,13520
47,16142556994,5760
48,17011420553,8000
49,107559963889,28600
50,23875429670,3520
51,9350411589,1200
52,129353598564,25960
53,6202102830,480
54,81375523076,18080
55,28909029183,7120
56,31833253865,5200
57,75560243289,27200
58,60409082220,22480
59,88304205091,36280
60,2074031437,56720
61,2687684012,160
62,2600008094,240
63,17186276929,5440
64,36223920257,29280
65,104171338035,3400
66,2277269568,51520
67,1478167869,70000
68,442006249162,24680
69,1207654539,55280
70,2971572073,48600
71,15880493699,2640
72,19144532808,13760
73,14878979296,4960
74,52494005405,32000
75,63968323880,22800
76,172316024801,17440
77,35803981480,13200
78,19157670485,49400
79,24424102909,7680
80,170637957019,99880
81,67613338563,29360
82,11824091548,2560
83,2687684012,160
84,48771542050,28240
85,96387062678,112720
86,27916461349,6080
87,48771542050,28240
88,22656554835,11600
89,2687684012,160
90,13892302599,341260
91,52063734750,239160
92,72302979498,156480
93,51041521877,232880
94,143057696266,146800
95,95817954921,104800
96,274768098603,26680
97,8928267633,402240
98,42810448334,39960
99,78982496032,125440
100,2420004136,66440
101,45107434734,98560
102,22579018603,49240
103,63753660289,25760
104,143725073864,12200
105,5684346990,800
106,70965906412,11400
107,34722111340,7440
108,79465899127,25600
109,16087583322,10480
110,2600008094,240
111,53920552345,14560
112,56209218247,24000
113,15591358874,3840
114,32662672538,8240
115,17110344820,4240
116,13891355234,1520
117,1374358440,80
118,56225312944,1080
119,48616889143,23920
120,207797368182,17960
121,24185268356,10080
122,222789920003,13480
123,34722111340,7440
124,12376659642,1840
125,2342371475,58000
126,939301808,59440
127,79465899127,25600
128,13332088199,2080
129,1374358440,80
130,17831878026,322440
131,60480767247,149920
132,79465899127,25600
133,17733400848,8320
134,10911635053,1280
135,8431943810,68360
136,249539108371,26600
137,25118102990,6160
138,1258488203,69840
139,51509791655,2040
140,5333770564,320
141,461662889894,18120
142,2600008094,240
143,85422022929,16960
144,66157949116,11000
145,258854814450,21640
146,22854197794,4400
147,49999151057,35920
148,124632969111,22200
149,21772899223,200
150,13953517473,10320
151,25118102990,6160
152,240329368815,91640
153,27968803724,34480
154,21520625332,12880
155,309608409905,27320
156,5143708328,1680
157,17521721748,4720
158,231505474275,18840
159,58272152258,41720
160,487193713971,17400
161,2727747053,59600
162,45237709294,235840
163,224044973574,29640
164,67815706672,29200
165,63241875154,30000
166,31833253865,5200
167,17733400848,8320
168,4460888269,46720
169,14578863196,12320
170,27916461349,6080
171,89761833979,114800
172,48234750446,14160
173,14876319705,4080
174,49191332981,22160
175,55687534543,216480
176,15050577109,1920
177,12340652589,1440
178,11642005252,560
179,9983132801,3200
180,38914243620,26000
181,67743340351,21840
182,2828425999,47680
183,2219288718,50320
184,54271625832,1880
185,502024271496,28040
186,2883996258,57200
187,6202102830,480
188,12432461986,8400
189,19268050737,38080
190,9348453956,1600
191,81857607350,27440
192,1177022982,69520
193,39947890230,6320
194,13891355234,1520
195,9660640502,640
196,21610292380,5600
197,3166033849,66640
198,23587601303,45480
199,2138635821,64720
200,30428836571,47320
201,39947890230,6320
202,15456552623,7840
203,16946126060,8720
204,1207801791,65920
205,5333770564,320
206,52195903666,81600
207,59843078367,28000
208,14002326039,42080
209,58027703937,31840
210,21509414556,9040
211,77953094991,19200
212,128830889388,14280
213,2548729868,57120
214,21618919613,10640
215,14350982604,2160
216,18522672847,6000
217,13332088199,2080
218,1374358440,80
219,51600786113,21280
220,62662662474,86480
221,15546887796,6560
222,80613673293,29120
223,22075897957,6720
224,30805131540,360
225,30071437553,32160
226,10911635053,1280
227,4526127605,50080
228,103045755018,18800
229,1374358440,80
230,5143708328,1680
231,21074044089,12480
232,11741037049,8560
233,239001100710,30800
234,23101733842,9200
235,14876319705,4080
236,106805333097,3960
237,85799337443,107280
238,14876319705,4080
239,5684346990,800
240,11642005252,560
241,21610292380,5600
242,156891761086,113680
243,650895492531,19240
244,12576156285,10720
245,1374358440,80
246,27320739252,11360
247,6202102830,480
248,20788222625,7520
249,46152821379,15440
250,2600008094,240
251,33245691455,5360
252,47348102633,15680
253,5143708328,1680
254,304881812479,14840
255,6936597692,43280
256,54608383980,26960
257,29288016031,12720
258,407550639376,12360
259,6202102830,480
260,115501695900,17680
261,80563108131,202480
262,1635480655,58560
263,15591358874,3840
264,13891355234,1520
265,13092241585,7760
266,85887009789,80920
267,29945835516,4640
268,6202102830,480
269,13608026520,11120
270,66544881581,88240
271,56630523360,1000
272,188905729061,16240
273,12826818257,40800
274,6799206835,1040
275,140965054822,18160
276,15870396402,3360
277,3608052587,400
278,61834110086,160000
279,54029269555,89760
280,81857607350,27440
281,3608052587,400
282,13092241585,7760
283,49500793830,86360
284,31833253865,5200
285,1514973004,67520
286,88736468195,3480
287,22854197794,4400
288,85761989581,28800
289,105233767861,6600
290,52036744754,20160
291,58095986012,24400
292,11609447743,42880
293,25118102990,6160
294,15546887796,6560
295,106483291976,29440
296,54847395961,36040
297,50972251467,25440
298,95845389522,15920
299,963002444,60080
300,1207801791,65920
301,67613338563,29360
302,50439157857,31440
303,29346663777,7280
304,21610292380,5600
305,32624205233,157360
306,1134761090,57360
307,303656026232,27240
308,84796426163,7480
309,22075897957,6720
310,73954259020,6760
311,6202102830,480
312,416364639139,13880
313,74806535448,22000
314,51600786113,21280
315,410543061956,20680
316,81230959361,14720
317,117378469423,100320
318,11642005252,560
319,6202102830,480
320,85441328398,79840
321,9350411589,1200
322,9660640502,640
323,40108531669,40920
324,47080146754,14480
325,41629150757,20080
326,38998990035,12000
327,31183271091,6960
328,2600008094,240
329,33667550874,10560
330,19873871526,2320
331,56225312944,1080
332,103045755018,18800
333,9350411589,1200
334,3922171917,50480
335,73954259020,6760
336,14876319705,4080
337,26914551763,3920
338,22344929187,6400
339,24185268356,10080
340,12384318263,2880
341,29616534813,29760
342,194134082441,126720
343,18917901145,11200
344,144595185185,22720
345,108279347535,4680
346,78460728199,21040
347,13272425141,41200
348,955540983,66160
349,3790191708,48080
350,23853271916,13040
351,15776737500,4000
352,3338506577,50000
353,2399899865,71840
354,178341041904,89480
355,9350411589,1200
356,63428298910,32080
357,2428798330,54480
358,28801489096,39280
359,15880493699,2640
360,102933208823,5000
361,60025625758,34320
362,11642005252,560
363,17671764981,2800
364,9221830002,1120
365,25118102990,6160
366,939301808,59440
367,135610907787,30640
368,69779962265,36080
369,1220817852,71120
370,162206589667,113960
371,18081356074,11440
372,156089627657,138400
373,4547854892,72440
374,417219036328,23880
375,6799206835,1040
376,2199943678,61360
377,14878979296,4960
378,211519809165,13560
379,14878979296,4960
380,194139747268,22360
381,131570702703,145120
382,10911635053,1280
383,5684346990,800
384,17625197496,2480
385,54120570873,28640
386,19272314234,37040
387,1594859271,53920
388,42898884843,520
389,14073056770,40720
390,70373621373,20560
391,34722111340,7440
392,5724339707,46960
393,18114803018,4880
394,42187256931,35280
395,2199943678,61360
396,19986639189,7600
397,5684346990,800
398,19986639189,7600
399,23725378174,312480
400,74281384025,104160
401,91787209973,12760
402,2155925558,50240
403,12623505456,1760
404,98019862293,175440
405,97441079550,25120
406,13953517473,10320
407,2687684012,160
408,82690235546,23200
409,30141398925,38480
410,46098432850,14000
411,77953094991,19200
412,9350411589,1200
413,1727515320,62240
414,1374358440,80
415,40573860630,24240
416,62044629116,16320
417,70085841151,153680
418,6194347287,960
419,143611089496,128880
420,17011420553,8000
421,23101733842,9200
422,106647343192,158720
423,2737543491,49360
424,19829719529,317760
425,36948731607,36400
426,172316024801,17440
427,200296439827,120280
428,43707823982,4440
429,58123010201,15200
430,353330328658,27480
431,51600786113,21280
432,58287429922,6920
433,16060169283,8080
434,189981524014,94160
435,126649546373,17360
436,25712095955,48120
437,2475151387,65080
438,9599646538,414320
439,8784654912,59000
440,1149002711,72800
441,60409082220,22480
442,22854197794,4400
443,29288016031,12720
444,4486033911,76280
445,28053384383,3600
446,26505612170,10240
447,19144532808,13760
448,29945835516,4640
449,7303735373,408240
450,82449703075,23120
451,16636224580,8960
452,16087583322,10480
453,3875472681,50560
454,6392283143,880
455,6392283143,880
456,9221830002,1120
457,59099009441,27120
458,18910982041,2960
459,14350982604,2160
460,21610292380,5600
461,254136322485,24120
462,23656910588,3040
463,68876123190,25040
464,11959949948,41840
465,68876123190,25040
466,17638044180,3760
467,19248589086,8640
468,46098432850,14000
469,6915909192,43520
470,15880493699,2640
471,13332088199,2080
472,5393785316,44640
473,10994443315,10400
474,13891355234,1520
475,58131531355,20640
476,19738763180,9120
477,24130341046,38960
478,366270702428,15800
479,494226912280,26200
480,25762440814,7040
481,22656554835,11600
482,2830545551,47600
483,111185226237,179600
484,95887941524,17200
485,39200715323,14400
486,1374358440,80
487,26882172573,4480
488,12623505456,1760
489,15456552623,7840
490,68672378117,34000
491,9856418914,42400
492,171637931946,3720
493,100441197168,26160
494,1372630699,72000
495,1796230552,60800
496,17733400848,8320
497,8327828583,40000
498,70184090448,84560
499,88736468195,3480
500,9348453956,1600
501,7213784899,49320
502,60023203699,35200
503,221952123251,91040
504,91972124883,85160
505,6392283143,880
506,192432454704,123920
507,4004414179,47280
508,110061080644,10040
509,1374358440,80
510,508012779788,16360
511,1729189591,58640
512,543238008762,24440
513,64435192093,26480
514,58027703937,31840
515,55021698026,20400
516,13272425141,41200
517,81277911580,11080
518,164572019353,20120
519,143759676465,31200
520,154243510642,16800
521,3922171917,50480
522,22920582078,2720
523,117008091738,13000
524,14578863196,12320
525,28704931708,120
526,200110143606,13640
527,76458335176,4120
528,3331713210,60880
529,9348453956,1600
530,2687684012,160
531,67957356893,128960
532,15591358874,3840
533,16976316359,9760
534,12384318263,2880
535,811434221099,2180
536,2600008094,240
537,23875429670,3520
538,229427032396,21880
539,1374358440,80
540,191730649580,17280
541,64594251644,27920
542,17638044180,3760
543,9660640502,640
544,147114700668,23840
545,120181393229,155080
546,2687684012,160
547,2687684012,160
548,13891355234,1520
549,19334631611,5680
550,7263870366,500000
551,2600008094,240
552,21074044089,12480
553,7928190956,429000
554,46228550293,31520
555,83322682464,80720
556,3981235534,59520
557,116957673267,97040
558,3824026617,46080
559,5143708328,1680
560,11851673519,42480
561,31095841385,5040
562,529893275545,18200
563,140965054822,18160
564,2342371475,58000
565,145720586297,16480
566,90463301786,29840
567,2687684012,160
568,2687684012,160
569,27224553891,38800
570,15050577109,1920
571,28777512035,12160
572,11670237789,2400
573,6799206835,1040
574,58116159615,23440
575,70010874366,78000
576,39819711301,251200
577,9658571893,9600
578,23656910588,3040
579,146473258546,6520
580,2687684012,160
581,17671764981,2800
582,11642005252,560
583,67815706672,29200
584,54420101441,97520
585,23784008333,5280
586,23875429670,3520
587,19248589086,8640
588,23158988748,12080
589,201276880071,111120
590,395805438826,21320
591,11741037049,8560
592,1374358440,80
593,1796230552,60800
594,46098432850,14000
595,3608052587,400
596,52494005405,32000
597,15591358874,3840
598,16976316359,9760
599,89761833979,114800
600,217488161971,23320
601,18917901145,11200
602,145254961327,17840
603,7213784899,49320
604,23853271916,13040
605,12376659642,1840
606,48574112765,24480
607,36253241852,42040
608,5333770564,320
609,163102819110,4760
610,95036586510,26240
611,22920582078,2720
612,60832958947,93920
613,58116159615,23440
614,35803981480,13200
615,72918674418,19840
616,11670237789,2400
617,199785134675,34440
618,9856418914,42400
619,298034082956,9640
620,6799206835,1040
621,134234693613,22640
622,3986624393,54760
623,36539997940,40
624,11824091548,2560
625,43674397868,136880
626,17011420553,8000
627,135610907787,30640
628,58131531355,20640
629,6392283143,880
630,15019316972,10000
631,12340652589,1440
632,20431947730,10880
633,136774068640,11800
634,67251737867,39240
635,207797368182,17960
636,107264705178,32680
637,9348453956,1600
638,87928884093,35400
639,72642954732,15360
640,17389026734,8160
641,9983132801,3200
642,37981648748,187200
643,19873871526,2320
644,4472830362,64280
645,12376659642,1840
646,126649546373,17360
647,15591358874,3840
648,3086500449,55520
649,20967286685,242480
650,17625197496,2480
651,20932795659,42240
652,9348453956,1600
653,16142556994,5760
654,9892193006,2000
655,56985563015,13440
656,84592639011,33360
657,128830889388,14280
658,16946126060,8720
659,278437295123,18600
660,13332088199,2080
661,6202102830,480
662,46228550293,31520
663,1374358440,80
664,53766552670,182720
665,18857244689,4160
666,303880173386,26840
667,69655242489,25360
668,3296732139,44400
669,57596705364,20960
670,136132896223,18960
671,11191683663,52520
672,1729189591,58640
673,4915881027,46640
674,2418241478,65400
675,86789064400,180240
676,1538463551,62480
677,12432461986,8400
678,12623505456,1760
679,15478861463,4800
680,75159586432,197240
681,154071370305,16400
682,2707964625,64320
683,26882172573,4480
684,14876319705,4080
685,79465899127,25600
686,120731524034,168200
687,17011420553,8000
688,67743340351,21840
689,95845389522,15920
690,11642005252,560
691,3608052587,400
692,84287250143,111680
693,29346663777,7280
694,1517481641,61600
695,4912704872,47520
696,104720380714,18480
697,207797368182,17960
698,184942339059,103520
699,29697064265,12400
700,26465861661,35040
701,15362541596,6640
702,132511829431,24080
703,13331284005,352040
704,5684346990,800
705,46098432850,14000
706,83390278198,19520
707,43548505348,20320
708,53873275287,22240
709,11670237789,2400
710,31833253865,5200
711,104801026591,6040
712,1343925107,50640
713,14578863196,12320
714,145721794225,152520
715,11670237789,2400
716,94974216786,191920
717,36362045738,20480
718,13891355234,1520
719,13332088199,2080
720,113069912245,9160
721,2600008094,240
722,178467900311,36520
723,9660640502,640
724,13608026520,11120
725,58123010201,15200
726,1343925107,50640
727,226764352131,5480
728,7263870366,500000
729,17733400848,8320
730,143211156061,5400
731,32662672538,8240
732,1791978308,67400
733,81375523076,18080
734,50340489760,31360
735,146211238065,122880
736,58205391409,1720
737,17671764981,2800
738,16142556994,5760
739,20431947730,10880
740,105808537273,93240
741,104239822466,96960
742,9350411589,1200
743,77994548502,76560
744,841468147559,29320
745,9348453956,1600
746,23656910588,3040
747,145167205570,130320
748,23475256295,294840
749,50109757968,15040
750,18114803018,4880
751,102648019957,91520
752,7023715921,720
753,90357586502,93520
754,85504856210,98800
755,1453665873,52080
756,36506643138,14320
757,33245691455,5360
758,20005758154,209920
759,88736468195,3480
760,81375523076,18080
761,17625197496,2480
762,71848505371,33200
763,51600786113,21280
764,83390278198,19520
765,11567757747,1360
766,38488472394,4560
767,209331801075,104240
768,15362541596,6640
769,1916099215,75360
770,28053384383,3600
771,29346663777,7280
772,76842735979,83680
773,77562597718,121240
774,25581146360,13840
775,9983132801,3200
776,1181386495,60480
777,154071370305,16400
778,20009728863,41040
779,11741037049,8560
780,12830341443,47880
781,3608052587,400
782,57015551370,27840
783,42569554114,28960
784,68240068927,197320
785,6392283143,880
786,69955541545,6840
787,32775958764,31040
788,137018680261,133640
789,18114803018,4880
790,11670237789,2400
791,9348453956,1600
792,37235220341,38280
793,65493899978,32240
794,14048202201,40320
795,182123994346,85400
796,1638257951,52400
797,84970841554,21200
798,30707876916,278080
799,36837541468,9680
800,20005758154,209920
801,32050785144,35520
802,53829221066,171040
803,1240402609,74880
804,69955541545,6840
805,15870396402,3360
806,75330607451,21520
807,7539649488,51440
808,66601516492,154960
809,5333770564,320
810,10911635053,1280
811,23853271916,13040
812,15870396402,3360
813,32057552514,37840
814,35117865222,34160
815,45559667875,22880
816,34538092491,11840
817,32739574605,288080
818,92785103320,89280
819,9221830002,1120
820,30700200760,40400
821,396026254552,22040
822,13953517473,10320
823,56225312944,1080
824,50972251467,25440
825,68437969234,197120
826,60128624529,27360
827,104801026591,6040
828,21772899223,200
829,830047568978,7340
830,45107434734,98560
831,5333770564,320
832,6799206835,1040
833,50340489760,31360
834,19641589584,13280
835,64039606685,35600
836,110136854661,19760
837,158536067781,149560
838,12340652589,1440
839,73383772649,11640
840,10890794218,45120
841,244017792798,8280
842,33667550874,10560
843,33667550874,10560
844,2344215114,53840
845,28777512035,12160
846,49999151057,35920
847,3569748669,45840
848,29346663777,7280
849,28383168956,5840
850,46462314729,32560
851,84098071061,23520
852,67743340351,21840
853,5333770564,320
854,74662945500,24880
855,116060613984,144920
856,17671764981,2800
857,5429857176,45440
858,54420101441,97520
859,7263870366,500000
860,22010234343,300400
861,125832807407,19440
862,15880493699,2640
863,1490971923,49520
864,135563439118,31480
865,192304672105,109240
866,1374358440,80
867,209184634141,20600
868,25762440814,7040
869,29210106841,6880
870,4170304213,57880
871,38998990035,12000
872,129018745801,79440
873,64435192093,26480
874,54971143543,124560
875,9892193006,2000
876,206363489143,17040
877,13046061511,2240
878,37097227729,81520
879,13046061511,2240
880,29288016031,12720
881,5333770564,320
882,6462940049,49720
883,65661361817,79480
884,59099009441,27120
885,60618080877,33760
886,108030236074,3000
887,17638044180,3760
888,2687684012,160
889,1374358440,80
890,179921849138,19640
891,62642425934,21680
892,5446806754,52200
893,17077868903,7920
894,131489996608,165120
895,31744536064,6800
896,19272314234,37040
897,69833173242,213240
898,19248589086,8640
899,17521721748,4720
900,49795945085,19600
901,195116588663,30160
902,15880493699,2640
903,18114803018,4880
904,50043397940,25520
905,21618919613,10640
906,5333770564,320
907,17389026734,8160
908,4163659201,66280
909,84796426163,7480
910,86360545841,176800
911,93396523132,25920
912,22344929187,6400
913,6698588118,45760
914,23856642424,9920
915,178817488908,9080
916,47080146754,14480
917,106005308983,12280
918,9221830002,1120
919,5143708328,1680
920,11824091548,2560
921,2402913857,67360
922,10994443315,10400
923,52637118669,23680
924,167340654706,17600
925,29945835516,4640
926,17671764981,2800
927,43727825588,37120
928,128709829073,159000
929,21610292380,5600
930,21122030042,3680
931,1478167869,70000
932,103045755018,18800
933,525073684882,34600
934,183317206989,1160
935,50277985399,36000
936,49795945085,19600
937,58123010201,15200
938,1374358440,80
939,93995415587,118160
940,7096784244,63280
941,18910982041,2960
942,66940128302,19920
943,84497865570,2120
944,6392283143,880
945,149296714618,120160
946,371149174234,7320
947,97339506540,18880
948,197810532041,116920
949,13536454481,366800
950,10341860339,41520
951,2036741222,56640
952,188905729061,16240
953,185720005700,20520
954,48616889143,23920
955,2600008094,240
956,209859902052,14920
957,111367466716,18320
958,29945835516,4640
959,97339506540,18880
960,97328315078,36560
961,15050577109,1920
962,20168245720,9440
963,15546887796,6560
964,22075897957,6720
965,43874233927,12240
966,96477124176,19360
967,13092241585,7760
968,12454516442,10160
969,5684346990,800
970,20788222625,7520
971,17733400848,8320
972,97916097583,31080
973,14876319705,4080
974,4502982781,49960
975,34538092491,11840
976,26094464918,5520
977,22656554835,11600
978,53727298145,106960
979,90357586502,93520
980,42898884843,520
981,106696020664,15520
982,112198977213,82360
983,51600786113,21280
984,593325482955,23720
985,661639506595,15960
986,41890841992,254640
987,16142556994,5760
988,22854197794,4400
989,938904422,76320
990,3485126875,48480
991,88736468195,3480
992,19272314234,37040
993,51295189316,27040
994,85111117411,206480
995,16142556994,5760
996,15849341372,353920
997,60656071894,32800
998,53920552345,14560
999,80613673293,29120
1000,10911635053,1280
1001,22075897957,6720
1002,2548729868,57120
1003,75560243289,27200
1004,129018745801,79440
1005,132321552297,149200
1006,7579559970,45040
1007,93125344672,95680
1008,257642178669,89000
1009,885394898,52880
1010,179921849138,19640
1011,74984686754,21920
1012,3608052587,400
1013,31183271091,6960
1014,25118102990,6160
1015,21074044089,12480
1016,16087583322,10480
1017,62898897307,21120
1018,15870396402,3360
1019,66940128302,19920
1020,36760673045,13360
1021,18857244689,4160
1022,178830851663,110640
1023,56985563015,13440
1024,162254722868,119680
1025,15478861463,4800
1026,2862076835,53760
1027,29210106841,6880
1028,2278309685,70320
1029,10911635053,1280
1030,77953094991,19200
1031,48802443297,20800
1032,119582033012,39000
1033,2178111532,49440
1034,106793466580,27280
1035,1258488203,69840
1036,38488472394,4560
1037,17521721748,4720
1038,32662672538,8240
1039,11324528495,54600
1040,22075897957,6720
1041,26914551763,3920
1042,83390278198,19520
1043,19272314234,37040
1044,54234970873,16560
1045,19183476914,11680
1046,3925422434,70480
1047,110816695172,30880
1048,7263870366,500000
1049,17638044180,3760
1050,76047284087,28880
1051,61958770793,20240
1052,12576156285,10720
1053,135563439118,31480
1054,19268050737,38080
1055,169220406807,126400
1056,12376659642,1840
1057,31822443469,272960
1058,50972251467,25440
1059,47348102633,15680
1060,508012779788,16360
1061,55836880556,31120
1062,53920552345,14560
1063,97528621856,95520
1064,2687684012,160
1065,7023715921,720
1066,1374358440,80
1067,2278309685,70320
1068,31482218738,5120
1069,12623505456,1760
1070,45834175376,42680
1071,23408140626,3440
1072,60305999704,14960
1073,2687684012,160
1074,20672883414,12560
1075,7263870366,500000
1076,23689211270,7200
1077,107013640379,77960
1078,39754282327,24640
1079,9892193006,2000
1080,9892193006,2000
1081,60409082220,22480
1082,74281384025,104160
1083,26505612170,10240
1084,30805131540,360
1085,304264908407,19480
1086,26882172573,4480
1087,22854197794,4400
1088,32313318503,11520
1089,66729172444,15120
1090,145934380744,21160
1091,28909029183,7120
1092,12340652589,1440
1093,55021698026,20400
1094,15456552623,7840
1095,27310476897,37680
1096,113969841075,13080
1097,25465476609,13120
1098,1755623844,59200
1099,143648985401,3880
1100,22920582078,2720
1101,107534067990,5080
1102,93396523132,25920
1103,15999718356,11920
1104,149569701365,2440
1105,93433311171,9400
1106,12576156285,10720
1107,82924689759,26880
1108,17625197496,2480
1109,35979013909,33280
1110,35333674036,88800
1111,55755921320,23600
1112,335759611572,18280
1113,3768636468,69080
1114,69655242489,25360
1115,5684346990,800
1116,30793914017,13520
1117,353330328658,27480
1118,10435395364,47080
1119,164486971183,127840
1120,2687684012,160
1121,183689615870,106640
1122,50439157857,31440
1123,29210106841,6880
1124,83390278198,19520
1125,23876354012,37360
1126,87771823420,101760
1127,167300549275,9720
1128,12340652589,1440
1129,9047753330,42720
1130,3331713210,60880
1131,31833253865,5200
1132,242868876663,33160
1133,5143708328,1680
1134,102264389131,177280
1135,44738206330,33040
1136,57566942591,94560
1137,1594859271,53920
1138,34874575165,100640
1139,84970841554,21200
1140,2994855941,64000
1141,9892193006,2000
1142,57596705364,20960
1143,3166033849,66640
1144,89020507201,28560
1145,6883893004,52760
1146,96048231591,6200
1147,68983733242,99520
1148,92735953167,200320
1149,70379688911,142280
1150,125832807407,19440
1151,2687684012,160
1152,11567757747,1360
1153,12623505456,1760
1154,23784008333,5280
1155,13046061511,2240
1156,97441079550,25120
1157,13092241585,7760
1158,2582432710,73120
1159,58180382513,20720
1160,15478861463,4800
1161,11824091548,2560
1162,2600008094,240
1163,17186276929,5440
1164,60203587256,84320
1165,72642954732,15360
1166,522994836463,7640
1167,54120570873,28640
1168,15050577109,1920
1169,57596705364,20960
1170,58180382513,20720
1171,20005758154,209920
1172,6392283143,880
1173,278309738343,21960
1174,57015551370,27840
1175,15050577109,1920
1176,18522672847,6000
1177,154243510642,16800
1178,27543148623,44920
1179,78460728199,21040
1180,21696338923,38160
1181,23656910588,3040
1182,13332088199,2080
1183,16976316359,9760
1184,67613338563,29360
1185,48802443297,20800
1186,18114803018,4880
1187,17011420553,8000
1188,7213784899,49320
1189,81821597191,138160
1190,13891355234,1520
1191,61170508641,26720
1192,29210106841,6880
1193,20682211119,3280
1194,4113808991,74080
1195,15880493699,2640
1196,18114803018,4880
1197,62044629116,16320
1198,10994443315,10400
1199,2077347150,66320
1200,24424102909,7680
1201,4701479877,49760
1202,72642954732,15360
1203,4336136966,56960
1204,46152821379,15440
1205,23784008333,5280
1206,106383641062,1480
1207,22656554835,11600
1208,13332088199,2080
1209,13891355234,1520
1210,58123010201,15200
1211,34722111340,7440
1212,64594251644,27920
1213,12340652589,1440
1214,1508459231,75440
1215,12384318263,2880
1216,12576156285,10720
1217,1207801791,65920
1218,78190301708,840
1219,17011420553,8000
1220,53873275287,22240
1221,52494005405,32000
1222,130455934192,11240
1223,156700416195,4520
1224,15362541596,6640
1225,9495136607,40240
1226,49508725386,8520
1227,23689211270,7200
1228,87041306113,183440
1229,77545983162,203520
1230,96477124176,19360
1231,86735777568,175400
1232,2561597873,53880
1233,85677631939,7400
1234,21122030042,3680
1235,6202102830,480
1236,47757062989,262000
1237,126649546373,17360
1238,136132896223,18960
1239,222733969288,94480
1240,11670237789,2400
1241,28053384383,3600
1242,1316202886,57760
1243,11951841178,9280
1244,2251660248,68400
1245,135610907787,30640
1246,9350411589,1200
1247,3824026617,46080
1248,108776465041,28720
1249,191261024958,87200
1250,3113124582,59040
1251,9892193006,2000
1252,17671764981,2800
1253,30793914017,13520
1254,143648985401,3880
1255,115501695900,17680
1256,102166884075,97360
1257,74143041929,194240
1258,56559231264,40640
1259,54145510118,24960
1260,1165137150,70640
1261,1177022982,69520
1262,113701252655,24280
1263,1374358440,80
1264,32662672538,8240
1265,8327828583,40000
1266,64456928447,10760
1267,86483846685,120240
1268,18857244689,4160
1269,99837649673,186520
1270,1616852541,54720
1271,3824026617,46080
1272,13046061511,2240
1273,104171338035,3400
1274,97054656469,8680
1275,30793914017,13520
1276,124632969111,22200
1277,2124445948,66400
1278,16976316359,9760
1279,110459768160,178760
1280,97339506540,18880
1281,583912434509,18520
1282,42684368427,249600
1283,37103553962,14240
1284,95845389522,15920
1285,16087583322,10480
1286,12623505456,1760
1287,14350982604,2160
1288,60128624529,27360
1289,6194347287,960
1290,48234750446,14160
1291,183453112121,117360
1292,29174547652,13680
1293,6194347287,960
1294,1374358440,80
1295,160890764346,15480
1296,18114803018,4880
1297,13332088199,2080
1298,4306313753,44480
1299,730715035538,16600
1300,12340652589,1440
1301,17733400848,8320
1302,38914243620,26000
1303,52700352044,175600
1304,32057552514,37840
1305,6202102830,480
1306,85812512964,22320
1307,81857607350,27440
1308,416364639139,13880
1309,11741037049,8560
1310,187510794307,119840
1311,34909797322,270360
1312,191730649580,17280
1313,90394987618,173360
1314,22344929187,6400
1315,7292823540,45360
1316,87741640820,6280
1317,10911635053,1280
1318,23656910588,3040
1319,47080146754,14480
1320,130455934192,11240
1321,106696020664,15520
1322,13953517473,10320
1323,47080146754,14480
1324,21610292380,5600
1325,67957356893,128960
1326,2830545551,47600
1327,87294599310,203040
1328,29616534813,29760
1329,78090903780,200640
1330,39200715323,14400
1331,5684346990,800
1332,794183105324,17880
1333,15489598358,8480
1334,10156553167,47000
1335,34538092491,11840
1336,6194347287,960
1337,41322889979,99760
1338,11670237789,2400
1339,301023299643,30360
1340,52070185068,234120
1341,20682211119,3280
1342,49036516299,600
1343,19287375973,38640
1344,56554128087,14880
1345,51295189316,27040
1346,2687684012,160
1347,5333770564,320
1348,12105207123,54680
1349,106959384404,38880
1350,5684346990,800
1351,15912070617,9520
1352,17733400848,8320
1353,146473258546,6520
1354,2687684012,160
1355,202220311097,121000
1356,3976238878,70520
1357,27499545600,281360
1358,40060143583,257880
1359,24424102909,7680
1360,70285127954,123760
1361,19144532808,13760
1362,31833253865,5200
1363,13891355234,1520
1364,6202102830,480
1365,79091062060,141760
1366,118102201128,31160
1367,85100399389,206160
1368,2420004136,66440
1369,39200715323,14400
1370,15489598358,8480
1371,85761989581,28800
1372,102933208823,5000
1373,11670237789,2400
1374,185176441367,119920
1375,83748735982,90800
1376,23856642424,9920
1377,103840844106,2200
1378,56985563015,13440
1379,50439157857,31440
1380,46152821379,15440
1381,25118102990,6160
1382,81375523076,18080
1383,10911635053,1280
1384,297698451149,21000
1385,32313318503,11520
1386,2687684012,160
1387,17671764981,2800
1388,42649942002,34720
1389,96090595567,32480
1390,23158988748,12080
1391,16060169283,8080
1392,27916461349,6080
1393,555495115636,25160
1394,56554128087,14880
1395,9221830002,1120
1396,1438237187,73360
1397,29231774598,42640
1398,6855988816,486480
1399,90447799217,135600
1400,50850692429,84640
1401,192253309955,79080
1402,12432461986,8400
1403,108030236074,3000
1404,61889259771,30960
1405,46228550293,31520
1406,12432461986,8400
1407,51601936871,21440
1408,36948731607,36400
1409,2687684012,160
1410,17671764981,2800
1411,33451249985,25840
1412,103309064064,23280
1413,9350411589,1200
1414,11567757747,1360
1415,15489598358,8480
1416,64445866403,161040
1417,5333770564,320
1418,96720420035,8440
1419,54271625832,1880
1420,345488775856,21400
1421,23856642424,9920
1422,2687684012,160
1423,22344929187,6400
1424,28777512035,12160
1425,36941700728,13920
1426,39947890230,6320
1427,167300549275,9720
1428,36004203903,13600
1429,99784557249,4920
1430,5333770564,320
1431,77473715220,213440
1432,12384318263,2880
1433,11824091548,2560
1434,45610307327,440
1435,15880493699,2640
1436,11642005252,560
1437,272675036997,27560
1438,121118772278,26360
1439,167340654706,17600
1440,9983132801,3200
1441,15546887796,6560
1442,74205419552,30840
1443,1322457631,57600
1444,12454516442,10160
1445,1153691481,59120
1446,32375736126,36960
1447,28383168956,5840
1448,54145510118,24960
1449,19473391248,334640
1450,31482218738,5120
1451,1514973004,67520
1452,95845389522,15920
1453,87250808681,16880
1454,81236278677,138960
1455,64023289643,8200
1456,39242663927,43160
1457,1750714313,60160
1458,13046061511,2240
1459,36760673045,13360
1460,23408140626,3440
1461,27200794889,286240
1462,9348453956,1600
1463,6202102830,480
1464,41062466079,172800
1465,89700187257,5240
1466,12384318263,2880
1467,9348453956,1600
1468,58095986012,24400
1469,74629868607,28080
1470,9348453956,1600
1471,96090595567,32480
1472,3193648058,46880
1473,96090595567,32480
1474,18522672847,6000
1475,160180418415,103600
1476,50109757968,15040
1477,54145510118,24960
1478,68600087328,101280
1479,325425367600,18040
1480,40573860630,24240
1481,16946126060,8720
1482,6392283143,880
1483,59099009441,27120
1484,113156882317,101640
1485,4113808991,74080
1486,1374358440,80
1487,46463966933,83520
1488,2188156910,73840
1489,47199251058,20000
1490,93655688834,118480
1491,13604356594,40480
1492,56225312944,1080
1493,53254715072,1800
1494,6085543688,49280
1495,24424102909,7680
1496,12454516442,10160
1497,94335297791,9960
1498,76443837745,98880
1499,23784008333,5280
1500,3608052587,400
1501,40732318937,21360
1502,4486033911,76280
1503,61170508641,26720
1504,28282827998,36160
1505,78190301708,840
1506,391442788834,26920
1507,22075897957,6720
1508,38998990035,12000
1509,303880173386,26840
1510,15546887796,6560
1511,5956614604,45520
1512,179957320382,25480
1513,50043397940,25520
1514,122766651222,165680
1515,28593244908,37600
1516,13678261359,280
1517,24424102909,7680
1518,3600808444,51480
1519,53820665247,7360
1520,56985563015,13440
1521,53977086116,16000
1522,12376659642,1840
1523,31095841385,5040
1524,22075897957,6720
1525,31833253865,5200
1526,29174547652,13680
1527,96477124176,19360
1528,48860343584,193840
1529,64435192093,26480
1530,171980788754,20840
1531,32662672538,8240
1532,9350411589,1200
1533,111367466716,18320
1534,19641589584,13280
1535,15050577109,1920
1536,19873871526,2320
1537,1616852541,54720
1538,207797368182,17960
1539,14876319705,4080
1540,7263870366,500000
1541,71837506705,86640
1542,227939123936,16520
1543,72642954732,15360
1544,11567757747,1360
1545,2687684012,160
1546,9658571893,9600
1547,5684346990,800
1548,41454417779,38720
1549,22376593198,10960
1550,3100935134,55960
1551,11670237789,2400
1552,74415030632,2840
1553,360178078852,20200
1554,15880493699,2640
1555,13332088199,2080
1556,43983928964,32640
1557,7023715921,720
1558,3608052587,400
1559,98840128406,1560
1560,108333426681,2920
1561,2687684012,160
1562,13722344770,41360
1563,113969841075,13080
1564,5333770564,320
1565,4812694721,44000
1566,53873275287,22240
1567,18081356074,11440
1568,63968323880,22800
1569,168681638977,137720
1570,12454516442,10160
1571,156141544481,12520
1572,15050577109,1920
1573,15546887796,6560
1574,9221830002,1120
1575,11567757747,1360
1576,123747373587,18400
1577,58095986012,24400
1578,663071433793,18760
1579,21772899223,200
1580,67251737867,39240
1581,12432461986,8400
1582,80921207507,41880
1583,15362541596,6640
1584,23669933410,4320
1585,3985773631,73680
1586,1526031526,56240
1587,1054282203,68480
1588,46233938156,14080
1589,1805161817,66560
1590,224044973574,29640
1591,5684346990,800
1592,10994443315,10400
1593,5143708328,1680
1594,68672378117,34000
1595,135161566275,34920
1596,16060169283,8080
1597,13891355234,1520
1598,520579813792,27160
1599,11741037049,8560
1600,66183559712,143000
1601,9348453956,1600
1602,36506643138,14320
1603,21509414556,9040
1604,22344929187,6400
1605,11188406356,41640
1606,3608052587,400
1607,2269613922,51120
1608,10994443315,10400
1609,27224553891,38800
1610,9348453956,1600
1611,9123829465,62640
1612,14578863196,12320
1613,22854197794,4400
1614,56448794168,43960
1615,5684346990,800
1616,12384318263,2880
1617,29174547652,13680
1618,87741640820,6280
1619,1374358440,80
1620,19873871526,2320
1621,206363489143,17040
1622,29210106841,6880
1623,14381573708,52040
1624,7514575350,488600
1625,108600685428,31760
1626,33667550874,10560
1627,1910149740,75680
1628,34289033548,39200
1629,48336562771,125280
1630,9348453956,1600
1631,18857244689,4160
1632,330282230461,16440
1633,171637931946,3720
1634,75140339061,35640
1635,51509791655,2040
1636,9350411589,1200
1637,461662889894,18120
1638,50695201888,110400
1639,31183271091,6960
1640,34538092491,11840
1641,108030236074,3000
1642,74629868607,28080
1643,13092241585,7760
1644,122241683659,5320
1645,132712673333,139520
1646,26465861661,35040
1647,20788222625,7520
1648,1277264059,55120
1649,40732318937,21360
1650,50972251467,25440
1651,23082724763,85280
1652,22075897957,6720
1653,19873871526,2320
1654,19248589086,8640
1655,146634028475,16160
1656,6202102830,480
1657,25762440814,7040
1658,16060169283,8080
1659,2687684012,160
1660,188981627937,17520
1661,15870396402,3360
1662,57596705364,20960
1663,12576156285,10720
1664,85072392230,14800
1665,27165561015,43640
1666,2687684012,160
1667,54983820826,77840
1668,32662672538,8240
1669,81375523076,18080
1670,84970841554,21200
1671,34535377619,12960
1672,104720380714,18480
1673,22920582078,2720
1674,1281115122,62400
1675,32775958764,31040
1676,50830437738,108880
1677,63968323880,22800
1678,104638991117,160720
1679,12384318263,2880
1680,13332088199,2080
1681,85714345197,17760
1682,2687684012,160
1683,108868981123,10440
1684,26094464918,5520
1685,7023715921,720
1686,2687684012,160
1687,3485126875,48480
1688,17521721748,4720
1689,28880043248,275280
1690,21618919613,10640
1691,6799206835,1040
1692,2600008094,240
1693,86341915224,81440
1694,19100052299,36880
1695,1805161817,66560
1696,12432461986,8400
1697,46233938156,14080
1698,54234970873,16560
1699,28402204871,33520
1700,111715843386,15840
1701,422765656897,34840
1702,11951841178,9280
1703,1374358440,80
1704,2891100963,67920
1705,14048202201,40320
1706,88679277807,123600
1707,7023715921,720
1708,10911635053,1280
1709,15776737500,4000
1710,7023715921,720
1711,5684346990,800
1712,23689211270,7200
1713,30071437553,32160
1714,9350411589,1200
1715,25013359587,11280
1716,17521721748,4720
1717,296632992156,17080
1718,11741037049,8560
1719,1727515320,62240
1720,2600008094,240
1721,19986639189,7600
1722,16142556994,5760
1723,2066529857,72960
1724,118188915198,12600
1725,82866602445,16640
1726,55021698026,20400
1727,99445571211,85560
1728,12623505456,1760
1729,49508725386,8520
1730,3915027581,73760
1731,60618080877,33760
1732,98692034855,33400
1733,29638694208,38600
1734,26094464918,5520
1735,6883893004,52760
1736,183317206989,1160
1737,30700200760,40400
1738,119139398770,25200
1739,14876319705,4080
1740,38488472394,4560
1741,102933208823,5000
1742,5143708328,1680
1743,48077472984,37440
1744,3151941848,65000
1745,53165155438,22400
1746,34722111340,7440
1747,14073056770,40720
1748,51509791655,2040
1749,58116159615,23440
1750,30071437553,32160
1751,84796426163,7480
1752,103936410656,760
1753,63452360199,225040
1754,11567757747,1360
1755,139662553515,156680
1756,22699484924,8800
1757,23875429670,3520
1758,38488472394,4560
1759,102899676983,27760
1760,2219288718,50320
1761,17625197496,2480
1762,6202102830,480
1763,3608052587,400
1764,2199531279,61760
1765,14878979296,4960
1766,1374358440,80
1767,5143708328,1680
1768,3747746678,47040
1769,130956690778,30320
1770,17671764981,2800
1771,19182190063,270160
1772,79262880472,5640
1773,1557940877,75920
1774,60203587256,84320
1775,30606949963,6480
1776,2102530685,54400
1777,31095841385,5040
1778,3095829856,49200
1779,4360014427,52240
1780,23689211270,7200
1781,28704931708,120
1782,12432461986,8400
1783,9181193253,42000
1784,17625197496,2480
1785,46152821379,15440
1786,16060169283,8080
1787,9983132801,3200
1788,13608026520,11120
1789,21520625332,12880
1790,1374358440,80
1791,36223920257,29280
1792,123747373587,18400
1793,22920582078,2720
1794,61958770793,20240
1795,37103553962,14240
1796,17638044180,3760
1797,69655242489,25360
1798,303618006125,19800
1799,20431947730,10880
1800,37103553962,14240
1801,48252875393,169080
1802,139317380285,5960
1803,10101681126,402720
1804,12376659642,1840
1805,366270702428,15800
1806,18114803018,4880
1807,5684346990,800
1808,5684346990,800
1809,2585577884,73440
1810,39754282327,24640
1811,2462783280,62320
1812,168850377967,25560
1813,26914551763,3920
1814,95887941524,17200
1815,3311082131,48400
1816,108773318569,19040
1817,33151173146,202800
1818,9892193006,2000
1819,209184634141,20600
1820,16706492151,8880
1821,26882172573,4480
1822,13272425141,41200
1823,77994548502,76560
1824,18910982041,2960
1825,29945835516,4640
1826,19738763180,9120
1827,9660640502,640
1828,18522672847,6000
1829,5143708328,1680
1830,30071437553,32160
1831,98546872417,93840
1832,12340652589,1440
1833,16060169283,8080
1834,5143708328,1680
1835,22656554835,11600
1836,45977631049,169000
1837,455797709469,17240
1838,2600008094,240
1839,6799206835,1040
1840,29945835516,4640
1841,188559200793,108000
1842,2063671238,60960
1843,26505612170,10240
1844,100852623181,87920
1845,93363555570,26080
1846,8131554315,64560
1847,3608052587,400
1848,22854197794,4400
1849,75360346624,920
1850,22656554835,11600
1851,3747746678,47040
1852,26882172573,4480
1853,146634028475,16160
1854,92947602945,186480
1855,6202102830,480
1856,144595185185,22720
1857,27320739252,11360
1858,12454516442,10160
1859,87794368921,10840
1860,51295189316,27040
1861,13046061511,2240
1862,79262880472,5640
1863,33245691455,5360
1864,2687684012,160
1865,58131531355,20640
1866,206363489143,17040
1867,17011420553,8000
1868,155699828081,29880
1869,148512722872,16720
1870,79068971386,36800
1871,74165887472,112560
1872,11741037049,8560
1873,18857244689,4160
1874,54589195574,238960
1875,13046061511,2240
1876,62642425934,21680
1877,58116159615,23440
1878,12340652589,1440
1879,18114803018,4880
1880,11670237789,2400
1881,147114700668,23840
1882,12376659642,1840
1883,23875429670,3520
1884,1374358440,80
1885,5333770564,320
1886,21509414556,9040
1887,105041362756,6120
1888,62642425934,21680
1889,77342834824,145040
1890,9348453956,1600
1891,15870396402,3360
1892,263277100995,83200
1893,15912070617,9520
1894,5333770564,320
1895,21122030042,3680
1896,39947890230,6320
1897,167340654706,17600
1898,17521721748,4720
1899,17186276929,5440
1900,126402230925,78840
1901,96055590323,183520
1902,36394158528,162400
1903,6392283143,880
1904,23856642424,9920
1905,80043992269,79680
1906,63774673835,12920
1907,963002444,60080
1908,104801026591,6040
1909,121118772278,26360
1910,28777512035,12160
1911,54608383980,26960
1912,19287375973,38640
1913,13678261359,280
1914,9892193006,2000
1915,118102201128,31160
1916,38998990035,12000
1917,26094464918,5520
1918,31744536064,6800
1919,12826818257,40800
1920,106077369914,2360
1921,8812171924,44320
1922,125832807407,19440
1923,20682211119,3280
1924,242868876663,33160
1925,21509414556,9040
1926,28402204871,33520
1927,20788222625,7520
1928,21477425170,43120
1929,9660640502,640
1930,152244080271,1320
1931,75560243289,27200
1932,264800465332,78040
1933,23158988748,12080
1934,19986639189,7600
1935,2079273312,67680
1936,10911635053,1280
1937,11567757747,1360
1938,47348102633,15680
1939,45102242380,259800
1940,9071253257,421040
1941,11951841178,9280
1942,24185268356,10080
1943,23784008333,5280
1944,21122030042,3680
1945,1374358440,80
1946,15912070617,9520
1947,49663236733,32400
1948,15880493699,2640
1949,30251746999,34880
1950,3533735170,51960
1951,49508725386,8520
1952,162046068614,34760
1953,43707823982,4440
1954,6392283143,880
1955,21786499119,48280
1956,31183271091,6960
1957,76458335176,4120
1958,77829774743,28400
1959,208657760347,9480
1960,34722111340,7440
1961,26580021250,39760
1962,15776737500,4000
1963,11567757747,1360
1964,54271625832,1880
1965,13332088199,2080
1966,116952318536,15880
1967,24096684991,11760
1968,1870146759,54560
1969,12432461986,8400
1970,18114803018,4880
1971,60409082220,22480
1972,31482218738,5120
1973,15050577109,1920
1974,5333770564,320
1975,22854197794,4400
1976,11824091548,2560
1977,15880493699,2640
1978,110515070278,33800
1979,60305999704,14960
1980,79247415130,680
1981,23875429670,3520
1982,62168932959,14640
1983,2206993268,54800
1984,71848505371,33200
1985,56225312944,1080
1986,45559667875,22880
1987,38488472394,4560
1988,84287250143,111680
1989,56554128087,14880
1990,19641589584,13280
1991,15050577109,1920
1992,195116588663,30160
1993,58180382513,20720
1994,2687684012,160
1995,4267813559,52800
1996,20682211119,3280
1997,111492808968,102160
1998,85741621290,26400
1999,16068955449,38240
2000,66729172444,15120
2001,12384318263,2880
2002,1642815324,52480
2003,66369290725,96160
2004,2295024691,50800
2005,3608052587,400
2006,9856418914,42400
2007,10911635053,1280
2008,72995186330,120320
2009,74629868607,28080
2010,3329262321,47360
2011,147114700668,23840
2012,85761989581,28800
2013,152244080271,1320
2014,31183271091,6960
2015,23656910588,3040
2016,15456552623,7840
2017,185720005700,20520
2018,21610292380,5600
2019,94696076180,90240
2020,21150045435,5920
2021,57598378170,100240
2022,103309064064,23280
2023,118305046784,3560
2024,38678906625,252640
2025,92627045335,15600
2026,6462940049,49720
2027,5429857176,45440
2028,1134761090,57360
2029,16636224580,8960
2030,2612827461,55600
2031,54271625832,1880
2032,1924537781,52640
2033,35333674036,88800
2034,62852685372,229200
2035,15880493699,2640
2036,82866602445,16640
2037,21520625332,12880
2038,48077472984,37440
2039,2558362570,67280
2040,60156757195,28160
2041,1490971923,49520
2042,183671807280,90280
2043,13332088199,2080
2044,21150045435,5920
2045,38914243620,26000
2046,9892193006,2000
2047,38914243620,26000
2048,97339506540,18880
2049,2013400870,57280
2050,12384318263,2880
2051,14876319705,4080
2052,18522672847,6000
2053,17638044180,3760
2054,15598293981,358800
2055,12340652589,1440
2056,14876319705,4080
2057,90204621906,42600
2058,227239134807,27400
2059,261425728902,78400
2060,14073056770,40720
2061,74629868607,28080
2062,15362541596,6640
2063,22699484924,8800
2064,18857244689,4160
2065,14350982604,2160
2066,34896110353,3120
2067,27090540895,38000
2068,262081750103,23000
2069,31095841385,5040
2070,2227221699,55200
2071,52036744754,20160
2072,70373621373,20560
2073,93396523132,25920
2074,60656071894,32800
2075,54734937854,100560
2076,60618080877,33760
2077,2687684012,160
2078,3034077786,54880
2079,15456552623,7840
2080,7838364765,46760
2081,62044629116,16320
2082,15880493699,2640
2083,19248589086,8640
2084,113969841075,13080
2085,63141782810,32960
2086,20672883414,12560
2087,254136322485,24120
2088,106005308983,12280
2089,84592639011,33360
2090,88658701999,108400
2091,18917901145,11200
2092,43076668133,37920
2093,21618919613,10640
2094,85072392230,14800
2095,2687684012,160
2096,101333104455,6680
2097,2727747053,59600
2098,21150045435,5920
2099,58205391409,1720
2100,21610292380,5600
2101,71837506705,86640
2102,34538092491,11840
2103,27385179375,39360
2104,49191332981,22160
2105,79272726216,28480
2106,13046061511,2240
2107,12340652589,1440
2108,85714345197,17760
2109,12623505456,1760
2110,54145510118,24960
2111,15795654096,46600
2112,131445983472,161200
2113,19144532808,13760
2114,128954675395,168760
2115,245880895961,93080
2116,33451249985,25840
2117,137498194074,17920
2118,89620029641,122640
2119,14350982604,2160
2120,82690235546,23200
2121,192366836953,29080
2122,2622725560,72320
2123,27916461349,6080
2124,2600008094,240
2125,79038780978,212640
2126,963002444,60080
2127,13332088199,2080
2128,224548289904,94000
2129,58131531355,20640
2130,139482715365,129280
2131,91597860219,93360
2132,94375177751,79520
2133,79272726216,28480
2134,12384318263,2880
2135,107534067990,5080
2136,173523501031,18000
2137,436612328008,16280
2138,39947890230,6320
2139,17625197496,2480
2140,5333770564,320
2141,13396314586,40880
2142,17060941453,41920
2143,34896110353,3120
2144,549156686949,22920
2145,6392283143,880
2146,13046061511,2240
2147,36223920257,29280
2148,101972051207,13320
2149,22656554835,11600
2150,28383168956,5840
2151,17671764981,2800
2152,11824091548,2560
2153,34535377619,12960
2154,1838542350,75120
2155,13678261359,280
2156,48560508497,256160
2157,1963265526,75760
2158,129057320601,12040
2159,7292823540,45360
2160,3608052587,400
2161,4082479741,45920
2162,15912070617,9520
2163,29945835516,4640
2164,2600008094,240
2165,41809171636,30400
2166,31353758719,21600
2167,6799206835,1040
2168,280553003111,19080
2169,18114803018,4880
2170,26094464918,5520
2171,10083363298,42800
2172,34896110353,3120
2173,17625197496,2480
2174,46368039679,93280
2175,5416155427,47120
2176,11567757747,1360
2177,137498194074,17920
2178,167340654706,17600
2179,164572019353,20120
2180,2561597873,53880
2181,152244080271,1320
2182,71479075448,27600
2183,15034772281,42760
2184,13332088199,2080
2185,6202102830,480
2186,241407602817,32280
2187,56209218247,24000
2188,62168932959,14640
2189,126487860856,144960
2190,21974926882,316800
2191,9706856348,413960
2192,9658571893,9600
2193,6392283143,880
2194,6392283143,880
2195,16103834104,44800
2196,885394898,52880
2197,9350411589,1200
2198,172316024801,17440
2199,1638257951,52400
2200,17671764981,2800
2201,59099009441,27120
2202,304264908407,19480
2203,15831651663,40960
2204,126649546373,17360
2205,23875429670,3520
2206,15050577109,1920
2207,167340654706,17600
2208,64544608567,15760
2209,31833253865,5200
2210,25562442906,36320
2211,137498194074,17920
2212,3259205703,63200
2213,1374358440,80
2214,193454133007,77720
2215,15456552623,7840
2216,35263376528,12640
2217,94882451807,197680
2218,79465899127,25600
2219,2620536692,71040
2220,28053384383,3600
2221,173523501031,18000
2222,13678261359,280
2223,37975189103,33600
2224,55021698026,20400
2225,23656910588,3040
2226,1374358440,80
2227,17521721748,4720
2228,18910982041,2960
2229,37975189103,33600
2230,20431947730,10880
2231,64748284853,127440
2232,113144709052,169120
2233,13332088199,2080
2234,273551867291,23800
2235,70965906412,11400
2236,17095927859,6240
2237,18114803018,4880
2238,25465476609,13120
2239,5684346990,800
2240,61958770793,20240
2241,49294780769,77360
2242,30478954715,272160
2243,70373621373,20560
2244,111715843386,15840
2245,242404947750,17120
2246,22344929187,6400
2247,63241875154,30000
2248,20166661638,9840
2249,4306313753,44480
2250,1485652037,76160
2251,11567757747,1360
2252,96506413536,123240
2253,74118056754,203480
2254,22656554835,11600
2255,2687684012,160
2256,682683878183,17480
2257,1334303391,62080
2258,34722111340,7440
2259,2600008094,240
2260,63753660289,25760
2261,25465476609,13120
2262,29346663777,7280
2263,6202102830,480
2264,9092285262,424880
2265,9892193006,2000
2266,13396314586,40880
2267,70373621373,20560
2268,70441000719,207080
2269,56418360815,170560
2270,81230959361,14720
2271,13678261359,280
2272,15776737500,4000
2273,4460888269,46720
2274,47080146754,14480
2275,3867563155,75800
2276,209184634141,20600
2277,85422022929,16960
2278,18062327359,41960
2279,23656910588,3040
2280,69955541545,6840
2281,8777413510,53380
2282,71859836467,90720
2283,97339506540,18880
2284,79522632203,25680
2285,26239742823,47160
2286,72029484384,24800
2287,7023715921,720
2288,33667550874,10560
2289,72029484384,24800
2290,15019316972,10000
2291,5372550099,57160
2292,51870387281,243600
2293,9149951836,43200
2294,25746253687,37520
2295,128830889388,14280
2296,17671764981,2800
2297,22344929187,6400
2298,21914315292,245360
2299,89939377795,29680
2300,145444361098,1960
2301,96477124176,19360
2302,38488472394,4560
2303,18857244689,4160
2304,6194347287,960
2305,11670237789,2400
2306,103045755018,18800
2307,10911635053,1280
2308,19873871526,2320
2309,173523501031,18000
2310,56105991527,237280
2311,77953094991,19200
2312,1165137150,70640
2313,71139012017,22960
2314,1908633520,74960
2315,50109757968,15040
2316,96477124176,19360
2317,72189060951,107600
2318,8327828583,40000
2319,2687684012,160
2320,103309064064,23280
2321,106967899853,19120
2322,11567757747,1360
2323,12623505456,1760
2324,131960900677,18240
2325,181782441899,130560
2326,13651723175,241040
2327,13092241585,7760
2328,40573860630,24240
2329,16976316359,9760
2330,4460888269,46720
2331,50043397940,25520
2332,108600685428,31760
2333,13953517473,10320
2334,36760673045,13360
2335,2687684012,160
2336,24424102909,7680
2337,199403448311,86240
2338,3608052587,400
2339,15776737500,4000
2340,6194347287,960
2341,1153691481,59120
2342,3915027581,73760
2343,41244498984,181800
2344,12384318263,2880
2345,1374358440,80
2346,5401859768,57640
2347,21074044089,12480
2348,17095927859,6240
2349,33667550874,10560
2350,92627045335,15600
2351,27320739252,11360
2352,107664381496,84080
2353,2548729868,57120
2354,118176514388,93640
2355,229427032396,21880
2356,15546887796,6560
2357,117969420303,34360
2358,145254961327,17840
2359,25581146360,13840
2360,446518441134,19720
2361,534849253347,7240
2362,9221830002,1120
2363,55604746942,34640
2364,2600008094,240
2365,2687684012,160
2366,31353758719,21600
2367,1818803978,53520
2368,52036744754,20160
2369,83791688694,114240
2370,135391886085,158680
2371,5684346990,800
2372,2812088862,58720
2373,19738763180,9120
2374,29210106841,6880
2375,26505612170,10240
2376,31482218738,5120
2377,13046061511,2240
2378,172316024801,17440
2379,148512722872,16720
2380,1578917762,61920
2381,209184634141,20600
2382,21216465755,322800
2383,2600008094,240
2384,20672883414,12560
2385,147800684929,35680
2386,2600008094,240
2387,21122030042,3680
2388,15870396402,3360
2389,4915881027,46640
2390,22376593198,10960
2391,18114803018,4880
2392,20829731636,335000
2393,185780387134,30600
2394,35263376528,12640
2395,168495697254,97440
2396,59580338453,129520
2397,1374358440,80
2398,1578917762,61920
2399,7263870366,500000
2400,123159533577,91760
2401,23101733842,9200
2402,27320739252,11360
2403,62898897307,21120
2404,31744536064,6800
2405,17625197496,2480
2406,6158633670,496240
2407,93396523132,25920
2408,603193752131,25320
2409,26580021250,39760
2410,2098145784,72480
2411,90204001157,23360
2412,77953094991,19200
2413,22920582078,2720
2414,12376659642,1840
2415,13046061511,2240
2416,116952318536,15880
2417,25013359587,11280
2418,12623505456,1760
2419,17077868903,7920
2420,28909029183,7120
2421,7023715921,720
2422,13678261359,280
2423,36941700728,13920
2424,116952318536,15880
2425,206013980878,23400
2426,34722111340,7440
2427,51295189316,27040
2428,34535377619,12960
2429,12576156285,10720
2430,23875429670,3520
2431,5143708328,1680
2432,1374358440,80
2433,237579523029,98520
2434,145444361098,1960
2435,2687684012,160
2436,43707823982,4440
2437,17625197496,2480
2438,68876123190,25040
2439,15912070617,9520
2440,583912434509,18520
2441,360178078852,20200
2442,15019316972,10000
2443,55795483880,163600
2444,51601936871,21440
2445,96387062678,112720
2446,11851673519,42480
2447,85714345197,17760
2448,232687157280,102480
2449,10813834721,48440
2450,113967529064,172640
2451,29174547652,13680
2452,17671764981,2800
2453,143725073864,12200
2454,53820665247,7360
2455,5684346990,800
2456,23689211270,7200
2457,34535377619,12960
2458,17186276929,5440
2459,46233938156,14080
2460,83110391246,20880
2461,136120363488,18560
2462,11670237789,2400
2463,5143708328,1680
2464,55901576630,83280
2465,40732318937,21360
2466,9350411589,1200
2467,108279347535,4680
2468,112939029370,7880
2469,18917901145,11200
2470,11670237789,2400
2471,101511014606,167840
2472,32624205233,157360
2473,178817488908,9080
2474,9892193006,2000
2475,278437295123,18600
2476,12340652589,1440
2477,31833253865,5200
2478,16085758222,10800
2479,71139012017,22960
2480,131960900677,18240
2481,37975189103,33600
2482,36539997940,40
2483,64544608567,15760
2484,19248589086,8640
2485,94150635031,164480
2486,69445960739,91840
2487,84098071061,23520
2488,72472396059,26640
2489,2687684012,160
2490,8502113462,70200
2491,13046061511,2240
2492,87250808681,16880
2493,1374358440,80
2494,106992945346,25280
2495,147421137720,129440
2496,23784008333,5280
2497,7023715921,720
2498,2687684012,160
2499,1972664856,69440
2500,13332088199,2080
2501,4004414179,47280
2502,7838364765,46760
2503,20788222625,7520
2504,196093214920,21240
2505,6392283143,880
2506,12066745774,47840
2507,156001233229,132440
2508,60025625758,34320
2509,227239134807,27400
2510,24424102909,7680
2511,15546887796,6560
2512,71220686056,100080
2513,45559667875,22880
2514,1538463551,62480
2515,57598378170,100240
2516,20226788379,42920
2517,29945835516,4640
2518,206280173098,24200
2519,48802443297,20800
2520,1004692509105,22440
2521,35263376528,12640
2522,15489598358,8480
2523,13953517473,10320
2524,526699560382,27000
2525,6202102830,480
2526,12384318263,2880
2527,4946868176,60520
2528,39200715323,14400
2529,3097355024,72920
2530,17671764981,2800
2531,154071370305,16400
2532,94510449040,9000
2533,17110344820,4240
2534,37103553962,14240
2535,3714795603,48240
2536,115265016342,176720
2537,273827183350,13400
2538,9658571893,9600
2539,13678261359,280
2540,5333770564,320
2541,15050577109,1920
2542,7263870366,500000
2543,4504516750,73520
2544,33451249985,25840
2545,45786379588,259120
2546,25407375100,22560
2547,43548505348,20320
2548,1642815324,52480
2549,415725988956,18920
2550,3608052587,400
2551,54120570873,28640
2552,7263870366,500000
2553,57902505113,3640
2554,148599458612,154280
2555,167696256300,113760
2556,23158988748,12080
2557,22344929187,6400
2558,1374358440,80
2559,8538771390,73720
2560,1817342219,67040
2561,19287375973,38640
2562,11670237789,2400
2563,79262880472,5640
2564,92086296268,18720
2565,171980324211,8040
2566,9892193006,2000
2567,9660640502,640
2568,15912070617,9520
2569,85176562887,118640
2570,55021698026,20400
2571,3608052587,400
2572,17110344820,4240
2573,23669933410,4320
2574,47199251058,20000
2575,76253196184,2520
2576,18694290611,41760
2577,1817342219,67040
2578,45610307327,440
2579,125373721239,9240
2580,136132896223,18960
2581,84592639011,33360
2582,43548505348,20320
2583,23856642424,9920
2584,105743409645,10920
2585,46228550293,31520
2586,2683598171,48160
2587,33743468100,281520
2588,83991413919,131360
2589,12384318263,2880
2590,92627045335,15600
2591,72642954732,15360
2592,31183271091,6960
2593,30793914017,13520
2594,9983132801,3200
2595,58027703937,31840
2596,1148016890,69360
2597,9348453956,1600
2598,9658571893,9600
2599,38488472394,4560
2600,58180382513,20720
2601,9660640502,640
2602,23784008333,5280
2603,2858795220,57680
2604,9660640502,640
2605,17011420553,8000
2606,380753008893,26120
2607,108030236074,3000
2608,22075897957,6720
2609,13046061511,2240
2610,50043397940,25520
2611,207797368182,17960
2612,84592639011,33360
2613,105041362756,6120
2614,246000714924,77120
2615,133657978984,21560
2616,13891355234,1520
2617,9892193006,2000
2618,9660640502,640
2619,7263870366,500000
2620,11886231631,45600
2621,2077347150,66320
2622,33245691455,5360
2623,13332088199,2080
2624,40573860630,24240
2625,31482218738,5120
2626,9221830002,1120
2627,15591358874,3840
2628,13396314586,40880
2629,3038825132,75280
2630,24424102909,7680
2631,9660640502,640
2632,193600459578,103760
2633,27320739252,11360
2634,20788222625,7520
2635,46233938156,14080
2636,9221830002,1120
2637,47080146754,14480
2638,13608026520,11120
2639,41809171636,30400
2640,14878979296,4960
2641,208567558584,89320
2642,136132896223,18960
2643,20712513489,9360
2644,142441771055,2280
2645,65746068126,4040
2646,79268813682,95760
2647,145720586297,16480
2648,69779962265,36080
2649,10911635053,1280
2650,32313318503,11520
2651,28053384383,3600
2652,75560243289,27200
2653,34382574567,287880
2654,14578863196,12320
2655,34896110353,3120
2656,1478167869,70000
2657,242404947750,17120
2658,53920552345,14560
2659,304264908407,19480
2660,4252262472,65440
2661,36539997940,40
2662,262507391994,84760
2663,62044629116,16320
2664,27320739252,11360
2665,1501994734,66800
2666,21520625332,12880
2667,39308754848,194640
2668,30265799561,36480
2669,145254961327,17840
2670,4336500208,44560
2671,13046061511,2240
2672,87386008327,85200
2673,11567757747,1360
2674,242868876663,33160
2675,9350411589,1200
2676,59176266335,120960
2677,108279347535,4680
2678,5684346990,800
2679,3608052587,400
2680,34722111340,7440
2681,35998339239,36240
2682,29210106841,6880
2683,74268927898,209120
2684,1374358440,80
2685,64544608567,15760
2686,3608052587,400
2687,150031655226,10200
2688,67174237024,34080
2689,2540128680,46480
2690,11951841178,9280
2691,22854197794,4400
2692,33245691455,5360
2693,9892193006,2000
2694,7023715921,720
2695,22376593198,10960
2696,53254715072,1800
2697,119485197197,144320
2698,167300549275,9720
2699,9983132801,3200
2700,58180382513,20720
2701,146473258546,6520
2702,15478861463,4800
2703,60156757195,28160
2704,10171956551,53640
2705,11642005252,560
2706,5956614604,45520
2707,46302098074,36640
2708,2687684012,160
2709,15999718356,11920
2710,95036586510,26240
2711,16706492151,8880
2712,20431947730,10880
2713,227239134807,27400
2714,81857607350,27440
2715,9350411589,1200
2716,31833253865,5200
2717,152313801668,152360
2718,14350982604,2160
2719,22075897957,6720
2720,1220817852,71120
2721,18694290611,41760
2722,5684346990,800
2723,59099009441,27120
2724,1334303391,62080
2725,60025625758,34320
2726,20682211119,3280
2727,18114803018,4880
2728,1514973004,67520
2729,17110344820,4240
2730,6194347287,960
2731,14878979296,4960
2732,28777512035,12160
2733,21610292380,5600
2734,55836880556,31120
2735,20788222625,7520
2736,133903521036,129120
2737,75560243289,27200
2738,2600008094,240
2739,92544691156,170080
2740,19962406864,320000
2741,73419399790,103200
2742,26914551763,3920
2743,242404947750,17120
2744,17671764981,2800
2745,55021698026,20400
2746,23669933410,4320
2747,7023715921,720
2748,5956614604,45520
2749,79670565464,77040
2750,5143708328,1680
2751,26914551763,3920
2752,1616852541,54720
2753,2600008094,240
2754,118188915198,12600
2755,168830836416,7560
2756,15050577109,1920
2757,88997572699,39720
2758,1708198710,68720
2759,9350411589,1200
2760,76820790896,30080
2761,18114803018,4880
2762,2687684012,160
2763,61856398042,35480
2764,26872247854,230000
2765,205639695984,114160
2766,12471350264,367120
2767,17733400848,8320
2768,132511829431,24080
2769,258854814450,21640
2770,15050577109,1920
2771,169590899994,19320
2772,31183271091,6960
2773,68672378117,34000
2774,18910982041,2960
2775,33245691455,5360
2776,48771542050,28240
2777,5684346990,800
2778,39947890230,6320
2779,53977086116,16000
2780,5333770564,320
2781,6202102830,480
2782,84231481836,126560
2783,76820790896,30080
2784,56173571782,103920
2785,36539997940,40
2786,28053384383,3600
2787,140965054822,18160
2788,27916461349,6080
2789,948634832,72720
2790,3608052587,400
2791,19144532808,13760
2792,143334122416,149880
2793,57596705364,20960
2794,142441771055,2280
2795,2600008094,240
2796,2687684012,160
2797,145747007790,144080
2798,12340652589,1440
2799,55217859528,142800
2800,27090540895,38000
2801,4576742686,54360
2802,5143708328,1680
2803,101187293413,102880
2804,3825270288,69040
2805,12340652589,1440
2806,36004203903,13600
2807,173523501031,18000
2808,9812826787,46560
2809,2233267755,62720
2810,6335530665,51320
2811,17638044180,3760
2812,13332088199,2080
2813,54145510118,24960
2814,15050577109,1920
2815,85714345197,17760
2816,106383641062,1480
2817,169754083711,125360
2818,85714345197,17760
2819,21610292380,5600
2820,28467545219,37280
2821,17638044180,3760
2822,20682211119,3280
2823,14878979296,4960
2824,147506191850,129800
2825,56630523360,1000
2826,256358182784,20280
2827,18857244689,4160
2828,13412167653,42560
2829,19738763180,9120
2830,6202102830,480
2831,38998990035,12000
2832,17521721748,4720
2833,947906886299,24840
2834,48860343584,193840
2835,150021792686,16080
2836,26094464918,5520
2837,2687684012,160
2838,106524574771,10520
2839,29697064265,12400
2840,7023715921,720
2841,61978104974,224120
2842,13953517473,10320
2843,13092241585,7760
2844,1299554102,69280
2845,5684346990,800
2846,53492650581,1240
2847,1384287141,65040
2848,64594251644,27920
2849,16946126060,8720
2850,2828425999,47680
2851,19100052299,36880
2852,36223920257,29280
2853,54234970873,16560
2854,111715843386,15840
2855,64023289643,8200
2856,28383168956,5840
2857,5143708328,1680
2858,2687684012,160
2859,9660640502,640
2860,20788222625,7520
2861,31744536064,6800
2862,29314973658,38320
2863,43509083266,8840
2864,45610307327,440
2865,35998339239,36240
2866,3608052587,400
2867,15870396402,3360
2868,47348102633,15680
2869,67086114945,110080
2870,31482218738,5120
2871,42320824807,35120
2872,34722111340,7440
2873,26882172573,4480
2874,217135401636,106720
2875,49795945085,19600
2876,53165155438,22400
2877,25562442906,36320
2878,25762440814,7040
2879,7350179727,71360
2880,87250808681,16880
2881,1374358440,80
2882,106005308983,12280
2883,40732318937,21360
2884,136132896223,18960
2885,15776737500,4000
2886,85677631939,7400
2887,106904921633,29040
2888,23944376463,233600
2889,55755921320,23600
2890,1374358440,80
2891,142069538494,7160
2892,3608052587,400
2893,6392283143,880
2894,12340652589,1440
2895,45532828697,257360
2896,17383825758,39040
2897,81445134080,101120
2898,885394898,52880
2899,20788222625,7520
2900,35263376528,12640
2901,6392283143,880
2902,1818803978,53520
2903,23784008333,5280
2904,113069912245,9160
2905,125557977341,77880
2906,82690235546,23200
2907,50340489760,31360
2908,2561597873,53880
2909,33451249985,25840
2910,3608052587,400
2911,206084757346,108960
2912,74415030632,2840
2913,21750720054,42960
2914,18522672847,6000
2915,149421743806,11160
2916,30251746999,34880
2917,13678261359,280
2918,193361269374,88160
2919,89939377795,29680
2920,96920063732,38920
2921,21122030042,3680
2922,18114803018,4880
2923,126649546373,17360
2924,130455934192,11240
2925,50109757968,15040
2926,58180382513,20720
2927,3193648058,46880
2928,59099009441,27120
2929,242404947750,17120
2930,304614404710,30280
2931,17011420553,8000
2932,136132896223,18960
2933,12432461986,8400
2934,115519419653,102240
2935,225687790836,87280
2936,1374358440,80
2937,1451869925,56880
2938,67815706672,29200
2939,6202102830,480
2940,649998982732,11860
2941,15776737500,4000
2942,90204001157,23360
2943,1374358440,80
2944,15050577109,1920
2945,64544608567,15760
2946,98457435289,98320
2947,12376659642,1840
2948,25562442906,36320
2949,223759278991,13160
2950,80546942401,11960
2951,15456552623,7840
2952,5143708328,1680
2953,72472396059,26640
2954,9348453956,1600
2955,22699484924,8800
2956,143211156061,5400
2957,176239915204,25400
2958,30071437553,32160
2959,508012779788,16360
2960,23285177754,312760
2961,29210106841,6880
2962,5684346990,800
2963,114042064745,3800
2964,7263870366,500000
2965,191730649580,17280
2966,21509414556,9040
2967,47348102633,15680
2968,2687684012,160
2969,11322340821,41600
2970,87250808681,16880
2971,68876123190,25040
2972,12340652589,1440
2973,1946301886,53600
2974,23408140626,3440
2975,28053384383,3600
2976,140965054822,18160
2977,18910982041,2960
2978,2066529857,72960
2979,49764858157,89360
2980,25118102990,6160
2981,46098432850,14000
2982,1796230552,60800
2983,25407375100,22560
2984,730715035538,16600
2985,15546887796,6560
2986,31744536064,6800
2987,51509791655,2040
2988,3608052587,400
2989,50850692429,84640
2990,15546887796,6560
2991,70965906412,11400
2992,11567757747,1360
2993,125583376979,139320
2994,144595185185,22720
2995,23656910588,3040
2996,23158988748,12080
2997,13037370249,43680
2998,17186276929,5440
2999,74629868607,28080
3000,11959949948,41840
3001,18910982041,2960
3002,18114803018,4880
3003,402324229134,25880
3004,103045755018,18800
3005,126016473060,19680
3006,2687684012,160
3007,108868981123,10440
3008,9181193253,42000
3009,118305046784,3560
3010,56554128087,14880
3011,76047284087,28880
3012,70019872889,106080
3013,59640316295,31280
3014,6799206835,1040
3015,9983132801,3200
3016,25118102990,6160
3017,12576156285,10720
3018,46520056427,35440
3019,36362045738,20480
3020,56615851525,89920
3021,16068955449,38240
3022,34535377619,12960
3023,35263376528,12640
3024,88698883343,107440
3025,87650108680,187640
3026,50637133414,87520
3027,28383168956,5840
3028,71486398660,123040
3029,35803981480,13200
3030,21150045435,5920
3031,314653572169,31560
3032,10994443315,10400
3033,31353758719,21600
3034,866818173419,25720
3035,23689211270,7200
3036,30606949963,6480
3037,1165137150,70640
3038,22376593198,10960
3039,16060169283,8080
3040,64772392400,229160
3041,9892193006,2000
3042,242624795670,14760
3043,12432461986,8400
3044,79426312607,94880
3045,368292612136,25000
3046,7579559970,45040
3047,1578917762,61920
3048,1485652037,76160
3049,11824091548,2560
3050,11642005252,560
3051,58123010201,15200
3052,118011739130,94840
3053,1181386495,60480
3054,29288016031,12720
3055,7263870366,500000
3056,16085758222,10800
3057,3608052587,400
3058,30071437553,32160
3059,885394898,52880
3060,643991925322,17640
3061,6194347287,960
3062,1374358440,80
3063,17011420553,8000
3064,1562661962,67120
3065,74205419552,30840
3066,36539997940,40
3067,94510449040,9000
3068,97916097583,31080
3069,19144532808,13760
3070,45610307327,440
3071,15870396402,3360
3072,17638044180,3760
3073,191730649580,17280
3074,9221830002,1120
3075,130956690778,30320
3076,108333426681,2920
3077,15362541596,6640
3078,20788222625,7520
3079,1213595447,72400
3080,58123010201,15200
3081,21122030042,3680
3082,29288016031,12720
3083,309608409905,27320
3084,147114700668,23840
3085,10911635053,1280
3086,9983132801,3200
3087,92486026602,91680
3088,32375736126,36960
3089,63141782810,32960
3090,13046061511,2240
3091,17638044180,3760
3092,13332088199,2080
3093,125832807407,19440
3094,23689211270,7200
3095,29616534813,29760
3096,9350411589,1200
3097,22344929187,6400
3098,19986639189,7600
3099,18522672847,6000
3100,21772899223,200
3101,15776737500,4000
3102,20682211119,3280
3103,14578863196,12320
3104,20682211119,3280
3105,13891355234,1520
3106,7263870366,500000
3107,13948875703,39520
3108,22344929187,6400
3109,75330607451,21520
3110,6392283143,880
3111,18694290611,41760
3112,32253145536,12800
3113,59983510471,106480
3114,22699484924,8800
3115,69955541545,6840
3116,76458335176,4120
3117,67815706672,29200
3118,126052229295,12440
3119,50043397940,25520
3120,12623505456,1760
3121,33245691455,5360
3122,9892193006,2000
3123,7995029831,47440
3124,4170304213,57880
3125,19986639189,7600
3126,229302851357,25800
3127,221871427030,88200
3128,1374358440,80
3129,28383168956,5840
3130,22920582078,2720
3131,11951841178,9280
3132,152244080271,1320
3133,298034082956,9640
3134,70373621373,20560
3135,12623505456,1760
3136,28053384383,3600
3137,2891100963,67920
3138,54789580858,10600
3139,25581146360,13840
3140,1946301886,53600
3141,29958489473,39440
3142,79262880472,5640
3143,15878553306,39920
3144,13857123772,355520
3145,508012779788,16360
3146,43548505348,20320
3147,6799206835,1040
3148,63141782810,32960
3149,47330199602,29920
3150,17077868903,7920
3151,70036933083,26560
3152,56575094546,105200
3153,1374358440,80
3154,1374358440,80
3155,74806535448,22000
3156,9658571893,9600
3157,224044973574,29640
3158,273827183350,13400
3159,11951841178,9280
3160,26914551763,3920
3161,27224553891,38800
3162,113239906441,173520
3163,90463301786,29840
3164,7263870366,500000
3165,6202102830,480
3166,14048202201,40320
3167,49610347804,142960
3168,43983928964,32640
3169,146634028475,16160
3170,23158988748,12080
3171,17186276929,5440
3172,129745214849,86000
3173,89913013518,180560
3174,17625197496,2480
3175,54145510118,24960
3176,12384318263,2880
3177,183002714122,115120
3178,26094464918,5520
3179,3296732139,44400
3180,103414779731,85360
3181,12623505456,1760
3182,23853271916,13040
3183,14791458062,43360
3184,2600008094,240
3185,43707823982,4440
3186,2168097260,74240
3187,206363489143,17040
3188,12340652589,1440
3189,74415030632,2840
3190,19738763180,9120
3191,25323154906,295040
3192,108624484213,108640
3193,93363085041,90120
3194,93313465110,201160
3195,386019435611,36760
3196,3401793304,55920
3197,36539997940,40
3198,16142556994,5760
3199,23784008333,5280
3200,103045755018,18800
3201,107559963889,28600
3202,19986639189,7600
3203,20166661638,9840
3204,45679333309,44360
3205,28909029183,7120
3206,1374358440,80
3207,9892193006,2000
3208,22075897957,6720
3209,1374358440,80
3210,36004203903,13600
3211,5684346990,800
3212,32149131897,43400
3213,7263870366,500000
3214,24424102909,7680
3215,29697064265,12400
3216,43727825588,37120
3217,65746068126,4040
3218,21122030042,3680
3219,98470835996,194160
3220,164572019353,20120
3221,16636224580,8960
3222,63779660684,30560
3223,11824091548,2560
3224,62044629116,16320
3225,50635113228,89680
3226,28053384383,3600
3227,76443837745,98880
3228,82645869018,2600
3229,2600008094,240
3230,58116159615,23440
3231,9193149156,61720
3232,34538092491,11840
3233,67174237024,34080
3234,17186276929,5440
3235,17095927859,6240
3236,11670237789,2400
3237,48234750446,14160
3238,20788222625,7520
3239,82924689759,26880
3240,82696808458,23040
3241,17186276929,5440
3242,140965054822,18160
3243,115825147420,85040
3244,46152821379,15440
3245,95036586510,26240
3246,5684346990,800
3247,15019316972,10000
3248,6194347287,960
3249,9348453956,1600
3250,9660640502,640
3251,91596769747,2760
3252,9348453956,1600
3253,136774068640,11800
3254,56630523360,1000
3255,27315290181,305520
3256,17095927859,6240
3257,15489598358,8480
3258,79768749040,196560
3259,66729172444,15120
3260,108474992913,21760
3261,56554128087,14880
3262,42320824807,35120
3263,30805131540,360
3264,3768636468,69080
3265,66794076588,32880
3266,9350411589,1200
3267,47199251058,20000
3268,106793466580,27280
3269,46098432850,14000
3270,9658571893,9600
3271,107526161884,97680
3272,3714795603,48240
3273,2971572073,48600
3274,8581557255,62600
3275,48335588157,247760
3276,5684346990,800
3277,9047753330,42720
3278,65746068126,4040
3279,212269669718,98160
3280,2687684012,160
3281,6213816925,46160
3282,5143708328,1680
3283,5684346990,800
3284,143725073864,12200
3285,13046061511,2240
3286,9221830002,1120
3287,17521721748,4720
3288,54849935273,29520
3289,1134761090,57360
3290,162796167330,134560
3291,21074044089,12480
3292,20672883414,12560
3293,43874233927,12240
3294,60305999704,14960
3295,2454188311,74480
3296,20788222625,7520
3297,57729421489,86720
3298,13522123195,46000
3299,185720005700,20520
3300,70093901580,227120
3301,6202102830,480
3302,34896110353,3120
3303,139317380285,5960
3304,2227221699,55200
3305,2417610698,70600
3306,23875429670,3520
3307,3452705888,63680
3308,21520625332,12880
3309,3741252144,54320
3310,41629150757,20080
3311,41629150757,20080
3312,1165137150,70640
3313,25407375100,22560
3314,16103834104,44800
3315,17521721748,4720
3316,13046061511,2240
3317,9348453956,1600
3318,87741640820,6280
3319,15999718356,11920
3320,6392283143,880
3321,161770916945,114320
3322,20168245720,9440
3323,28704931708,120
3324,5416155427,47120
3325,54234970873,16560
3326,12432461986,8400
3327,25407375100,22560
3328,2402913857,67360
3329,76253196184,2520
3330,38998990035,12000
3331,11670237789,2400
3332,3608052587,400
3333,13089134698,41280
3334,143849923998,37080
3335,49663236733,32400
3336,3714795603,48240
3337,102933208823,5000
3338,85422022929,16960
3339,63072465640,99440
3340,44738206330,33040
3341,6392283143,880
3342,1216687922,60240
3343,23669933410,4320
3344,78190301708,840
3345,116083683813,148120
3346,21074044089,12480
3347,114912078943,174080
3348,74415030632,2840
3349,65677929417,32320
3350,12376659642,1840
3351,48252875393,169080
3352,6915909192,43520
3353,10911635053,1280
3354,30793914017,13520
3355,1374358440,80
3356,24434172459,35360
3357,15870396402,3360
3358,34538092491,11840
3359,66940128302,19920
3360,6202102830,480
3361,2687684012,160
3362,23669933410,4320
3363,223831382065,103960
3364,146177561940,134360
3365,87250808681,16880
3366,9348453956,1600
3367,13608026520,11120
3368,48234750446,14160
3369,112974286118,34560
3370,30606949963,6480
3371,195116588663,30160
3372,30606949963,6480
3373,57596705364,20960
3374,3608052587,400
3375,21509414556,9040
3376,13046061511,2240
3377,48234750446,14160
3378,22920582078,2720
3379,1374358440,80
3380,31744536064,6800
3381,23784008333,5280
3382,555495115636,25160
3383,52637118669,23680
3384,6213816925,46160
3385,9658571893,9600
3386,5333770564,320
3387,14578863196,12320
3388,5333770564,320
3389,42988152011,33920
3390,2891100963,67920
3391,2600008094,240
3392,31095841385,5040
3393,13608026520,11120
3394,4812694721,44000
3395,216896725672,107520
3396,11642005252,560
3397,14048202201,40320
3398,171417959423,125320
3399,90611404195,3240
3400,17638044180,3760
3401,15776737500,4000
3402,58116159615,23440
3403,11824091548,2560
3404,18522672847,6000
3405,1134761090,57360
3406,64985759625,30480
3407,1429000173,58880
3408,23408140626,3440
3409,462386284873,12680
3410,6194347287,960
3411,4812694721,44000
3412,21509414556,9040
3413,256358182784,20280
3414,6202102830,480
3415,20788222625,7520
3416,64544608567,15760
3417,233826585956,77400
3418,48771542050,28240
3419,103162419810,82800
3420,23656910588,3040
3421,14350982604,2160
3422,1374358440,80
3423,37935482054,258920
3424,16142556994,5760
3425,23408140626,3440
3426,15050577109,1920
3427,2251660248,68400
3428,31833253865,5200
3429,50109757968,15040
3430,10066307374,52160
3431,190961139944,91440
3432,112068355963,80080
3433,2982699938,54640
3434,19100052299,36880
3435,19248589086,8640
3436,54983820826,77840
3437,5333770564,320
3438,11567757747,1360
3439,50277985399,36000
3440,1384287141,65040
3441,67743340351,21840
3442,7263870366,500000
3443,43983928964,32640
3444,201123958285,93480
3445,1910149740,75680
3446,13604356594,40480
3447,27090540895,38000
3448,175688017862,123280
3449,20682211119,3280
3450,19144532808,13760
3451,28383168956,5840
3452,1642815324,52480
3453,59176266335,120960
3454,26094464918,5520
3455,9348453956,1600
3456,53165155438,22400
3457,15019316972,10000
3458,2687684012,160
3459,8669264736,64200
3460,54608383980,26960
3461,14350982604,2160
3462,135616036603,32520
3463,104171338035,3400
3464,19248589086,8640
3465,1501994734,66800
3466,4732655347,68880
3467,17625197496,2480
3468,20682211119,3280
3469,58779812811,97200
3470,251114075158,90640
3471,50109757968,15040
3472,27916461349,6080
3473,121441850839,31920
3474,71479075448,27600
3475,2687684012,160
3476,15870396402,3360
3477,57207402886,1640
3478,296632992156,17080
3479,36760673045,13360
3480,81821597191,138160
3481,179752856260,118760
3482,66794076588,32880
3483,23669933410,4320
3484,13608026520,11120
3485,2600008094,240
3486,2687684012,160
3487,94375177751,79520
3488,4091578076,71800
3489,2600008094,240
3490,16142556994,5760
3491,74662945500,24880
3492,16976316359,9760
3493,16087583322,10480
3494,96477124176,19360
3495,17638044180,3760
3496,22376593198,10960
3497,9892193006,2000
3498,7747223392,42160
3499,20431947730,10880
3500,59754830049,211720
3501,36760673045,13360
3502,77953094991,19200
3503,22699484924,8800
3504,63735055424,150320
3505,8576189119,50920
3506,30793914017,13520
3507,1374358440,80
3508,16706492151,8880
3509,2971572073,48600
3510,9047753330,42720
3511,38326587628,178000
3512,2233267755,62720
3513,58779812811,97200
3514,77829774743,28400
3515,12576156285,10720
3516,18522672847,6000
3517,393680428458,17320
3518,16142556994,5760
3519,50637133414,87520
3520,18910982041,2960
3521,15019316972,10000
3522,1177022982,69520
3523,60156757195,28160
3524,15591358874,3840
3525,202521655641,30520
3526,11670237789,2400
3527,29616534813,29760
3528,53920552345,14560
3529,102219670361,157440
3530,106696020664,15520
3531,29174547652,13680
3532,53004975054,163120
3533,179957320382,25480
3534,1374358440,80
3535,61929371189,41160
3536,102899676983,27760
3537,1374358440,80
3538,227939123936,16520
3539,23856642424,9920
3540,168830836416,7560
3541,13948875703,39520
3542,15456552623,7840
3543,5333770564,320
3544,21520625332,12880
3545,11741037049,8560
3546,59843078367,28000
3547,15732898019,43840
3548,12340652589,1440
3549,2683598171,48160
3550,54234970873,16560
3551,1374358440,80
3552,74984686754,21920
3553,12623505456,1760
3554,43548505348,20320
3555,29697064265,12400
3556,43874233927,12240
3557,53977086116,16000
3558,54648839383,26320
3559,1153691481,59120
3560,36362045738,20480
3561,180146520602,4360
3562,105597252794,101880
3563,3311082131,48400
3564,24185268356,10080
3565,126016473060,19680
3566,27320739252,11360
3567,26505612170,10240
3568,23784008333,5280
3569,41809171636,30400
3570,85422022929,16960
3571,7263870366,500000
3572,63241875154,30000
3573,1149002711,72800
3574,9660640502,640
3575,14002326039,42080
3576,4163659201,66280
3577,2600008094,240
3578,104720380714,18480
3579,32662672538,8240
3580,17671764981,2800
3581,107690125100,27520
3582,94760932279,32720
3583,9348453956,1600
3584,1638257951,52400
3585,49795945085,19600
3586,6895873007,43040
3587,96506413536,123240
3588,7263870366,500000
3589,57608209812,24320
3590,72642954732,15360
3591,21610292380,5600
3592,106524574771,10520
3593,88317833156,38760
3594,3533735170,51960
3595,1987200067,63360
3596,70965906412,11400
3597,7263870366,500000
3598,28704931708,120
3599,244017792798,8280
3600,15456552623,7840
3601,81277911580,11080
3602,730715035538,16600
3603,29945835516,4640
3604,38794813980,45800
3605,6799206835,1040
3606,2687684012,160
3607,41809171636,30400
3608,72029484384,24800
3609,53825421336,41080
3610,11175622903,54280
3611,2687684012,160
3612,279418614314,27640
3613,15050577109,1920
3614,3676192465,66720
3615,8509978179,62360
3616,217582975483,15720
3617,153238326960,125560
3618,12623505456,1760
3619,3690992210,51760
3620,3824026617,46080
3621,6392283143,880
3622,17186276929,5440
3623,4252262472,65440
3624,88304205091,36280
3625,63774673835,12920
3626,15489598358,8480
3627,23856642424,9920
3628,143849923998,37080
3629,11824091548,2560
3630,3972427498,67440
3631,74281384025,104160
3632,25581146360,13840
3633,54648839383,26320
3634,18114803018,4880
3635,21520625332,12880
3636,33667550874,10560
3637,2600008094,240
3638,36223920257,29280
3639,11567757747,1360
3640,6202102830,480
3641,1374358440,80
3642,1374358440,80
3643,9892193006,2000
3644,21122030042,3680
3645,21150045435,5920
3646,12454516442,10160
3647,23853271916,13040
3648,40602588505,253360
3649,176106673319,106000
3650,66729172444,15120
3651,63428298910,32080
3652,22854197794,4400
3653,108474992913,21760
3654,2687684012,160
3655,4141999745,67200
3656,134234693613,22640
3657,3113124582,59040
3658,19641589584,13280
3659,1374358440,80
3660,18910982041,2960
3661,36539997940,40
3662,6799206835,1040
3663,5333770564,320
3664,1374358440,80
3665,1374358440,80
3666,9658571893,9600
3667,5333770564,320
3668,14578863196,12320
3669,69913120991,99840
3670,20009728863,41040
3671,11824091548,2560
3672,2361975159,49040
3673,9348453956,1600
3674,9348453956,1600
3675,6085543688,49280
3676,54271625832,1880
3677,20539676325,336480
3678,71848505371,33200
3679,7263870366,500000
3680,57596705364,20960
3681,12623505456,1760
3682,5333770564,320
3683,232807330338,84960
3684,103045755018,18800
3685,19641589584,13280
3686,11824091548,2560
3687,23158988748,12080
3688,1038746415,56080
3689,16706492151,8880
3690,9350411589,1200
3691,66940128302,19920
3692,49036516299,600
3693,21122030042,3680
3694,82696808458,23040
3695,5333770564,320
3696,54608383980,26960
3697,27750055303,35760
3698,147114700668,23840
3699,17625197496,2480
3700,1374358440,80
3701,22854197794,4400
3702,49953875815,109920
3703,17625197496,2480
3704,17625197496,2480
3705,107559963889,28600
3706,535158422445,21800
3707,3500727309,56480
3708,5333770564,320
3709,493941771625,35160
3710,212279507106,84520
3711,31183271091,6960
3712,31744536064,6800
3713,42898884843,520
3714,11609447743,42880
3715,23876354012,37360
3716,28593244908,37600
3717,17625197496,2480
3718,16087583322,10480
3719,231505474275,18840
3720,22920582078,2720
3721,11670237789,2400
3722,47516385227,26800
3723,28593244908,37600
3724,3401793304,55920
3725,1374358440,80
3726,21520625332,12880
3727,28467545219,37280
3728,54234970873,16560
3729,15050577109,1920
3730,4812694721,44000
3731,22854197794,4400
3732,54847395961,36040
3733,41809171636,30400
3734,217809168666,83600
3735,35803981480,13200
3736,46228550293,31520
3737,173523501031,18000
3738,25581146360,13840
3739,9892193006,2000
3740,16636224580,8960
3741,46463966933,83520
3742,28909029183,7120
3743,53873275287,22240
3744,1240402609,74880
3745,197355742211,86280
3746,40573860630,24240
3747,49764858157,89360
3748,29697064265,12400
3749,8569319985,73280
3750,140965054822,18160
3751,74415030632,2840
3752,7023715921,720
3753,9221830002,1120
3754,1818803978,53520
3755,84497865570,2120
3756,304264908407,19480
3757,3608052587,400
3758,28777512035,12160
3759,91596769747,2760
3760,2687684012,160
3761,46015745135,136160
3762,43983928964,32640
3763,6202102830,480
3764,15050577109,1920
3765,13891355234,1520
3766,6392283143,880
3767,31482218738,5120
3768,28704931708,120
3769,146830854506,19280
3770,1374358440,80
3771,14350982604,2160
3772,177359136301,124800
3773,36362045738,20480
3774,7023715921,720
3775,3329262321,47360
3776,948634832,72720
3777,67613338563,29360
3778,38488472394,4560
3779,21610292380,5600
3780,2199531279,61760
3781,1374358440,80
3782,64456928447,10760
3783,22075897957,6720
3784,11642005252,560
3785,66836593710,29600
3786,12623505456,1760
3787,6202102830,480
3788,17733400848,8320
3789,16085758222,10800
3790,17521721748,4720
3791,43727825588,37120
3792,22075897957,6720
3793,2098145784,72480
3794,11670237789,2400
3795,106696020664,15520
3796,31095841385,5040
3797,9892193006,2000
3798,207797368182,17960
3799,94510449040,9000
3800,31095841385,5040
3801,15591358874,3840
3802,113701252655,24280
3803,2600008094,240
3804,21074044089,12480
3805,25724751495,45720
3806,84497865570,2120
3807,15478861463,4800
3808,2683598171,48160
3809,36325479746,184480
3810,53820665247,7360
3811,1374358440,80
3812,89700187257,5240
3813,223185951240,77160
3814,26094464918,5520
3815,219317788870,21080
3816,84569617886,37240
3817,4701479877,49760
3818,44801448186,24160
3819,129353598564,25960
3820,13089134698,41280
3821,47567243514,253600
3822,39754282327,24640
3823,26094464918,5520
3824,7263870366,500000
3825,5333770564,320
3826,15456552623,7840
3827,14578863196,12320
3828,31744536064,6800
3829,31833253865,5200
3830,24951278120,309040
3831,62168932959,14640
3832,113069912245,9160
3833,125902787354,86400
3834,1374358440,80
3835,17625197496,2480
3836,39947890230,6320
3837,1469248008,63040
3838,1661698303,63120
3839,25013359587,11280
3840,4812694721,44000
3841,92086296268,18720
3842,2858795220,57680
3843,84497865570,2120
3844,2862076835,53760
3845,52036744754,20160
3846,18114803018,4880
3847,6202102830,480
3848,16060169283,8080
3849,54236165946,232560
3850,84497865570,2120
3851,1374358440,80
3852,1932090994,70560
3853,66940128302,19920
3854,5333770564,320
3855,60656071894,32800
3856,96037404846,96800
3857,1374358440,80
3858,57608209812,24320
3859,2540128680,46480
3860,1916099215,75360
3861,132511829431,24080
3862,103859355991,184040
3863,53820665247,7360
3864,7119752792,45200
3865,13332088199,2080
3866,3711217356,49680
3867,107690125100,27520
3868,45834175376,42680
3869,65620446843,80320
3870,1374358440,80
3871,42898884843,520
3872,57557532865,83360
3873,27501483945,43240
3874,44801448186,24160
3875,83110391246,20880
3876,5143708328,1680
3877,6202102830,480
3878,19873871526,2320
3879,121441850839,31920
3880,16359497198,41120
3881,21074044089,12480
3882,49191332981,22160
3883,56225312944,1080
3884,13953517473,10320
3885,85812512964,22320
3886,94510449040,9000
3887,26882172573,4480
3888,188981627937,17520
3889,242404947750,17120
3890,2600008094,240
3891,53873275287,22240
3892,192366836953,29080
3893,13332088199,2080
3894,6202102830,480
3895,63753660289,25760
3896,89700187257,5240
3897,34722111340,7440
3898,97916097583,31080
3899,80040701404,183680
3900,2687684012,160
3901,37103553962,14240
3902,88736468195,3480
3903,48771542050,28240
3904,48574112765,24480
3905,107013640379,77960
3906,7579559970,45040
3907,48519778259,253760
3908,236011022839,77920
3909,2428798330,54480
3910,9892193006,2000
3911,58123010201,15200
3912,1517481641,61600
3913,16142556994,5760
3914,20788222625,7520
3915,180606974131,119120
3916,6202102830,480
3917,15870396402,3360
3918,1374358440,80
3919,3101801933,54240
3920,52993250630,6360
3921,22854197794,4400
3922,19496868508,42520
3923,63968323880,22800
3924,14876319705,4080
3925,23875429670,3520
3926,6194347287,960
3927,206280173098,24200
3928,6194347287,960
3929,20166661638,9840
3930,57902505113,3640
3931,218626732473,14360
3932,75360346624,920
3933,69607552324,136360
3934,24424102909,7680
3935,2823911324,56320
3936,22376593198,10960
3937,15880493699,2640
3938,48159957472,251720
3939,32253145536,12800
3940,38118628495,256640
3941,2399899865,71840
3942,11670237789,2400
3943,1584134022,69120
3944,5684346990,800
3945,17011420553,8000
3946,8327828583,40000
3947,2600008094,240
3948,17625197496,2480
3949,2197395360,60000
3950,9348453956,1600
3951,96048231591,6200
3952,102899676983,27760
3953,92818330729,124640
3954,57863690694,3160
3955,5429857176,45440
3956,54271625832,1880
3957,17389026734,8160
3958,17389026734,8160
3959,11851673519,42480
3960,7291502400,71320
3961,90204001157,23360
3962,56630523360,1000
3963,23856642424,9920
3964,4050878460,60840
3965,13046061511,2240
3966,16636224580,8960
3967,10994443315,10400
3968,34896110353,3120
3969,1316202886,57760
3970,5894921198,47200
3971,9660640502,640
3972,12376659642,1840
3973,12340652589,1440
3974,16946126060,8720
3975,136132896223,18960
3976,175706682953,88000
3977,15362541596,6640
3978,15912070617,9520
3979,76501364623,8120
3980,1374358440,80
3981,13092241585,7760
3982,1374358440,80
3983,95373339295,33440
3984,145254961327,17840
3985,14878979296,4960
3986,11642005252,560
3987,37235220341,38280
3988,57902505113,3640
3989,2243941891,62800
3990,9221830002,1120
3991,19334631611,5680
3992,25762440814,7040
3993,17625197496,2480
3994,30793914017,13520
3995,1748222344,61280
3996,7263870366,500000
3997,72029484384,24800
3998,52993250630,6360
3999,103840844106,2200
4000,19738763180,9120
4001,14350982604,2160
4002,2600008094,240
4003,23187140610,323760
4004,9289784131,437680
4005,43548505348,20320
4006,36539997940,40
4007,26882172573,4480
4008,36506643138,14320
4009,13891355234,1520
4010,70830356772,192640
4011,12623505456,1760
4012,52036744754,20160
4013,90376657141,3320
4014,57015551370,27840
4015,9348453956,1600
4016,6392283143,880
4017,81857607350,27440
4018,3711217356,49680
4019,80791577806,31600
4020,24185268356,10080
4021,57675168343,36720
4022,76047284087,28880
4023,11951841178,9280
4024,51600786113,21280
4025,91109372702,27680
4026,11824091548,2560
4027,6202102830,480
4028,5333770564,320
4029,472514243393,19880
4030,12384318263,2880
4031,22075897957,6720
4032,83110391246,20880
4033,5684346990,800
4034,37975189103,33600
4035,29346663777,7280
4036,1635480655,58560
4037,15456552623,7840
4038,52036744754,20160
4039,19986639189,7600
4040,13678261359,280
4041,211517359975,78200
4042,16142556994,5760
4043,106793466580,27280
4044,6392283143,880
4045,176929966237,137640
4046,33451249985,25840
4047,23853271916,13040
4048,11824091548,2560
4049,22854197794,4400
4050,16706492151,8880
4051,59640316295,31280
4052,69714077715,194880
4053,2600008094,240
4054,20168245720,9440
4055,3608052587,400
4056,113969841075,13080
4057,40573860630,24240
4058,5143708328,1680
4059,17625197496,2480
4060,29023740645,44720
4061,57729421489,86720
4062,103045755018,18800
4063,26914551763,3920
4064,87250808681,16880
4065,237366832804,93880
4066,5684346990,800
4067,15478861463,4800
4068,60023203699,35200
4069,13046061511,2240
4070,78190301708,840
4071,254136322485,24120
4072,15478861463,4800
4073,112939029370,7880
4074,49795945085,19600
4075,16706492151,8880
4076,47348102633,15680
4077,50439157857,31440
4078,37097227729,81520
4079,5333770564,320
4080,9660640502,640
4081,14350982604,2160
4082,2277571415,75720
4083,17625197496,2480
4084,4308637718,61400
4085,210976959735,108040
4086,62834166430,106880
4087,7263870366,500000
4088,18910982041,2960
4089,66369290725,96160
4090,7263870366,500000
4091,56225312944,1080
4092,6392283143,880
4093,25581146360,13840
4094,117969420303,34360
4095,55021698026,20400
4096,56914899819,170240
4097,88308477693,28320
4098,36941700728,13920
4099,9348453956,1600
4100,37097227729,81520
4101,90376657141,3320
4102,49294780769,77360
4103,91757201123,101200
4104,23408140626,3440
4105,32253145536,12800
4106,124996256890,40440
4107,72029484384,24800
4108,102899676983,27760
4109,19873871526,2320
4110,9495136607,40240
4111,17389026734,8160
4112,4896514668,61800
4113,246898775086,83800
4114,23876354012,37360
4115,30304804180,270800
4116,15878553306,39920
4117,16060169283,8080
4118,125971596261,170960
4119,40573860630,24240
4120,26914551763,3920
4121,44801448186,24160
4122,53254715072,1800
4123,30265799561,36480
4124,6799206835,1040
4125,89036180687,177880
4126,9892193006,2000
4127,62044629116,16320
4128,21520625332,12880
4129,108279347535,4680
4130,25746253687,37520
4131,10585783424,43760
4132,34896110353,3120
4133,17638044180,3760
4134,66940128302,19920
4135,11670237789,2400
4136,6194347287,960
4137,72918674418,19840
4138,117106977466,87120
4139,91335426341,185120
4140,1599781249,61200
4141,13046061511,2240
4142,40640263729,169280
4143,29210106841,6880
4144,395035473605,9800
4145,1679433285,69760
4146,9660640502,640
4147,209341332041,24360
4148,49999151057,35920
4149,138885638841,150880
4150,13046061511,2240
4151,17077868903,7920
4152,21520625332,12880
4153,6936597692,43280
4154,1594859271,53920
4155,19738763180,9120
4156,1711395309,73200
4157,6195456139,490080
4158,57608209812,24320
4159,80946737056,114000
4160,9047753330,42720
4161,20712513489,9360
4162,145720586297,16480
4163,19248589086,8640
4164,47348102633,15680
4165,22344929187,6400
4166,7263870366,500000
4167,301023299643,30360
4168,16085758222,10800
4169,22376593198,10960
4170,31254172499,47560
4171,60618080877,33760
4172,9221830002,1120
4173,47059225289,257320
4174,9983132801,3200
4175,15776737500,4000
4176,114042064745,3800
4177,85422022929,16960
4178,1374358440,80
4179,32313318503,11520
4180,23408140626,3440
4181,39754282327,24640
4182,29945835516,4640
4183,51509791655,2040
4184,46152821379,15440
4185,14350982604,2160
4186,19334631611,5680
4187,31353758719,21600
4188,69655242489,25360
4189,32253145536,12800
4190,48574112765,24480
4191,57902505113,3640
4192,21150045435,5920
4193,116952318536,15880
4194,400836826000,15320
4195,25762440814,7040
4196,82690235546,23200
4197,135616036603,32520
4198,96720420035,8440
4199,22075897957,6720
4200,223759278991,13160
4201,56225312944,1080
4202,9658571893,9600
4203,17638044180,3760
4204,16845208111,45640
4205,2600008094,240
4206,16085758222,10800
4207,33066953257,271960
4208,28909029183,7120
4209,25118102990,6160
4210,139223788850,161960
4211,1374358440,80
4212,5143708328,1680
4213,16087583322,10480
4214,104801026591,6040
4215,31833253865,5200
4216,95887941524,17200
4217,23656910588,3040
4218,63779660684,30560
4219,98840128406,1560
4220,170774387482,21480
4221,95887941524,17200
4222,167340654706,17600
4223,16706492151,8880
4224,12340652589,1440
4225,210205689486,108200
4226,468600914470,16040
4227,316298810806,23560
4228,23875429670,3520
4229,1288318480,54080
4230,2387072914,53040
4231,355813988040,28840
4232,262081750103,23000
4233,18522672847,6000
4234,81375523076,18080
4235,191730649580,17280
4236,1562661962,67120
4237,18522672847,6000
4238,191730649580,17280
4239,22920582078,2720
4240,11609447743,42880
4241,139317380285,5960
4242,208650972487,19960
4243,105282968937,94200
4244,71412554750,198240
4245,7018213190,449280
4246,17110344820,4240
4247,46152821379,15440
4248,28704931708,120
4249,34722111340,7440
4250,11670237789,2400
4251,24185268356,10080
4252,20168245720,9440
4253,12340652589,1440
4254,83248863653,184800
4255,12376659642,1840
4256,15870396402,3360
4257,23853271916,13040
4258,13678261359,280
4259,101333104455,6680
4260,79247415130,680
4261,66836593710,29600
4262,9348453956,1600
4263,2687684012,160
4264,22699484924,8800
4265,104720380714,18480
4266,1490971923,49520
4267,22344929187,6400
4268,9660640502,640
4269,19334631611,5680
4270,16706492151,8880
4271,12576156285,10720
4272,2687684012,160
4273,3651779708,48560
4274,24347887664,39080
4275,15870396402,3360
4276,113570189758,29720
4277,121192469122,80480
4278,27562438485,11040
4279,17186276929,5440
4280,16946126060,8720
4281,28777512035,12160
4282,1181386495,60480
4283,17625197496,2480
4284,76103510096,114720
4285,2687684012,160
4286,196084196072,38680
4287,1038746415,56080
4288,13332088199,2080
4289,19738763180,9120
4290,42569554114,28960
4291,13953517473,10320
4292,20712513489,9360
4293,3750547782,68080
4294,103045755018,18800
4295,12384318263,2880
4296,17389026734,8160
4297,58123010201,15200
4298,19738763180,9120
4299,50109757968,15040
4300,250031039271,77680
4301,5333770564,320
4302,98840128406,1560
4303,76406488221,96240
4304,30793914017,13520
4305,7263870366,500000
4306,13678261359,280
4307,13332088199,2080
4308,15362541596,6640
4309,176239915204,25400
4310,56209218247,24000
4311,61958770793,20240
4312,15878553306,39920
4313,23656910588,3040
4314,10911635053,1280
4315,144201667061,15560
4316,58180382513,20720
4317,163102819110,4760
4318,11824091548,2560
4319,49663236733,32400
4320,85072392230,14800
4321,5684346990,800
4322,13037370249,43680
4323,2687684012,160
4324,118109290404,14600
4325,1374358440,80
4326,39754282327,24640
4327,17625197496,2480
4328,60656071894,32800
4329,28383168956,5840
4330,18910982041,2960
4331,34535377619,12960
4332,15489598358,8480
4333,29638694208,38600
4334,49191332981,22160
4335,22920582078,2720
4336,3101801933,54240
4337,7119752792,45200
4338,4141999745,67200
4339,47674094916,246640
4340,2124445948,66400
4341,23853271916,13040
4342,94510449040,9000
4343,16636224580,8960
4344,76253196184,2520
4345,20682211119,3280
4346,16085758222,10800
4347,29340870390,39680
4348,17077868903,7920
4349,12576156285,10720
4350,5393785316,44640
4351,54120570873,28640
4352,14578863196,12320
4353,12340652589,1440
4354,9350411589,1200
4355,70942538367,135040
4356,21610292380,5600
4357,17011420553,8000
4358,79465899127,25600
4359,6392283143,880
4360,23408140626,3440
4361,6202102830,480
4362,62168932959,14640
4363,5143708328,1680
4364,18857244689,4160
4365,22920582078,2720
4366,26094464918,5520
4367,17011420553,8000
4368,9221830002,1120
4369,11670237789,2400
4370,13891355234,1520
4371,10890794218,45120
4372,70373621373,20560
4373,15912070617,9520
4374,90376657141,3320
4375,1514973004,67520
4376,108773318569,19040
4377,147114700668,23840
4378,133297080933,77760
4379,15478861463,4800
4380,9892193006,2000
4381,69445960739,91840
4382,120651588191,91280
4383,11642005252,560
4384,30805131540,360
4385,28801489096,39280
4386,30606949963,6480
4387,13092241585,7760
4388,43874233927,12240
4389,26094464918,5520
4390,53977086116,16000
4391,114374865573,147000
4392,49191332981,22160
4393,20788222625,7520
4394,76458335176,4120
4395,88736468195,3480
4396,1791978308,67400
4397,190773543538,19000
4398,118176514388,93640
4399,51601936871,21440
4400,17671764981,2800
4401,19268050737,38080
4402,5333770564,320
4403,42569554114,28960
4404,51600786113,21280
4405,52637118669,23680
4406,6202102830,480
4407,2687684012,160
4408,62332319339,138280
4409,12454516442,10160
4410,20788222625,7520
4411,10341860339,41520
4412,7388919877,46800
4413,17095927859,6240
4414,83748735982,90800
4415,10911635053,1280
4416,121118772278,26360
4417,32816849117,159360
4418,64445866403,161040
4419,17110344820,4240
4420,278437295123,18600
4421,2600008094,240
4422,23784008333,5280
4423,11642005252,560
4424,121803750356,18640
4425,81230959361,14720
4426,15870396402,3360
4427,60788262155,34400
4428,2687684012,160
4429,3754881138,54000
4430,18081356074,11440
4431,29616534813,29760
4432,88736468195,3480
4433,7263870366,500000
4434,27320739252,11360
4435,29346663777,7280
4436,21122030042,3680
4437,97339506540,18880
4438,23669933410,4320
4439,23856642424,9920
4440,22656554835,11600
4441,29174547652,13680
4442,15050577109,1920
4443,76820790896,30080
4444,50830437738,108880
4445,72189060951,107600
4446,1213595447,72400
4447,84497865570,2120
4448,278448460186,28520
4449,170774387482,21480
4450,23656910588,3040
4451,172316024801,17440
4452,206363489143,17040
4453,3608052587,400
4454,27562438485,11040
4455,30740777755,232720
4456,54789580858,10600
4457,17186276929,5440
4458,13948875703,39520
4459,6202102830,480
4460,27916461349,6080
4461,30606949963,6480
4462,55836880556,31120
4463,63753660289,25760
4464,72712095790,30240
4465,17389026734,8160
4466,12384318263,2880
4467,29210106841,6880
4468,34535377619,12960
4469,2261142003,56800
4470,125832807407,19440
4471,4912704872,47520
4472,2687684012,160
4473,79272726216,28480
4474,15831651663,40960
4475,76047284087,28880
4476,5393785316,44640
4477,8174993661,67720
4478,146634028475,16160
4479,35333674036,88800
4480,40763541178,41680
4481,13891355234,1520
4482,11670237789,2400
4483,19873871526,2320
4484,182688258585,5560
4485,30606949963,6480
4486,126016473060,19680
4487,522994836463,7640
4488,31183271091,6960
4489,18081356074,11440
4490,6814747275,46920
4491,233329450496,80240
4492,31353758719,21600
4493,231505474275,18840
4494,6392283143,880
4495,107664381496,84080
4496,18062327359,41960
4497,33245691455,5360
4498,148512722872,16720
4499,42376941963,140840
4500,159403049659,131000
4501,29174547652,13680
4502,18081356074,11440
4503,51509791655,2040
4504,113406041328,89520
4505,38488472394,4560
4506,7263870366,500000
4507,23669933410,4320
4508,329464561185,12840
4509,29346663777,7280
4510,115386934011,85800
4511,96477124176,19360
4512,95987469672,93600
4513,1755623844,59200
4514,13046061511,2240
4515,1326653301,50960
4516,111715843386,15840
4517,22854197794,4400
4518,4737689740,46320
4519,74984686754,21920
4520,335759611572,18280
4521,70019872889,106080
4522,117834651375,142120
4523,20672883414,12560
4524,12454516442,10160
4525,55755921320,23600
4526,20712513489,9360
4527,82924689759,26880
4528,14876319705,4080
4529,54234970873,16560
4530,4319898586,59560
4531,147800684929,35680
4532,13953517473,10320
4533,24096684991,11760
4534,71848505371,33200
4535,152200823300,145520
4536,21618919613,10640
4537,82671030558,193120
4538,2460188388,52560
4539,70373621373,20560
4540,36282290691,37200
4541,15591358874,3840
4542,52993250630,6360
4543,1374358440,80
4544,14878979296,4960
4545,2600008094,240
4546,19334631611,5680
4547,24434172459,35360
4548,13092241585,7760
4549,58180382513,20720
4550,32313318503,11520
4551,1708198710,68720
4552,6194347287,960
4553,13953517473,10320
4554,21150045435,5920
4555,11851673519,42480
4556,2600008094,240
4557,1532527980,63520
4558,92818330729,124640
4559,8327828583,40000
4560,1374358440,80
4561,9348453956,1600
4562,208455392042,81760
4563,30265799561,36480
4564,30606949963,6480
4565,13953517473,10320
4566,2687684012,160
4567,2687684012,160
4568,125715688146,76640
4569,51601936871,21440
4570,2687684012,160
4571,9221830002,1120
4572,20788222625,7520
4573,1054282203,68480
4574,89202998466,23760
4575,17625197496,2480
4576,65677929417,32320
4577,72918674418,19840
4578,82866602445,16640
4579,144595185185,22720
4580,136132896223,18960
4581,28467545219,37280
4582,417219036328,23880
4583,23784008333,5280
4584,30805131540,360
4585,226764352131,5480
4586,2687684012,160
4587,111556105192,91800
4588,15880493699,2640
4589,15050577109,1920
4590,12454516442,10160
4591,46098432850,14000
4592,49036516299,600
4593,3296732139,44400
4594,10911635053,1280
4595,43707823982,4440
4596,154071370305,16400
4597,17186276929,5440
4598,25762440814,7040
4599,235716034393,9560
4600,2687684012,160
4601,9258015597,47400
4602,54648839383,26320
4603,49795945085,19600
4604,85741621290,26400
4605,57019559581,86800
4606,29945835516,4640
4607,62898897307,21120
4608,27579777130,43480
4609,100920225259,107160
4610,106524574771,10520
4611,16636224580,8960
4612,118305046784,3560
4613,19248589086,8640
4614,3608052587,400
4615,11642005252,560
4616,15362541596,6640
4617,15362541596,6640
4618,1594859271,53920
4619,104801026591,6040
4620,57207402886,1640
4621,13092241585,7760
4622,46152821379,15440
4623,23408140626,3440
4624,42376941963,140840
4625,17638044180,3760
4626,7023715921,720
4627,80486721603,104400
4628,72029484384,24800
4629,200976076231,121840
4630,4946868176,60520
4631,7888177750,69000
4632,57508615204,40560
4633,8347956028,60680
4634,11567757747,1360
4635,30793914017,13520
4636,2973159137,56000
4637,198934624332,84680
4638,51295189316,27040
4639,24960585720,43800
4640,66244959479,43340
4641,102648019957,91520
4642,60409082220,22480
4643,48075093637,82000
4644,12576156285,10720
4645,143648985401,3880
4646,29346663777,7280
4647,325425367600,18040
4648,102178321768,106800
4649,47080146754,14480
4650,1374358440,80
4651,68698870842,111040
4652,29945835516,4640
4653,267457559004,5720
4654,15870396402,3360
4655,208691162603,88640
4656,9509247112,436160
4657,69445960739,91840
4658,12623505456,1760
4659,107690125100,27520
4660,5393785316,44640
4661,19248589086,8640
4662,86945585381,32600
4663,26882172573,4480
4664,11567757747,1360
4665,7263870366,500000
4666,45610307327,440
4667,50244828827,22080
4668,72029484384,24800
4669,49191332981,22160
4670,188981627937,17520
4671,152287326217,4200
4672,73633052279,115280
4673,270731660270,31880
4674,64544608567,15760
4675,2687684012,160
4676,105233767861,6600
4677,51601936871,21440
4678,12576156285,10720
4679,1374358440,80
4680,19641589584,13280
4681,222789920003,13480
4682,2600008094,240
4683,227939123936,16520
4684,54487213194,33680
4685,694796887503,19160
4686,47516385227,26800
4687,23408140626,3440
4688,46233938156,14080
4689,27968803724,34480
4690,117106977466,87120
4691,126513953645,173200
4692,87185996589,76800
4693,204253656809,36120
4694,140430625048,35720
4695,55021698026,20400
4696,26094464918,5520
4697,49795945085,19600
4698,333061496180,28200
4699,18917901145,11200
4700,3086533515,53280
4701,15050577109,1920
4702,48771542050,28240
4703,55836880556,31120
4704,16946126060,8720
4705,8576189119,50920
4706,3804021308,56680
4707,35803981480,13200
4708,84592639011,33360
4709,39754282327,24640
4710,36223920257,29280
4711,139317380285,5960
4712,184684160864,126240
4713,336960345310,19560
4714,13092241585,7760
4715,10585783424,43760
4716,132511829431,24080
4717,67805006475,206560
4718,26094464918,5520
4719,11824091548,2560
4720,103602109936,104080
4721,96477124176,19360
4722,9983132801,3200
4723,57902505113,3640
4724,30424392559,278400
4725,193130882734,8760
4726,85714345197,17760
4727,62898897307,21120
4728,23408140626,3440
4729,11642005252,560
4730,140008426982,128400
4731,1374358440,80
4732,13272425141,41200
4733,36004203903,13600
4734,57608209812,24320
4735,137159352765,137520
4736,292413156797,15640
4737,20672883414,12560
4738,25407375100,22560
4739,48771542050,28240
4740,19641589584,13280
4741,2079273312,67680
4742,1374358440,80
4743,79262880472,5640
4744,6799206835,1040
4745,106967899853,19120
4746,144201667061,15560
4747,15591358874,3840
4748,2687684012,160
4749,75560243289,27200
4750,7542409462,65960
4751,23408140626,3440
4752,91596769747,2760
4753,89693684746,1400
4754,963002444,60080
4755,23101733842,9200
4756,50043397940,25520
4757,2156213022,52720
4758,1374358440,80
4759,17186276929,5440
4760,26094464918,5520
4761,103495415399,166000
4762,43076668133,37920
4763,371149174234,7320
4764,36539997940,40
4765,23875429670,3520
4766,1453665873,52080
4767,11670237789,2400
4768,288346301171,34120
4769,26505612170,10240
4770,17186276929,5440
4771,29174547652,13680
4772,36760673045,13360
4773,22699484924,8800
4774,15489598358,8480
4775,17110344820,4240
4776,209298502522,22120
4777,28777512035,12160
4778,39200715323,14400
4779,110061080644,10040
4780,7263870366,500000
4781,11642005252,560
4782,13046061511,2240
4783,6072520149,71480
4784,62642425934,21680
4785,28777512035,12160
4786,96920063732,38920
4787,7292823540,45360
4788,10911635053,1280
4789,13678261359,280
4790,2540128680,46480
4791,144201667061,15560
4792,150433964598,138920
4793,5333770564,320
4794,30793914017,13520
4795,6698588118,45760
4796,34722111340,7440
4797,3608052587,400
4798,47516385227,26800
4799,22854197794,4400
4800,40732318937,21360
4801,12623505456,1760
4802,9205919356,66000
4803,31482218738,5120
4804,106967899853,19120
4805,28777512035,12160
4806,1374358440,80
4807,11670237789,2400
4808,48616889143,23920
4809,64023289643,8200
4810,85714345197,17760
4811,4909457368,59880
4812,30793914017,13520
4813,46233938156,14080
4814,15362541596,6640
4815,3608052587,400
4816,4701479877,49760
4817,218626732473,14360
4818,263541078045,29240
4819,51601936871,21440
4820,95495421337,163240
4821,15776737500,4000
4822,47080146754,14480
4823,50244828827,22080
4824,15478861463,4800
4825,4306313753,44480
4826,43983928964,32640
4827,1844353457,51600
4828,5333770564,320
4829,22075897957,6720
4830,21610292380,5600
4831,33451249985,25840
4832,2600008094,240
4833,6202102830,480
4834,31833253865,5200
4835,9348453956,1600
4836,103936410656,760
4837,12376659642,1840
4838,47348102633,15680
4839,14876319705,4080
4840,38914243620,26000
4841,70324524616,201760
4842,108030236074,3000
4843,29314973658,38320
4844,1562661962,67120
4845,57902505113,3640
4846,167340654706,17600
4847,9660640502,640
4848,6799206835,1040
4849,23689211270,7200
4850,11824091548,2560
4851,131960900677,18240
4852,1584134022,69120
4853,6202102830,480
4854,5684346990,800
4855,22075897957,6720
4856,45610307327,440
4857,6194347287,960
4858,25407375100,22560
4859,5143708328,1680
4860,136132896223,18960
4861,28801489096,39280
4862,36941700728,13920
4863,29958489473,39440
4864,15034772281,42760
4865,125521700964,153120
4866,46462314729,32560
4867,49795945085,19600
4868,16142556994,5760
4869,25013359587,11280
4870,94992152601,33120
4871,97054656469,8680
4872,6392283143,880
4873,27916461349,6080
4874,108773318569,19040
4875,1578917762,61920
4876,2687684012,160
4877,19248589086,8640
4878,26693916977,35840
4879,213235454603,87600
4880,2462783280,62320
4881,76458335176,4120
4882,75288727545,78960
4883,105233767861,6600
4884,200110143606,13640
4885,48802443297,20800
4886,2687684012,160
4887,15870396402,3360
4888,955540983,66160
4889,18522672847,6000
4890,24250666535,319280
4891,26882172573,4480
4892,17638044180,3760
4893,1608929718,57840
4894,18114803018,4880
4895,90611404195,3240
4896,29697064265,12400
4897,3608052587,400
4898,63753660289,25760
4899,9348453956,1600
4900,81277911580,11080
4901,19986639189,7600
4902,9660640502,640
4903,130455934192,11240
4904,43707823982,4440
4905,150021792686,16080
4906,46098432850,14000
4907,29346663777,7280
4908,43548505348,20320
4909,11851673519,42480
4910,179221013659,97600
4911,461662889894,18120
4912,9983132801,3200
4913,12623505456,1760
4914,6202102830,480
4915,8395277938,58840
4916,1207654539,55280
4917,87205743816,7720
4918,36506643138,14320
4919,3608052587,400
4920,132515639063,37720
4921,11670237789,2400
4922,19641589584,13280
4923,90493520497,169440
4924,112974286118,34560
4925,31744536064,6800
4926,84592639011,33360
4927,11741037049,8560
4928,115581178853,24560
4929,11670237789,2400
4930,188905729061,16240
4931,12345408784,46240
4932,84796426163,7480
4933,25407375100,22560
4934,117721592024,95360
4935,14350982604,2160
4936,12623505456,1760
4937,85422022929,16960
4938,76501364623,8120
4939,3249072778,71760
4940,3608052587,400
4941,292413156797,15640
4942,2687684012,160
4943,26094464918,5520
4944,43874233927,12240
4945,21509414556,9040
4946,19738763180,9120
4947,145254961327,17840
4948,4896514668,61800
4949,47199251058,20000
4950,68698870842,111040
4951,188981627937,17520
4952,49191332981,22160
4953,56615851525,89920
4954,6392283143,880
4955,32775958764,31040
4956,56630523360,1000
4957,19248589086,8640
4958,939301808,59440
4959,81230959361,14720
4960,15478861463,4800
4961,19496868508,42520
4962,2687684012,160
4963,63779660684,30560
4964,21074044089,12480
4965,6194347287,960
4966,13396314586,40880
4967,53820665247,7360
4968,62168932959,14640
4969,116957673267,97040
4970,15546887796,6560
4971,103936410656,760
4972,13092241585,7760
4973,2687684012,160
4974,20682211119,3280
4975,6202102830,480
4976,40872733498,100800
4977,2687684012,160
4978,2687684012,160
4979,125832807407,19440
4980,3608052587,400
4981,104720380714,18480
4982,295278881377,16680
4983,12623505456,1760
4984,22699484924,8800
4985,47199251058,20000
4986,20166661638,9840
4987,10911635053,1280
4988,1374358440,80
4989,14578863196,12320
4990,54145510118,24960
4991,22656554835,11600
4992,13678261359,280
4993,27562438485,11040
4994,18917901145,11200
4995,3608052587,400
4996,2600008094,240
4997,5333770564,320
4998,70036933083,26560
4999,134877184299,81920
5000,13948875703,39520
5001,95845389522,15920
5002,26094464918,5520
5003,31833253865,5200
5004,179175280250,14520
5005,2582432710,73120
5006,70658180998,40360
5007,23408140626,3440
5008,39947890230,6320
5009,77829774743,28400
5010,12384318263,2880
5011,9221830002,1120
5012,74950276458,186840
5013,17011420553,8000
5014,6799206835,1040
5015,32313318503,11520
5016,22344929187,6400
5017,6392283143,880
5018,9892193006,2000
5019,67613338563,29360
5020,3095829856,49200
5021,231505474275,18840
5022,1374358440,80
5023,144728908001,15280
5024,663071433793,18760
5025,5143708328,1680
5026,93763750611,39560
5027,3608052587,400
5028,163102819110,4760
5029,14350982604,2160
5030,1374358440,80
5031,1727515320,62240
5032,47199251058,20000
5033,29346663777,7280
5034,127408599151,9320
5035,13608026520,11120
5036,50277985399,36000
5037,1374358440,80
5038,5333770564,320
5039,2687684012,160
5040,63968323880,22800
5041,131342190164,158080
5042,107671137303,80400
5043,28593244908,37600
5044,25013359587,11280
5045,1538463551,62480
5046,32050785144,35520
5047,12432461986,8400
5048,31744536064,6800
5049,14350982604,2160
5050,9348453956,1600
5051,170774387482,21480
5052,1220817852,71120
5053,2687684012,160
5054,23856642424,9920
5055,1490971923,49520
5056,20712513489,9360
5057,15489598358,8480
5058,1374358440,80
5059,82690235546,23200
5060,20672883414,12560
5061,97054656469,8680
5062,16142556994,5760
5063,24096684991,11760
5064,19334631611,5680
5065,60618080877,33760
5066,1374358440,80
5067,9660640502,640
5068,11567757747,1360
5069,455797709469,17240
5070,129353598564,25960
5071,104947270351,160640
5072,36837541468,9680
5073,1038746415,56080
5074,16087583322,10480
5075,22376593198,10960
5076,19334631611,5680
5077,145934380744,21160
5078,22344929187,6400
5079,61211834120,220880
5080,110136854661,19760
5081,23875429670,3520
5082,28777512035,12160
5083,50043397940,25520
5084,15050577109,1920
5085,23158988748,12080
5086,83110391246,20880
5087,6799206835,1040
5088,34722111340,7440
5089,1599781249,61200
5090,60128624529,27360
5091,19248589086,8640
5092,35263376528,12640
5093,68876123190,25040
5094,28402204871,33520
5095,56395926341,231720
5096,53165155438,22400
5097,5684346990,800
5098,26882172573,4480
5099,24130341046,38960
5100,25013359587,11280
5101,13953517473,10320
5102,61724504083,43880
5103,22920582078,2720
5104,33451249985,25840
5105,95887941524,17200
5106,161412046566,147840
5107,37103553962,14240
5108,259277831048,82960
5109,16142556994,5760
5110,1372630699,72000
5111,29346663777,7280
5112,10636699590,414640
5113,30606949963,6480
5114,1384682949944,16840
5115,34722111340,7440
5116,5143708328,1680
5117,17095927859,6240
5118,134234693613,22640
5119,14073056770,40720
5120,2687684012,160
5121,22920582078,2720
5122,260835587440,14200
5123,181357547662,114080
5124,43361537657,45960
5125,1343925107,50640
5126,84592639011,33360
5127,2687684012,160
5128,22699484924,8800
5129,25762440814,7040
5130,131960900677,18240
5131,16068955449,38240
5132,63968323880,22800
5133,6392283143,880
5134,16706492151,8880
5135,19144532808,13760
5136,5333770564,320
5137,12340652589,1440
5138,266868139079,84440
5139,83425233550,35560
5140,172679606899,135000
5141,52036744754,20160
5142,9892193006,2000
5143,216693423867,84840
5144,133657978984,21560
5145,62642425934,21680
5146,49795945085,19600
5147,5333770564,320
5148,6202102830,480
5149,39754282327,24640
5150,73954259020,6760
5151,29346663777,7280
5152,107690125100,27520
5153,63774673835,12920
5154,13046061511,2240
5155,150005218105,146640
5156,24130341046,38960
5157,31095841385,5040
5158,2188156910,73840
5159,682683878183,17480
5160,7263870366,500000
5161,28593244908,37600
5162,29945835516,4640
5163,57675168343,36720
5164,179957320382,25480
5165,113448332033,37640
5166,1334303391,62080
5167,17060941453,41920
5168,11670237789,2400
5169,154243510642,16800
5170,10911635053,1280
5171,22344929187,6400
5172,97380675523,120640
5173,42569554114,28960
5174,71139012017,22960
5175,9658571893,9600
5176,5203204270,63840
5177,16946126060,8720
5178,2687684012,160
5179,1374358440,80
5180,84592639011,33360
5181,32253145536,12800
5182,11636757182,51880
5183,2687684012,160
5184,21122030042,3680
5185,68876123190,25040
5186,28383168956,5840
5187,2470576264,67840
5188,25581146360,13840
5189,67743340351,21840
5190,108773318569,19040
5191,10564265550,42320
5192,81295931750,8920
5193,31095841385,5040
5194,137498194074,17920
5195,2603812750,63600
5196,2687684012,160
5197,53820665247,7360
5198,105196066401,172840
5199,18910982041,2960
5200,53920552345,14560
5201,32662672538,8240
5202,42898884843,520
5203,23158988748,12080
5204,49508725386,8520
5205,16946126060,8720
5206,87250808681,16880
5207,209298502522,22120
5208,1374358440,80
5209,62497979629,142400
5210,5333770564,320
5211,11642005252,560
5212,12623505456,1760
5213,1334303391,62080
5214,6194347287,960
5215,47919907967,183920
5216,18917901145,11200
5217,13092241585,7760
5218,104999344916,109200
5219,46462314729,32560
5220,119139398770,25200
5221,26505612170,10240
5222,1451869925,56880
5223,17733400848,8320
5224,46462314729,32560
5225,30805131540,360
5226,77953094991,19200
5227,4425319755,66880
5228,2600008094,240
5229,13608026520,11120
5230,12340652589,1440
5231,2600008094,240
5232,24130341046,38960
5233,147969873846,31640
5234,146473258546,6520
5235,36837541468,9680
5236,10573648925,418640
5237,2687684012,160
5238,31833253865,5200
5239,56209218247,24000
5240,9350411589,1200
5241,125832807407,19440
5242,43983928964,32640
5243,106696020664,15520
5244,23101733842,9200
5245,5333770564,320
5246,2830545551,47600
5247,7040960631,50880
5248,208650972487,19960
5249,14197262841,44080
5250,12872594718,46440
5251,15478861463,4800
5252,5143708328,1680
5253,48802443297,20800
5254,25581146360,13840
5255,25581146360,13840
5256,18114803018,4880
5257,35263376528,12640
5258,66069770548,227760
5259,18910982041,2960
5260,17095927859,6240
5261,25407375100,22560
5262,22075897957,6720
5263,1924537781,52640
5264,11951841178,9280
5265,90447799217,135600
5266,125960024810,31680
5267,24424102909,7680
5268,21772899223,200
5269,21122030042,3680
5270,92627045335,15600
5271,16085758222,10800
5272,21610292380,5600
5273,37103553962,14240
5274,10911635053,1280
5275,11642005252,560
5276,36760673045,13360
5277,2973159137,56000
5278,9658571893,9600
5279,60788262155,34400
5280,3608052587,400
5281,21520625332,12880
5282,14578863196,12320
5283,17671764981,2800
5284,3608052587,400
5285,10994443315,10400
5286,41629150757,20080
5287,172316024801,17440
5288,53920552345,14560
5289,26505612170,10240
5290,10911635053,1280
5291,36941700728,13920
5292,252448497689,22760
5293,62044629116,16320
5294,5143708328,1680
5295,881831234522,17160
5296,63753660289,25760
5297,21122030042,3680
5298,22344929187,6400
5299,8754813786,58760
5300,2243941891,62800
5301,67431881097,125600
5302,23875429670,3520
5303,21520625332,12880
5304,4051362907,48880
5305,112939029370,7880
5306,29945835516,4640
5307,150911904089,13800
5308,85887009789,80920
5309,106992945346,25280
5310,1374358440,80
5311,79268813682,95760
5312,18857244689,4160
5313,23082724763,85280
5314,45559667875,22880
5315,137964041710,36360
5316,108773318569,19040
5317,79465899127,25600
5318,17521721748,4720
5319,2059330834,57440
5320,59255888553,95840
5321,144201667061,15560
5322,1374358440,80
5323,57015551370,27840
5324,34896110353,3120
5325,15489598358,8480
5326,258854814450,21640
5327,58180382513,20720
5328,15546887796,6560
5329,23856642424,9920
5330,1374358440,80
5331,62834166430,106880
5332,13046061511,2240
5333,82690235546,23200
5334,11741037049,8560
5335,21074044089,12480
5336,24424102909,7680
5337,63141782810,32960
5338,15019316972,10000
5339,130455934192,11240
5340,1469248008,63040
5341,5143708328,1680
5342,74701842416,189360
5343,7263870366,500000
5344,9348453956,1600
5345,95987469672,93600
5346,191015333524,26520
5347,13046061511,2240
5348,228325267606,101440
5349,9892193006,2000
5350,19873871526,2320
5351,2687684012,160
5352,6194347287,960
5353,85422022929,16960
5354,330282230461,16440
5355,1374358440,80
5356,26505612170,10240
5357,4453438110,58800
5358,10059571212,56040
5359,6392283143,880
5360,32612133974,290800
5361,84970841554,21200
5362,15870396402,3360
5363,16706492151,8880
5364,43874233927,12240
5365,90611404195,3240
5366,31744536064,6800
5367,19183476914,11680
5368,113448332033,37640
5369,1374358440,80
5370,7263870366,500000
5371,17389026734,8160
5372,27320739252,11360
5373,22075897957,6720
5374,19873871526,2320
5375,242404947750,17120
5376,36362045738,20480
5377,206013980878,23400
5378,171980324211,8040
5379,14350982604,2160
5380,77828884737,77440
5381,49663236733,32400
5382,92486026602,91680
5383,7023715921,720
5384,19248589086,8640
5385,108776465041,28720
5386,17389026734,8160
5387,3981235534,59520
5388,10505413851,375560
5389,1711395309,73200
5390,18917901145,11200
5391,7263870366,500000
5392,1490971923,49520
5393,51601936871,21440
5394,30700200760,40400
5395,22854197794,4400
5396,1374358440,80
5397,2687684012,160
5398,13412167653,42560
5399,1374358440,80
5400,90204001157,23360
5401,19334631611,5680
5402,116952318536,15880
5403,6698588118,45760
5404,1916163926,51280
5405,11322340821,41600
5406,143648985401,3880
5407,16359497198,41120
5408,8396044388,439280
5409,12376659642,1840
5410,50693651831,34240
5411,1180694815704,24920
5412,26505612170,10240
5413,168473139992,107200
5414,13396314586,40880
5415,99175913491,162960
5416,3790191708,48080
5417,137498194074,17920
5418,39775852090,157280
5419,126016473060,19680
5420,38998990035,12000
5421,58027703937,31840
5422,204172344275,115320
5423,13089134698,41280
5424,61958770793,20240
5425,356737061611,15400
5426,111715843386,15840
5427,3608052587,400
5428,22854197794,4400
5429,115351144527,78920
5430,26094464918,5520
5431,19334631611,5680
5432,330282230461,16440
5433,128830889388,14280
5434,103936410656,760
5435,19986639189,7600
5436,6202102830,480
5437,19986639189,7600
5438,53977086116,16000
5439,6799206835,1040
5440,23853271916,13040
5441,123747373587,18400
5442,48075093637,82000
5443,111715843386,15840
5444,47348102633,15680
5445,331762103070,6440
5446,53254715072,1800
5447,22344929187,6400
5448,15591358874,3840
5449,6202102830,480
5450,10994443315,10400
5451,54608383980,26960
5452,82645869018,2600
5453,29697064265,12400
5454,19873871526,2320
5455,150632953627,31800
5456,44086140984,243920
5457,54271625832,1880
5458,38914243620,26000
5459,50109757968,15040
5460,106072893267,3080
5461,78250619547,127920
5462,55836880556,31120
5463,2687684012,160
5464,13396314586,40880
5465,22920582078,2720
5466,23689211270,7200
5467,82866602445,16640
5468,3311082131,48400
5469,48574112765,24480
5470,122241683659,5320
5471,58116159615,23440
5472,15591358874,3840
5473,5684346990,800
5474,32057552514,37840
5475,20788222625,7520
5476,54849935273,29520
5477,41809171636,30400
5478,76458335176,4120
5479,39631649739,40160
5480,11322340821,41600
5481,36760673045,13360
5482,48771542050,28240
5483,84970841554,21200
5484,3790191708,48080
5485,20682211119,3280
5486,14048202201,40320
5487,297813271517,35960
5488,53492650581,1240
5489,5333770564,320
5490,28053384383,3600
5491,30936517252,214960
5492,20682211119,3280
5493,13332088199,2080
5494,231505474275,18840
5495,3329262321,47360
5496,9221830002,1120
5497,236150711750,97280
5498,14878979296,4960
5499,103557198277,86960
5500,20788222625,7520
5501,15912070617,9520
5502,22685846523,324760
5503,3466723235,52320
5504,20682211119,3280
5505,72918674418,19840
5506,11741037049,8560
5507,14350982604,2160
5508,191317325961,5160
5509,21150045435,5920
5510,1216687922,60240
5511,150125637013,29960
5512,81857607350,27440
5513,29638694208,38600
5514,13046061511,2240
5515,360178078852,20200
5516,794183105324,17880
5517,100029400677,14120
5518,74806535448,22000
5519,13332088199,2080
5520,15870396402,3360
5521,222789920003,13480
5522,35979013909,33280
5523,10584903866,407040
5524,31833253865,5200
5525,48771542050,28240
5526,12623505456,1760
5527,90463301786,29840
5528,42187256931,35280
5529,66157949116,11000
5530,7974737332,64480
5531,60409082220,22480
5532,20168245720,9440
5533,39947890230,6320
5534,9660640502,640
5535,13332088199,2080
5536,16060169283,8080
5537,22699484924,8800
5538,69779962265,36080
5539,3907939339,52120
5540,3750547782,68080
5541,11886231631,45600
5542,65620446843,80320
5543,7023715921,720
5544,10911635053,1280
5545,8486937336,419280
5546,96408860234,2680
5547,148512722872,16720
5548,17095927859,6240
5549,14350982604,2160
5550,9660640502,640
5551,92086296268,18720
5552,65493899978,32240
5553,77212558663,201040
5554,11824091548,2560
5555,31353758719,21600
5556,106072893267,3080
5557,1374358440,80
5558,1374358440,80
5559,15478861463,4800
5560,29697064265,12400
5561,120767994164,89080
5562,6194347287,960
5563,53873275287,22240
5564,19738763180,9120
5565,18522672847,6000
5566,20682211119,3280
5567,20672883414,12560
5568,21618919613,10640
5569,1996416132,59680
5570,229051007966,105760
5571,175460321467,28680
5572,23856642424,9920
5573,53492650581,1240
5574,61546504076,83040
5575,197293597385,121160
5576,9660640502,640
5577,30606949963,6480
5578,4507444803,49840
5579,35998339239,36240
5580,23158988748,12080
5581,13953517473,10320
5582,19334631611,5680
5583,20788222625,7520
5584,13608026520,11120
5585,20682211119,3280
5586,115965848497,143760
5587,19272314234,37040
5588,1374358440,80
5589,375929157133,15160
5590,114042064745,3800
5591,4629266378,73800
5592,15870396402,3360
5593,2442332289,64800
5594,9221830002,1120
5595,60305999704,14960
5596,1374358440,80
5597,54487213194,33680
5598,31833253865,5200
5599,56914899819,170240
5600,30270525932,40760
5601,1374358440,80
5602,92086296268,18720
5603,6202102830,480
5604,24185268356,10080
5605,37975189103,33600
5606,23875429670,3520
5607,71220686056,100080
5608,2687684012,160
5609,42898884843,520
5610,5333770564,320
5611,5333770564,320
5612,82866602445,16640
5613,114545002656,148360
5614,20788222625,7520
5615,48616889143,23920
5616,8665023164,76120
5617,1374284073,66240
5618,47348102633,15680
5619,18857244689,4160
5620,58295737746,120480
5621,4016444003,52600
5622,36539997940,40
5623,4468545007,70800
5624,198086571678,121520
5625,11670237789,2400
5626,1469248008,63040
5627,39200715323,14400
5628,16142556994,5760
5629,21520625332,12880
5630,20166661638,9840
5631,12340652589,1440
5632,23158988748,12080
5633,11567757747,1360
5634,57596705364,20960
5635,17671764981,2800
5636,33057916647,122560
5637,29210106841,6880
5638,9350411589,1200
5639,146830854506,19280
5640,9350411589,1200
5641,42898884843,520
5642,146830854506,19280
5643,28053384383,3600
5644,7263870366,500000
5645,5143708328,1680
5646,37975189103,33600
5647,3296732139,44400
5648,16636224580,8960
5649,12576156285,10720
5650,19738763180,9120
5651,27916461349,6080
5652,60305999704,14960
5653,23408140626,3440
5654,17011420553,8000
5655,15880493699,2640
5656,9149951836,43200
5657,12454516442,10160
5658,85422022929,16960
5659,151855243660,35240
5660,107559963889,28600
5661,23101733842,9200
5662,81596862053,184120
5663,25762440814,7040
5664,12623505456,1760
5665,1374358440,80
5666,393680428458,17320
5667,108600685428,31760
5668,231537955906,20360
5669,30793914017,13520
5670,70373621373,20560
5671,19641589584,13280
5672,2003502962,55760
5673,1374358440,80
5674,13891355234,1520
5675,59983510471,106480
5676,2687684012,160
5677,16636224580,8960
5678,217488161971,23320
5679,69779962265,36080
5680,25581146360,13840
5681,12576156285,10720
5682,24938331901,46200
5683,38326587628,178000
5684,128329292630,150000
5685,19183476914,11680
5686,13092241585,7760
5687,1374358440,80
5688,143659814386,138880
5689,10435395364,47080
5690,20672883414,12560
5691,9658571893,9600
5692,15591358874,3840
5693,4051362907,48880
5694,6392283143,880
5695,2687684012,160
5696,4472830362,64280
5697,224038756042,105520
5698,8942277535,74600
5699,20168245720,9440
5700,9221830002,1120
5701,93433311171,9400
5702,57351401453,92720
5703,15878553306,39920
5704,80546942401,11960
5705,41809171636,30400
5706,58779812811,97200
5707,106904921633,29040
5708,36362045738,20480
5709,2687684012,160
5710,5143708328,1680
5711,25762440814,7040
5712,23856642424,9920
5713,148512722872,16720
5714,11567757747,1360
5715,32253145536,12800
5716,1817342219,67040
5717,2687684012,160
5718,4915881027,46640
5719,6202102830,480
5720,57869483431,94960
5721,51601936871,21440
5722,18114803018,4880
5723,46098432850,14000
5724,9658571893,9600
5725,146830854506,19280
5726,1310728365,64080
5727,80946737056,114000
5728,50693651831,34240
5729,43500376723,259760
5730,3310422270,62960
5731,3925422434,70480
5732,16706492151,8880
5733,66729172444,15120
5734,23875429670,3520
5735,40573860630,24240
5736,206363489143,17040
5737,3608052587,400
5738,17186276929,5440
5739,6895873007,43040
5740,9892193006,2000
5741,4173027890,71160
5742,14876319705,4080
5743,113969841075,13080
5744,29210106841,6880
5745,58123010201,15200
5746,65107365951,217560
5747,31482218738,5120
5748,2609916071,56160
5749,16068955449,38240
5750,25013359587,11280
5751,101000444905,156800
5752,53820665247,7360
5753,27562438485,11040
5754,2823911324,56320
5755,15870396402,3360
5756,79522632203,25680
5757,13046061511,2240
5758,11670237789,2400
5759,19100052299,36880
5760,25118102990,6160
5761,25762440814,7040
5762,24096684991,11760
5763,7263870366,500000
5764,29210106841,6880
5765,9221830002,1120
5766,2462783280,62320
5767,234396851032,29000
5768,108474992913,21760
5769,25118102990,6160
5770,104720380714,18480
5771,14350982604,2160
5772,77953094991,19200
5773,4082479741,45920
5774,56225312944,1080
5775,56225312944,1080
5776,28909029183,7120
5777,12623505456,1760
5778,106967899853,19120
5779,18917901145,11200
5780,12376659642,1840
5781,60832958947,93920
5782,19334631611,5680
5783,198631419076,4840
5784,60788262155,34400
5785,68983733242,99520
5786,57863690694,3160
5787,101333104455,6680
5788,11670237789,2400
5789,13332088199,2080
5790,9149951836,43200
5791,26882172573,4480
5792,62044629116,16320
5793,145254961327,17840
5794,125483851164,32920
5795,77953094991,19200
5796,6392283143,880
5797,288346301171,34120
5798,127145580096,88760
5799,125483851164,32920
5800,99051300957,114640
5801,63779660684,30560
5802,5983179417,47760
5803,45610307327,440
5804,56630523360,1000
5805,107671137303,80400
5806,107690125100,27520
5807,47348102633,15680
5808,6392283143,880
5809,126016473060,19680
5810,106378628905,166080
5811,1592112676,60560
5812,6202102830,480
5813,21122030042,3680
5814,13046061511,2240
5815,3608052587,400
5816,21610292380,5600
5817,20788222625,7520
5818,27562438485,11040
5819,45356641336,93120
5820,3934924684,75520
5821,17186276929,5440
5822,4499323603,73040
5823,12340652589,1440
5824,15880493699,2640
5825,11642005252,560
5826,4909457368,59880
5827,39200715323,14400
5828,55217859528,142800
5829,46152821379,15440
5830,73608208739,206320
5831,1374358440,80
5832,113037457694,92880
5833,17625197496,2480
5834,145254961327,17840
5835,32313318503,11520
5836,7624393231,46400
5837,69655242489,25360
5838,49663236733,32400
5839,83142530790,84880
5840,14578863196,12320
5841,239001100710,30800
5842,58205391409,1720
5843,15870396402,3360
5844,86341915224,81440
5845,11188406356,41640
5846,17638044180,3760
5847,30606949963,6480
5848,39242663927,43160
5849,34722111340,7440
5850,23856642424,9920
5851,213236477869,111720
5852,72642954732,15360
5853,103500811591,87800
5854,6194347287,960
5855,114042064745,3800
5856,3569748669,45840
5857,9221830002,1120
5858,1374358440,80
5859,42187256931,35280
5860,18857244689,4160
5861,2687684012,160
5862,28909029183,7120
5863,2600008094,240
5864,13046061511,2240
5865,26505612170,10240
5866,115825147420,85040
5867,1374358440,80
5868,42898884843,520
5869,62168932959,14640
5870,2687684012,160
5871,1708198710,68720
5872,11824091548,2560
5873,23656910588,3040
5874,15732898019,43840
5875,25118102990,6160
5876,88361133286,134720
5877,21610292380,5600
5878,212967222133,32200
5879,40732318937,21360
5880,7263870366,500000
5881,17521721748,4720
5882,15546887796,6560
5883,88308477693,28320
5884,32313318503,11520
5885,4016444003,52600
5886,89946142307,99120
5887,3722102648,76000
5888,93396523132,25920
5889,2585577884,73440
5890,19334631611,5680
5891,260835587440,14200
5892,9181193253,42000
5893,106008798221,93680
5894,42810448334,39960
5895,81295931750,8920
5896,22854197794,4400
5897,46152821379,15440
5898,31482218738,5120
5899,2828425999,47680
5900,152191108449,10680
5901,47330199602,29920
5902,47348102633,15680
5903,5333770564,320
5904,23408140626,3440
5905,23784008333,5280
5906,33245691455,5360
5907,20166661638,9840
5908,26094464918,5520
5909,7838364765,46760
5910,1547179648,52960
5911,47199251058,20000
5912,172062653900,96720
5913,15591358874,3840
5914,87250808681,16880
5915,6202102830,480
5916,13722344770,41360
5917,18062327359,41960
5918,1372630699,72000
5919,32662672538,8240
5920,3790191708,48080
5921,95036586510,26240
5922,72712095790,30240
5923,85072392230,14800
5924,2344215114,53840
5925,15019316972,10000
5926,6799206835,1040
5927,51600786113,21280
5928,19641589584,13280
5929,244017792798,8280
5930,20168245720,9440
5931,2269613922,51120
5932,14048202201,40320
5933,200863090553,106400
5934,1526031526,56240
5935,2627188653,66040
5936,15050577109,1920
5937,77562597718,121240
5938,82645869018,2600
5939,146634028475,16160
5940,29945835516,4640
5941,108474992913,21760
5942,27579777130,43480
5943,206363489143,17040
5944,1908633520,74960
5945,57608209812,24320
5946,13891355234,1520
5947,106904921633,29040
5948,6799206835,1040
5949,12432461986,8400
5950,468600914470,16040
5951,53820665247,7360
5952,46098432850,14000
5953,15878553306,39920
5954,5684346990,800
5955,43983928964,32640
5956,10911635053,1280
5957,5143708328,1680
5958,20712513489,9360
5959,9892193006,2000
5960,15456552623,7840
5961,36223920257,29280
5962,5333770564,320
5963,16976316359,9760
5964,33667550874,10560
5965,10994443315,10400
5966,12340652589,1440
5967,2600008094,240
5968,69655242489,25360
5969,17186276929,5440
5970,1562661962,67120
5971,4082479741,45920
5972,110277874221,87840
5973,2320562963,61120
5974,49795945085,19600
5975,188905729061,16240
5976,58295737746,120480
5977,85714345197,17760
5978,62848094739,139840
5979,149840705863,111600
5980,182688258585,5560
5981,2373442458,74400
5982,30606949963,6480
5983,50693651831,34240
5984,8592790374,65240
5985,140882855231,32040
5986,106696020664,15520
5987,39947890230,6320
5988,131960900677,18240
5989,14578863196,12320
5990,30363027112,41240
5991,76488656644,10280
5992,23784008333,5280
5993,23689211270,7200
5994,106483291976,29440
5995,34896110353,3120
5996,2687684012,160
5997,2399899865,71840
5998,2600008094,240
5999,119737411452,139920
6000,179175280250,14520
6001,17110344820,4240
6002,16060169283,8080
6003,39947890230,6320
6004,236774186879,95920
6005,57207402886,1640
6006,31482218738,5120
6007,34896110353,3120
6008,2938953599,53200
6009,18910982041,2960
6010,10341860339,41520
6011,1374358440,80
6012,22920582078,2720
6013,47516385227,26800
6014,2687684012,160
6015,47199251058,20000
6016,10911635053,1280
6017,256041756634,15080
6018,31183271091,6960
6019,87928884093,35400
6020,76406488221,96240
6021,6392283143,880
6022,2600008094,240
6023,130228183835,86040
6024,30606949963,6480
6025,4360014427,52240
6026,324075212432,17000
6027,21150045435,5920
6028,20168245720,9440
6029,2295024691,50800
6030,15912070617,9520
6031,184014038390,122240
6032,84970841554,21200
6033,52195903666,81600
6034,145254961327,17840
6035,205942653157,99200
6036,20712513489,9360
6037,19986639189,7600
6038,74806535448,22000
6039,53492650581,1240
6040,1374358440,80
6041,108776465041,28720
6042,90463301786,29840
6043,2600008094,240
6044,5515507543,49120
6045,23408140626,3440
6046,48868052299,40120
6047,13891355234,1520
6048,110071139935,91960
6049,17625197496,2480
6050,1374358440,80
6051,28053384383,3600
6052,58131531355,20640
6053,185950850619,90200
6054,25762440814,7040
6055,9266375618,44960
6056,93260711339,130120
6057,53873275287,22240
6058,102899676983,27760
6059,22920582078,2720
6060,6799206835,1040
6061,2454188311,74480
6062,1861103762,68960
6063,61958770793,20240
6064,1148016890,69360
6065,23875429670,3520
6066,7023715921,720
6067,72472396059,26640
6068,7342014357,62440
6069,110136854661,19760
6070,178405698300,37000
6071,14350982604,2160
6072,3968572678,55680
6073,17671764981,2800
6074,25762440814,7040
6075,3777976687,63720
6076,22656554835,11600
6077,16636224580,8960
6078,1374358440,80
6079,5684346990,800
6080,15362541596,6640
6081,188474167281,86760
6082,25465476609,13120
6083,3300842391,51360
6084,22075897957,6720
6085,17060941453,41920
6086,65341240585,215360
6087,1557940877,75920
6088,12376659642,1840
6089,17095927859,6240
6090,175890294114,90920
6091,5143708328,1680
6092,41629150757,20080
6093,105060551962,11320
6094,17186276929,5440
6095,95933971711,5800
6096,49036516299,600
6097,6392283143,880
6098,153333901269,25240
6099,136132896223,18960
6100,29346663777,7280
6101,47199251058,20000
6102,17671764981,2800
6103,103045755018,18800
6104,126402230925,78840
6105,110061080644,10040
6106,2687684012,160
6107,62898897307,21120
6108,5333770564,320
6109,79670565464,77040
6110,2687684012,160
6111,2600008094,240
6112,21150045435,5920
6113,107559963889,28600
6114,1374358440,80
6115,72918674418,19840
6116,66940128302,19920
6117,2155925558,50240
6118,9350411589,1200
6119,23799163263,258400
6120,77382902071,200200
6121,11670237789,2400
6122,6392283143,880
6123,9604382545,63640
6124,9348453956,1600
6125,8861836521,397320
6126,15870396402,3360
6127,26094464918,5520
6128,28730864508,291440
6129,395805438826,21320
6130,46098432850,14000
6131,11670237789,2400
6132,50109757968,15040
6133,14876319705,4080
6134,58287429922,6920
6135,13046061511,2240
6136,20712513489,9360
6137,9221830002,1120
6138,3236709245,53120
6139,33451249985,25840
6140,57015551370,27840
6141,11670237789,2400
6142,90376657141,3320
6143,12384318263,2880
6144,44738206330,33040
6145,1374358440,80
6146,50835212081,92960
6147,36760673045,13360
6148,3608052587,400
6149,4526127605,50080
6150,121626743191,96640
6151,49294780769,77360
6152,15050577109,1920
6153,125557977341,77880
6154,173523501031,18000
6155,7263870366,500000
6156,38488472394,4560
6157,72642954732,15360
6158,462205472314,16200
6159,70373621373,20560
6160,18917901145,11200
6161,13722344770,41360
6162,1334303391,62080
6163,7023715921,720
6164,19819605927,332040
6165,14350982604,2160
6166,57207402886,1640
6167,121192469122,80480
6168,34535377619,12960
6169,9031527096,64640
6170,5684346990,800
6171,57207402886,1640
6172,3338506577,50000
6173,34874575165,100640
6174,44738206330,33040
6175,12384318263,2880
6176,3533735170,51960
6177,19873871526,2320
6178,29210106841,6880
6179,24096684991,11760
6180,29210106841,6880
6181,158466385941,131480
6182,80791577806,31600
6183,68876123190,25040
6184,55836880556,31120
6185,62898897307,21120
6186,5143708328,1680
6187,218626732473,14360
6188,113701252655,24280
6189,2600008094,240
6190,19272314234,37040
6191,36760673045,13360
6192,111367466716,18320
6193,137498194074,17920
6194,4004414179,47280
6195,118006464452,164200
6196,47330199602,29920
6197,16636224580,8960
6198,59099009441,27120
6199,44302703034,259600
6200,6202102830,480
6201,23689211270,7200
6202,57015551370,27840
6203,55755921320,23600
6204,85138380271,84800
6205,13678261359,280
6206,62284620430,85680
6207,1557940877,75920
6208,58123010201,15200
6209,15478861463,4800
6210,22075897957,6720
6211,75330607451,21520
6212,17077868903,7920
6213,9348453956,1600
6214,22075897957,6720
6215,18910982041,2960
6216,2600008094,240
6217,7263870366,500000
6218,9660640502,640
6219,167340654706,17600
6220,9221830002,1120
6221,20712513489,9360
6222,28053384383,3600
6223,17638044180,3760
6224,5684346990,800
6225,146830854506,19280
6226,13608026520,11120
6227,75140339061,35640
6228,47516385227,26800
6229,43707823982,4440
6230,1946301886,53600
6231,23875429670,3520
6232,36539997940,40
6233,29174547652,13680
6234,2519441896,63920
6235,14000220703,44240
6236,30606949963,6480
6237,1796230552,60800
6238,34896110353,3120
6239,26505612170,10240
6240,19762053143,315360
6241,7263870366,500000
6242,21150045435,5920
6243,152191108449,10680
6244,111367466716,18320
6245,173523501031,18000
6246,74165887472,112560
6247,75140339061,35640
6248,46233938156,14080
6249,1080759976970,28440
6250,16087583322,10480
6251,15019316972,10000
6252,2243941891,62800
6253,63779660684,30560
6254,36362045738,20480
6255,63779660684,30560
6256,158998482211,129760
6257,25407375100,22560
6258,123747373587,18400
6259,3537931646,59960
6260,15489598358,8480
6261,5684346990,800
6262,50340489760,31360
6263,58027703937,31840
6264,44844056097,237160
6265,31095841385,5040
6266,26465861661,35040
6267,1796230552,60800
6268,213933202763,80880
6269,3329262321,47360
6270,38488472394,4560
6271,15776737500,4000
6272,9221830002,1120
6273,3401793304,55920
6274,22920582078,2720
6275,17110344820,4240
6276,278309738343,21960
6277,34538092491,11840
6278,2609916071,56160
6279,1517481641,61600
6280,193130882734,8760
6281,68600087328,101280
6282,21150045435,5920
6283,42320824807,35120
6284,46851534251,256240
6285,13046061511,2240
6286,111367466716,18320
6287,173523501031,18000
6288,49795945085,19600
6289,14878979296,4960
6290,42320824807,35120
6291,47080146754,14480
6292,5429857176,45440
6293,2261142003,56800
6294,211519809165,13560
6295,154071370305,16400
6296,63141782810,32960
6297,6202102830,480
6298,13678261359,280
6299,5333770564,320
6300,94335297791,9960
6301,6202102830,480
6302,40573860630,24240
6303,79247415130,680
6304,20672883414,12560
6305,48234750446,14160
6306,45977631049,169000
6307,2612634369,50400
6308,27562438485,11040
6309,15591358874,3840
6310,29288016031,12720
6311,93363555570,26080
6312,22075897957,6720
6313,33204682642,37760
6314,78982496032,125440
6315,304614404710,30280
6316,15546887796,6560
6317,30793914017,13520
6318,95845389522,15920
6319,15870396402,3360
6320,17110344820,4240
6321,35117865222,34160
6322,12623505456,1760
6323,125483851164,32920
6324,3048558273,62160
6325,22920582078,2720
6326,2600008094,240
6327,17383825758,39040
6328,11393388470,43920
6329,85812512964,22320
6330,31183271091,6960
6331,17095927859,6240
6332,12340652589,1440
6333,81857607350,27440
6334,137498194074,17920
6335,15546887796,6560
6336,59255888553,95840
6337,15870396402,3360
6338,72029484384,24800
6339,243849653950,28360
6340,2687684012,160
6341,13412167653,42560
6342,94214033818,200960
6343,56985563015,13440
6344,72029484384,24800
6345,180146520602,4360
6346,97072813266,81680
6347,2600008094,240
6348,1996416132,59680
6349,21750720054,42960
6350,9660640502,640
6351,2356370051,50720
6352,15478861463,4800
6353,11670237789,2400
6354,53703213948,85920
6355,200110143606,13640
6356,5887997102,53320
6357,15880493699,2640
6358,2600008094,240
6359,18857244689,4160
6360,1374358440,80
6361,15050577109,1920
6362,36760673045,13360
6363,1307946066374,20040
6364,2687684012,160
6365,9892193006,2000
6366,5429857176,45440
6367,66940128302,19920
6368,29346663777,7280
6369,6799206835,1040
6370,69000677650,93440
6371,54849935273,29520
6372,178722107250,116280
6373,28909029183,7120
6374,22920582078,2720
6375,3608052587,400
6376,27320739252,11360
6377,18114803018,4880
6378,100441197168,26160
6379,34722111340,7440
6380,2687684012,160
6381,2687684012,160
6382,5684346990,800
6383,18857244689,4160
6384,53820665247,7360
6385,2519441896,63920
6386,46269003022,257440
6387,16085758222,10800
6388,3651779708,48560
6389,43983928964,32640
6390,19873871526,2320
6391,66307966522,34960
6392,89700187257,5240
6393,1592112676,60560
6394,7263870366,500000
6395,56586668642,43560
6396,12576156285,10720
6397,17638044180,3760
6398,2687684012,160
6399,66292804159,120800
6400,99784557249,4920
6401,36837541468,9680
6402,30606949963,6480
6403,61889259771,30960
6404,104122527630,86840
6405,19334631611,5680
6406,21618919613,10640
6407,38998990035,12000
6408,8836802407,53080
6409,76488656644,10280
6410,61958770793,20240
6411,15293892394,46120
6412,29945835516,4640
6413,35803981480,13200
6414,82645869018,2600
6415,95845389522,15920
6416,8326347599,57040
6417,20682211119,3280
6418,1374358440,80
6419,49191332981,22160
6420,5333770564,320
6421,136132896223,18960
6422,167340654706,17600
6423,17671764981,2800
6424,9660640502,640
6425,60305999704,14960
6426,159736118719,111920
6427,13046061511,2240
6428,35263376528,12640
6429,9348453956,1600
6430,56554128087,14880
6431,29346663777,7280
6432,93396523132,25920
6433,142069538494,7160
6434,53873275287,22240
6435,12826818257,40800
6436,28777512035,12160
6437,22699484924,8800
6438,59195932934,240480
6439,21150045435,5920
6440,26094464918,5520
6441,5684346990,800
6442,1729189591,58640
6443,3311082131,48400
6444,20682211119,3280
6445,1453665873,52080
6446,85761989581,28800
6447,15019316972,10000
6448,34962645101,89440
6449,14791458062,43360
6450,16636224580,8960
6451,46233938156,14080
6452,95036586510,26240
6453,89930241671,122320
6454,9495136607,40240
6455,119139398770,25200
6456,103732039931,97920
6457,41062466079,172800
6458,64435192093,26480
6459,63968323880,22800
6460,47199251058,20000
6461,63753660289,25760
6462,293632736037,30120
6463,17521721748,4720
6464,324544966570,16760
6465,15478861463,4800
6466,160890764346,15480
6467,17011420553,8000
6468,6202102830,480
6469,56615851525,89920
6470,8327828583,40000
6471,17186276929,5440
6472,93339544114,84160
6473,17638044180,3760
6474,2540128680,46480
6475,54234970873,16560
6476,10083363298,42800
6477,16976316359,9760
6478,73830269443,96400
6479,63779660684,30560
6480,25118102990,6160
6481,9350411589,1200
6482,113701252655,24280
6483,108773318569,19040
6484,8327828583,40000
6485,17077868903,7920
6486,3608052587,400
6487,97916097583,31080
6488,41454417779,38720
6489,14578863196,12320
6490,9660640502,640
6491,41629150757,20080
6492,106967899853,19120
6493,12376659642,1840
6494,82849602913,104480
6495,136120363488,18560
6496,22656554835,11600
6497,54120570873,28640
6498,65493899978,32240
6499,38488472394,4560
6500,1830988170,51040
6501,36325479746,184480
6502,215693319407,107960
6503,7263870366,500000
6504,244244577156,85120
6505,1374358440,80
6506,2687684012,160
6507,9350411589,1200
6508,28282827998,36160
6509,225371107000,33480
6510,63072465640,99440
6511,48419161395,239920
6512,145785103867,123720
6513,105060551962,11320
6514,5684346990,800
6515,1374358440,80
6516,8172821579,58440
6517,52637118669,23680
6518,168967860116,112440
6519,3755210047,70080
6520,15831651663,40960
6521,56516168997,221400
6522,84796426163,7480
6523,15489598358,8480
6524,60023203699,35200
6525,176239915204,25400
6526,82866602445,16640
6527,82449703075,23120
6528,122241683659,5320
6529,7263870366,500000
6530,9221830002,1120
6531,9660640502,640
6532,24424102909,7680
6533,5416155427,47120
6534,42320824807,35120
6535,17077868903,7920
6536,62168932959,14640
6537,19873871526,2320
6538,62642425934,21680
6539,31482218738,5120
6540,62898897307,21120
6541,62642425934,21680
6542,29288016031,12720
6543,15878553306,39920
6544,1608929718,57840
6545,51600786113,21280
6546,102899676983,27760
6547,12384318263,2880
6548,5333770564,320
6549,16068955449,38240
6550,196215372063,104960
6551,28383168956,5840
6552,12376659642,1840
6553,61958770793,20240
6554,64460831638,91600
6555,1374358440,80
6556,150031655226,10200
6557,25465476609,13120
6558,25465476609,13120
6559,15478861463,4800
6560,12454516442,10160
6561,180146520602,4360
6562,26094464918,5520
6563,27385179375,39360
6564,53873275287,22240
6565,29346663777,7280
6566,106077369914,2360
6567,2828425999,47680
6568,1374358440,80
6569,17671764981,2800
6570,11642005252,560
6571,13953517473,10320
6572,1374358440,80
6573,2687684012,160
6574,40732318937,21360
6575,15546887796,6560
6576,7263870366,500000
6577,22920582078,2720
6578,124004402282,172360
6579,70373621373,20560
6580,23669933410,4320
6581,8779068262,57560
6582,12139823644,358320
6583,21150045435,5920
6584,17186276929,5440
6585,6202102830,480
6586,145720586297,16480
6587,95887941524,17200
6588,46462314729,32560
6589,9983132801,3200
6590,15489598358,8480
6591,126649546373,17360
6592,22854197794,4400
6593,5333770564,320
6594,6194347287,960
6595,62168932959,14640
6596,137498194074,17920
6597,2475151387,65080
6598,92086296268,18720
6599,126047263796,170920
6600,100441197168,26160
6601,2063671238,60960
6602,36539997940,40
6603,8545706964,67960
6604,1038746415,56080
6605,113701252655,24280
6606,19272314234,37040
6607,40872733498,100800
6608,17521721748,4720
6609,2600008094,240
6610,17110344820,4240
6611,31353758719,21600
6612,1374358440,80
6613,415725988956,18920
6614,31482218738,5120
6615,28777512035,12160
6616,164654600728,109560
6617,1374358440,80
6618,61958770793,20240
6619,2269613922,51120
6620,19272314234,37040
6621,23408140626,3440
6622,15019316972,10000
6623,2003502962,55760
6624,17383825758,39040
6625,21074044089,12480
6626,53873275287,22240
6627,113701252655,24280
6628,115519419653,102240
6629,103045755018,18800
6630,9660640502,640
6631,17638044180,3760
6632,22075897957,6720
6633,1390439423,50160
6634,87250808681,16880
6635,1374358440,80
6636,5372550099,57160
6637,371149174234,7320
6638,70285127954,123760
6639,47516385227,26800
6640,82696808458,23040
6641,67743340351,21840
6642,195120080174,33240
6643,30606949963,6480
6644,1830988170,51040
6645,172316024801,17440
6646,21122030042,3680
6647,103045755018,18800
6648,98692034855,33400
6649,57375867660,108240
6650,18081356074,11440
6651,17389026734,8160
6652,63779660684,30560
6653,14878979296,4960
6654,92627045335,15600
6655,2600008094,240
6656,18114803018,4880
6657,11393388470,43920
6658,2063671238,60960
6659,9350411589,1200
6660,2687684012,160
6661,5724339707,46960
6662,1374358440,80
6663,11824091548,2560
6664,18917901145,11200
6665,57608209812,24320
6666,89059824134,84000
6667,15591358874,3840
6668,27750055303,35760
6669,1916099215,75360
6670,29945835516,4640
6671,53727298145,106960
6672,56985563015,13440
6673,1374358440,80
6674,26094464918,5520
6675,1374358440,80
6676,51601936871,21440
6677,1478167869,70000
6678,4737689740,46320
6679,15591358874,3840
6680,31095841385,5040
6681,100778383019,118320
6682,10446940753,419120
6683,91326748812,190720
6684,53920552345,14560
6685,55604746942,34640
6686,195116588663,30160
6687,21122030042,3680
6688,52494005405,32000
6689,179585629584,37160
6690,16060169283,8080
6691,12376659642,1840
6692,23408140626,3440
6693,16060169283,8080
6694,107264705178,32680
6695,46233938156,14080
6696,176237396538,136720
6697,36948731607,36400
6698,91274112338,125520
6699,17110344820,4240
6700,2013400870,57280
6701,28704931708,120
6702,20682211119,3280
6703,227939123936,16520
6704,114608296420,101720
6705,31482218738,5120
6706,9266375618,44960
6707,85761989581,28800
6708,75360346624,920
6709,1374358440,80
6710,82696808458,23040
6711,236432760823,99800
6712,28777512035,12160
6713,11567757747,1360
6714,18707897890,335120
6715,21122030042,3680
6716,239416078539,33080
6717,80613673293,29120
6718,21696338923,38160
6719,9348453956,1600
6720,9983132801,3200
6721,29945835516,4640
6722,9856418914,42400
6723,1374358440,80
6724,9348453956,1600
6725,19738763180,9120
6726,202521655641,30520
6727,1322457631,57600
6728,19248589086,8640
6729,105060551962,11320
6730,56985563015,13440
6731,2737543491,49360
6732,49795945085,19600
6733,10245101358,395400
6734,46520056427,35440
6735,84306523046,99920
6736,5684346990,800
6737,1374358440,80
6738,13332088199,2080
6739,17638044180,3760
6740,21509414556,9040
6741,21509414556,9040
6742,26882172573,4480
6743,13891355234,1520
6744,8327828583,40000
6745,11741037049,8560
6746,119139398770,25200
6747,26094464918,5520
6748,9348453956,1600
6749,117873580258,145280
6750,134633541895,132560
6751,15050577109,1920
6752,16706492151,8880
6753,87418925450,24720
6754,238401921218,30760
6755,32050785144,35520
6756,3608052587,400
6757,97832552277,113520
6758,104720380714,18480
6759,55755921320,23600
6760,25118102990,6160
6761,115351144527,78920
6762,2524679115,64680
6763,7747223392,42160
6764,7023715921,720
6765,2687684012,160
6766,35117865222,34160
6767,95845389522,15920
6768,14876319705,4080
6769,26914551763,3920
6770,131960900677,18240
6771,30363027112,41240
6772,15478861463,4800
6773,111367466716,18320
6774,131960900677,18240
6775,64039606685,35600
6776,66729172444,15120
6777,21074044089,12480
6778,191730649580,17280
6779,2178111532,49440
6780,26693916977,35840
6781,29945835516,4640
6782,1748222344,61280
6783,144728908001,15280
6784,23101733842,9200
6785,3824026617,46080
6786,28383168956,5840
6787,116348982087,80960
6788,52993250630,6360
6789,11567757747,1360
6790,92627045335,15600
6791,19334631611,5680
6792,22075897957,6720
6793,19248589086,8640
6794,3608052587,400
6795,63735055424,150320
6796,81375523076,18080
6797,21509414556,9040
6798,108600685428,31760
6799,23669933410,4320
6800,27916461349,6080
6801,136120363488,18560
6802,55151747011,218840
6803,1661698303,63120
6804,5429857176,45440
6805,36362045738,20480
6806,15999718356,11920
6807,73383772649,11640
6808,436612328008,16280
6809,125960024810,31680
6810,126016473060,19680
6811,63968323880,22800
6812,21592449566,44120
6813,2600008094,240
6814,58180382513,20720
6815,7023715921,720
6816,20682211119,3280
6817,12623505456,1760
6818,50695201888,110400
6819,17186276929,5440
6820,66292804159,120800
6821,5684346990,800
6822,15478861463,4800
6823,71837506705,86640
6824,164553354377,23480
6825,1438237187,73360
6826,49795945085,19600
6827,24096684991,11760
6828,31183271091,6960
6829,14581449144,49800
6830,31095841385,5040
6831,87741640820,6280
6832,124707135646,91320
6833,145720586297,16480
6834,39947890230,6320
6835,26914551763,3920
6836,69955541545,6840
6837,81375523076,18080
6838,126802079774,30440
6839,17638044180,3760
6840,2631546696,73920
6841,15870396402,3360
6842,9660640502,640
6843,97570240847,86080
6844,20788222625,7520
6845,3608052587,400
6846,94484420797,117520
6847,53820665247,7360
6848,49764858157,89360
6849,51509791655,2040
6850,20009728863,41040
6851,87418925450,24720
6852,23656910588,3040
6853,180178719493,39640
6854,60025625758,34320
6855,204938590346,8360
6856,178054403179,11480
6857,10911635053,1280
6858,13092241585,7760
6859,5684346990,800
6860,1165137150,70640
6861,9348453956,1600
6862,5333770564,320
6863,17521721748,4720
6864,7459131083,72160
6865,79272726216,28480
6866,21610292380,5600
6867,117008091738,13000
6868,53004975054,163120
6869,11567757747,1360
6870,31833253865,5200
6871,63428298910,32080
6872,38488472394,4560
6873,15870396402,3360
6874,23689211270,7200
6875,175460321467,28680
6876,79670565464,77040
6877,13089134698,41280
6878,90611404195,3240
6879,9348453956,1600
6880,111367466716,18320
6881,9931974951,62280
6882,92627045335,15600
6883,7119752792,45200
6884,46233938156,14080
6885,53492650581,1240
6886,125129434845,146520
6887,23853271916,13040
6888,36760673045,13360
6889,17671764981,2800
6890,331762103070,6440
6891,17671764981,2800
6892,10917574233,52280
6893,64594251644,27920
6894,60305999704,14960
6895,59843078367,28000
6896,29958489473,39440
6897,22854197794,4400
6898,30606949963,6480
6899,6799206835,1040
6900,17011420553,8000
6901,12576156285,10720
6902,67815706672,29200
6903,133657978984,21560
6904,15489598358,8480
6905,148512722872,16720
6906,11642005252,560
6907,23856642424,9920
6908,23408140626,3440
6909,91109372702,27680
6910,33667550874,10560
6911,1374358440,80
6912,27750055303,35760
6913,102899676983,27760
6914,77953094991,19200
6915,2067534491,59840
6916,23158988748,12080
6917,28383168956,5840
6918,71139012017,22960
6919,13046061511,2240
6920,128793314070,130240
6921,29945835516,4640
6922,2687684012,160
6923,3466723235,52320
6924,145444361098,1960
6925,52036744754,20160
6926,11567757747,1360
6927,3066125333,68800
6928,231537955906,20360
6929,23101733842,9200
6930,15870396402,3360
6931,1374358440,80
6932,40481577304,269040
6933,17110344820,4240
6934,58131531355,20640
6935,57557532865,83360
6936,106967899853,19120
6937,29945835516,4640
6938,36512715695,265600
6939,22344929187,6400
6940,28909029183,7120
6941,15950731246,334280
6942,24424102909,7680
6943,50340489760,31360
6944,19334631611,5680
6945,224044973574,29640
6946,162079694580,125760
6947,9658571893,9600
6948,249614587496,92280
6949,25465476609,13120
6950,13046061511,2240
6951,16946126060,8720
6952,16706492151,8880
6953,148512722872,16720
6954,179412244739,11880
6955,116367587592,82200
6956,19873871526,2320
6957,42320824807,35120
6958,9892193006,2000
6959,2687684012,160
6960,203066841495,111440
6961,70184090448,84560
6962,164553354377,23480
6963,5333770564,320
6964,64435192093,26480
6965,3276658161,61000
6966,97441079550,25120
6967,126695249502,142160
6968,84970841554,21200
6969,113069912245,9160
6970,18910982041,2960
6971,15880493699,2640
6972,39200715323,14400
6973,22344929187,6400
6974,11642005252,560
6975,23784008333,5280
6976,105726087478,181560
6977,138529487553,141560
6978,15776737500,4000
6979,57015551370,27840
6980,93363555570,26080
6981,57863690694,3160
6982,202521655641,30520
6983,16359497198,41120
6984,36539997940,40
6985,5143708328,1680
6986,108600685428,31760
6987,150021792686,16080
6988,9149951836,43200
6989,1207801791,65920
6990,160890764346,15480
6991,55755921320,23600
6992,13092241585,7760
6993,82696808458,23040
6994,3824026617,46080
6995,25013359587,11280
6996,13046061511,2240
6997,106524574771,10520
6998,55041569754,148000
6999,2428798330,54480
7000,124182943464,149600
7001,43548505348,20320
7002,70373621373,20560
7003,122684855239,76720
7004,11951841178,9280
7005,29288016031,12720
7006,15362541596,6640
7007,54789580858,10600
7008,10873314768,41440
7009,51295189316,27040
7010,95887941524,17200
7011,25581146360,13840
7012,19248589086,8640
7013,94992152601,33120
7014,97054656469,8680
7015,2828425999,47680
7016,7023715921,720
7017,25407375100,22560
7018,31183271091,6960
7019,5894921198,47200
7020,5684346990,800
7021,2072604285,51920
7022,2503492794,55000
7023,150632953627,31800
7024,49508725386,8520
7025,15546887796,6560
7026,53492650581,1240
7027,9149951836,43200
7028,22699484924,8800
7029,9658571893,9600
7030,12623505456,1760
7031,32662672538,8240
7032,22075897957,6720
7033,10911635053,1280
7034,95036586510,26240
7035,1374358440,80
7036,10911635053,1280
7037,66157949116,11000
7038,11951841178,9280
7039,10042277472,404280
7040,116367587592,82200
7041,2600008094,240
7042,3714795603,48240
7043,15591358874,3840
7044,9945937771,68200
7045,32775958764,31040
7046,31833253865,5200
7047,144595185185,22720
7048,106072893267,3080
7049,22920582078,2720
7050,14876319705,4080
7051,13046061511,2240
7052,20166661638,9840
7053,54234970873,16560
7054,2155925558,50240
7055,146634028475,16160
7056,7263870366,500000
7057,22920582078,2720
7058,43707823982,4440
7059,13089134698,41280
7060,15880493699,2640
7061,13678261359,280
7062,9350411589,1200
7063,166521511954,142720
7064,29616534813,29760
7065,27310476897,37680
7066,28383168956,5840
7067,138939597028,160800
7068,1616852541,54720
7069,39631649739,40160
7070,1374358440,80
7071,5684346990,800
7072,15880493699,2640
7073,12826818257,40800
7074,3843361529,61880
7075,23656910588,3040
7076,22920582078,2720
7077,1722237937,61040
7078,23408140626,3440
7079,16085758222,10800
7080,8810555799,68840
7081,136120363488,18560
7082,15870396402,3360
7083,21150045435,5920
7084,23875429670,3520
7085,7628741027,71600
7086,47330199602,29920
7087,56554128087,14880
7088,164670147783,105040
7089,1322457631,57600
7090,72472396059,26640
7091,33245691455,5360
7092,122241683659,5320
7093,148718542469,119360
7094,17625197496,2480
7095,2591019770,58520
7096,43456009714,255360
7097,7263870366,500000
7098,2600008094,240
7099,9221830002,1120
7100,31095841385,5040
7101,72642954732,15360
7102,15489598358,8480
7103,145254961327,17840
7104,16060169283,8080
7105,17011420553,8000
7106,14876319705,4080
7107,17095927859,6240
7108,46520056427,35440
7109,2687684012,160
7110,19334631611,5680
7111,17671764981,2800
7112,113969841075,13080
7113,191730649580,17280
7114,32313318503,11520
7115,2687684012,160
7116,73954259020,6760
7117,20682211119,3280
7118,190773543538,19000
7119,1374358440,80
7120,72918674418,19840
7121,40573860630,24240
7122,2635992905,55840
7123,955540983,66160
7124,3608052587,400
7125,53977086116,16000
7126,100441197168,26160
7127,9258015597,47400
7128,191317325961,5160
7129,84497865570,2120
7130,58239397734,89840
7131,12454516442,10160
7132,4507444803,49840
7133,22920582078,2720
7134,547537684270,4600
7135,6194347287,960
7136,28053384383,3600
7137,72029484384,24800
7138,2585577884,73440
7139,64039606685,35600
7140,9495136607,40240
7141,12432461986,8400
7142,82866602445,16640
7143,9221830002,1120
7144,1374358440,80
7145,2687684012,160
7146,30251746999,34880
7147,9660640502,640
7148,19334631611,5680
7149,15478861463,4800
7150,19986639189,7600
7151,6799206835,1040
7152,110061080644,10040
7153,17077868903,7920
7154,20166661638,9840
7155,116125276051,180640
7156,101333104455,6680
7157,61170508641,26720
7158,57015551370,27840
7159,59843078367,28000
7160,75560243289,27200
7161,3608052587,400
7162,64510046983,128000
7163,146984354559,149680
7164,20093806595,334760
7165,5143708328,1680
7166,115581178853,24560
7167,106483291976,29440
7168,43707823982,4440
7169,24424102909,7680
7170,26914551763,3920
7171,21150045435,5920
7172,39200715323,14400
7173,125596810130,166560
7174,58131531355,20640
7175,53165155438,22400
7176,17011420553,8000
7177,54849935273,29520
7178,12095920634,48200
7179,49631463273,38400
7180,2591019770,58520
7181,25581146360,13840
7182,2600008094,240
7183,15912070617,9520
7184,4515057201,48720
7185,4120868263,68280
7186,89202998466,23760
7187,47330199602,29920
7188,23856642424,9920
7189,16706492151,8880
7190,9983132801,3200
7191,46228550293,31520
7192,78460728199,21040
7193,9658571893,9600
7194,81857607350,27440
7195,20712513489,9360
7196,57596705364,20960
7197,118976699271,90520
7198,214057081792,82560
7199,56209218247,24000
7200,6194347287,960
7201,67329617577,122400
7202,20431947730,10880
7203,62662662474,86480
7204,9350411589,1200
7205,93396523132,25920
7206,52036744754,20160
7207,2600008094,240
7208,171121306499,128240
7209,324075212432,17000
7210,207926134492,89040
7211,21150045435,5920
7212,12340652589,1440
7213,51509791655,2040
7214,53820665247,7360
7215,81277911580,11080
7216,28704931708,120
7217,53254715072,1800
7218,3907939339,52120
7219,180146520602,4360
7220,16142556994,5760
7221,23656910588,3040
7222,7023715921,720
7223,50037919078,40040
7224,6799206835,1040
7225,12376659642,1840
7226,12340652589,1440
7227,32662672538,8240
7228,78190301708,840
7229,1374358440,80
7230,1165137150,70640
7231,36223920257,29280
7232,32050785144,35520
7233,103309064064,23280
7234,9983132801,3200
7235,14876319705,4080
7236,2005321426,55440
7237,1374358440,80
7238,17110344820,4240
7239,34896110353,3120
7240,23689211270,7200
7241,4259419104,66520
7242,92141927600,182800
7243,114042064745,3800
7244,20682211119,3280
7245,72924688553,117760
7246,70019872889,106080
7247,2197395360,60000
7248,10564265550,42320
7249,19738763180,9120
7250,6799206835,1040
7251,6202102830,480
7252,274768098603,26680
7253,885394898,52880
7254,2582432710,73120
7255,9892193006,2000
7256,1374358440,80
7257,30805131540,360
7258,194786210688,112320
7259,16142556994,5760
7260,53920552345,14560
7261,85138380271,84800
7262,22075897957,6720
7263,11642005252,560
7264,64544608567,15760
7265,17077868903,7920
7266,52993250630,6360
7267,29346663777,7280
7268,2600008094,240
7269,20672883414,12560
7270,16087583322,10480
7271,70965906412,11400
7272,29697064265,12400
7273,63753660289,25760
7274,7263870366,500000
7275,603193752131,25320
7276,39754282327,24640
7277,6202102830,480
7278,19183476914,11680
7279,14876319705,4080
7280,13092241585,7760
7281,47199251058,20000
7282,126016473060,19680
7283,18694290611,41760
7284,36948731607,36400
7285,111492808968,102160
7286,48802443297,20800
7287,106072893267,3080
7288,1963265526,75760
7289,21509414556,9040
7290,191015333524,26520
7291,23856642424,9920
7292,67174237024,34080
7293,5333770564,320
7294,171637931946,3720
7295,12340652589,1440
7296,830047568978,7340
7297,4306313753,44480
7298,26882172573,4480
7299,36837541468,9680
7300,164553354377,23480
7301,13046061511,2240
7302,148512722872,16720
7303,105060551962,11320
7304,104239822466,96960
7305,130956690778,30320
7306,103309064064,23280
7307,17671764981,2800
7308,9350411589,1200
7309,50972251467,25440
7310,53820665247,7360
7311,45356641336,93120
7312,51601936871,21440
7313,366270702428,15800
7314,185466478198,95640
7315,25465476609,13120
7316,32253145536,12800
7317,145444361098,1960
7318,46368039679,93280
7319,1514973004,67520
7320,89202998466,23760
7321,2687684012,160
7322,26505612170,10240
7323,13332088199,2080
7324,209173155336,109440
7325,2600008094,240
7326,5684346990,800
7327,19268050737,38080
7328,10911635053,1280
7329,3329262321,47360
7330,14878979296,4960
7331,455797709469,17240
7332,46233938156,14080
7333,64460831638,91600
7334,29174547652,13680
7335,106967899853,19120
7336,2470576264,67840
7337,17186276929,5440
7338,46152821379,15440
7339,24185268356,10080
7340,80006883947,146280
7341,52036744754,20160
7342,89693684746,1400
7343,6194347287,960
7344,25118102990,6160
7345,8279310503,44200
7346,81553310735,85520
7347,26882172573,4480
7348,49953875815,109920
7349,10911635053,1280
7350,140965054822,18160
7351,13332088199,2080
7352,48771542050,28240
7353,2687684012,160
7354,74662945500,24880
7355,100029400677,14120
7356,15870396402,3360
7357,40399840840,38560
7358,180146520602,4360
7359,147800684929,35680
7360,87250808681,16880
7361,2687684012,160
7362,82696808458,23040
7363,129057320601,12040
7364,9348453956,1600
7365,87596758188,121200
7366,66729172444,15120
7367,87741640820,6280
7368,3236709245,53120
7369,1374358440,80
7370,107534067990,5080
7371,742180496738,29160
7372,89598483611,188080
7373,108004795493,93720
7374,26882172573,4480
7375,18857244689,4160
7376,7263870366,500000
7377,67329617577,122400
7378,61958770793,20240
7379,81295931750,8920
7380,73954259020,6760
7381,15478861463,4800
7382,5515507543,49120
7383,29210106841,6880
7384,150911904089,13800
7385,34538092491,11840
7386,57050236473,156640
7387,119139398770,25200
7388,95933971711,5800
7389,9047753330,42720
7390,43509083266,8840
7391,2171938345,65600
7392,23082724763,85280
7393,108776465041,28720
7394,26505612170,10240
7395,5956614604,45520
7396,84098071061,23520
7397,11824091548,2560
7398,118615477390,146400
7399,108279347535,4680
7400,28777512035,12160
7401,28053384383,3600
7402,82924689759,26880
7403,34289033548,39200
7404,78625252010,120080
7405,5333770564,320
7406,40573860630,24240
7407,58123010201,15200
7408,11498725955,53800
7409,2206993268,54800
7410,28383168956,5840
7411,23101733842,9200
7412,107690125100,27520
7413,2687684012,160
7414,9221830002,1120
7415,6194347287,960
7416,22854197794,4400
7417,21074044089,12480
7418,11951841178,9280
7419,40804526046,259960
7420,303618006125,19800
7421,82645869018,2600
7422,34722111340,7440
7423,54120570873,28640
7424,1374358440,80
7425,2295024691,50800
7426,58116159615,23440
7427,11670237789,2400
7428,39754282327,24640
7429,34538092491,11840
7430,64594251644,27920
7431,42988152011,33920
7432,58027703937,31840
7433,2600008094,240
7434,21150045435,5920
7435,143141951502,4280
7436,303618006125,19800
7437,189594368742,90480
7438,17625197496,2480
7439,22854197794,4400
7440,274894387138,78280
7441,29314973658,38320
7442,13046061511,2240
7443,5333770564,320
7444,1916163926,51280
7445,145720586297,16480
7446,5684346990,800
7447,182665185704,113360
7448,24096684991,11760
7449,15456552623,7840
7450,31095841385,5040
7451,39947890230,6320
7452,85789508795,115720
7453,53920552345,14560
7454,12340652589,1440
7455,29346663777,7280
7456,1374358440,80
7457,34896110353,3120
7458,57675168343,36720
7459,145407329716,147040
7460,2600008094,240
7461,6814747275,46920
7462,81553310735,85520
7463,1924537781,52640
7464,2687684012,160
7465,20431947730,10880
7466,49919360363,184160
7467,28383168956,5840
7468,36948731607,36400
7469,23856642424,9920
7470,56603367581,42200
7471,18910982041,2960
7472,56985563015,13440
7473,28282827998,36160
7474,14878979296,4960
7475,19986639189,7600
7476,30606949963,6480
7477,241373886158,76680
7478,61958770793,20240
7479,5684346990,800
7480,12432461986,8400
7481,160745549262,130880
7482,28909029183,7120
7483,95933971711,5800
7484,1972664856,69440
7485,13678261359,280
7486,9983132801,3200
7487,26914551763,3920
7488,32253145536,12800
7489,20431947730,10880
7490,95887941524,17200
7491,1196597398661,27880
7492,18522672847,6000
7493,6392283143,880
7494,40732318937,21360
7495,6814747275,46920
7496,36138078994,196320
7497,145720586297,16480
7498,14578863196,12320
7499,40573860630,24240
7500,35117865222,34160
7501,15019316972,10000
7502,23853271916,13040
7503,32775958764,31040
7504,45610307327,440
7505,3608052587,400
7506,56985563015,13440
7507,89700187257,5240
7508,1374358440,80
7509,12454516442,10160
7510,16060169283,8080
7511,82924689759,26880
7512,179957320382,25480
7513,66307966522,34960
7514,13046061511,2240
7515,17521721748,4720
7516,269735678645,15000
7517,40573860630,24240
7518,108030236074,3000
7519,25465476609,13120
7520,15831651663,40960
7521,29346663777,7280
7522,15591358874,3840
7523,33596664814,264000
7524,25407375100,22560
7525,9983132801,3200
7526,11670237789,2400
7527,9658571893,9600
7528,22699484924,8800
7529,60156757195,28160
7530,2635992905,55840
7531,50043397940,25520
7532,23669933410,4320
7533,29340870390,39680
7534,87205743816,7720
7535,7388919877,46800
7536,20712513489,9360
7537,103642955176,171120
7538,188190926960,108080
7539,15880493699,2640
7540,3608052587,400
7541,43727825588,37120
7542,67174237024,34080
7543,17521721748,4720
7544,2687684012,160
7545,5143708328,1680
7546,7263870366,500000
7547,58116159615,23440
7548,31833253865,5200
7549,52494005405,32000
7550,85467122659,84240
7551,21772899223,200
7552,77472764723,9880
7553,74205419552,30840
7554,14578863196,12320
7555,7023715921,720
7556,56554128087,14880
7557,20788222625,7520
7558,13678261359,280
7559,23784008333,5280
7560,33451249985,25840
7561,5333770564,320
7562,3095037110,59920
7563,83791688694,114240
7564,41809171636,30400
7565,13046061511,2240
7566,22344929187,6400
7567,11741037049,8560
7568,1288318480,54080
7569,209298502522,22120
7570,28704931708,120
7571,18917901145,11200
7572,111556105192,91800
7573,14350982604,2160
7574,12826818257,40800
7575,12432461986,8400
7576,84970841554,21200
7577,4812694721,44000
7578,131131617654,132280
7579,7023715921,720
7580,5684346990,800
7581,3355756429,74640
7582,15880493699,2640
7583,2687684012,160
7584,60656071894,32800
7585,9165635560,47920
7586,50244828827,22080
7587,6811314806,68680
7588,92752792318,192400
7589,15591358874,3840
7590,35979013909,33280
7591,1526031526,56240
7592,113570189758,29720
7593,4519098648,58480
7594,11642005252,560
7595,21509414556,9040
7596,169207484135,116240
7597,22376593198,10960
7598,13046061511,2240
7599,122567229441,78360
7600,84497865570,2120
7601,9221830002,1120
7602,26882172573,4480
7603,70036933083,26560
7604,12340652589,1440
7605,43548505348,20320
7606,9774501668,60280
7607,91109372702,27680
7608,11567757747,1360
7609,4912704872,47520
7610,62642425934,21680
7611,15478861463,4800
7612,20682211119,3280
7613,64092753968,211280
7614,3968572678,55680
7615,21122030042,3680
7616,85741621290,26400
7617,16060169283,8080
7618,1374358440,80
7619,2582911753,60720
7620,6799206835,1040
7621,5684346990,800
7622,62168932959,14640
7623,37103553962,14240
7624,36539997940,40
7625,21520625332,12880
7626,108773318569,19040
7627,122359339694,138080
7628,27916461349,6080
7629,280553003111,19080
7630,10994443315,10400
7631,8327828583,40000
7632,3329262321,47360
7633,6202102830,480
7634,15546887796,6560
7635,48574112765,24480
7636,168404502121,105480
7637,225329143129,82880
7638,2168097260,74240
7639,51601936871,21440
7640,15591358874,3840
7641,42569554114,28960
7642,1374358440,80
7643,129353598564,25960
7644,9983132801,3200
7645,8668774638,50200
7646,1054282203,68480
7647,19738763180,9120
7648,66369290725,96160
7649,13046061511,2240
7650,11741037049,8560
7651,108956833750,81360
7652,110816695172,30880
7653,12384318263,2880
7654,3073217070,55040
7655,164572019353,20120
7656,18857244689,4160
7657,146830854506,19280
7658,17814928701,337280
7659,71848505371,33200
7660,22344929187,6400
7661,17095927859,6240
7662,26505612170,10240
7663,72642954732,15360
7664,11642005252,560
7665,60624122623,148560
7666,23408140626,3440
7667,90611404195,3240
7668,20969206442,327840
7669,43509083266,8840
7670,14878979296,4960
7671,1177022982,69520
7672,53165155438,22400
7673,86945585381,32600
7674,54983820826,77840
7675,11642005252,560
7676,94850263243,103280
7677,12384318263,2880
7678,62044629116,16320
7679,6392283143,880
7680,28467545219,37280
7681,11567757747,1360
7682,91757201123,101200
7683,2600008094,240
7684,182688258585,5560
7685,65677929417,32320
7686,69790389028,201920
7687,14350982604,2160
7688,33777549691,278160
7689,244621795520,79600
7690,15591358874,3840
7691,80838889666,212720
7692,11567757747,1360
7693,99445571211,85560
7694,17110344820,4240
7695,33451249985,25840
7696,198631419076,4840
7697,136120363488,18560
7698,21150045435,5920
7699,127969090072,163800
7700,16976316359,9760
7701,17186276929,5440
7702,72642954732,15360
7703,59640316295,31280
7704,167340654706,17600
7705,7023715921,720
7706,19738763180,9120
7707,2800964700,66200
7708,261299595595,76840
7709,6392283143,880
7710,145254961327,17840
7711,2883996258,57200
7712,62044629116,16320
7713,115501695900,17680
7714,21150045435,5920
7715,30805131540,360
7716,2600008094,240
7717,6202102830,480
7718,5333770564,320
7719,15489598358,8480
7720,56225312944,1080
7721,3608052587,400
7722,58123010201,15200
7723,11642005252,560
7724,1343925107,50640
7725,95887941524,17200
7726,13604356594,40480
7727,87250808681,16880
7728,62497979629,142400
7729,38914243620,26000
7730,39475789254,261680
7731,41629150757,20080
7732,25581146360,13840
7733,225610689442,78480
7734,23158988748,12080
7735,86593739695,116160
7736,32313318503,11520
7737,1374358440,80
7738,2142471428,59280
7739,85422022929,16960
7740,11670237789,2400
7741,21610292380,5600
7742,26693916977,35840
7743,69955541545,6840
7744,57465214704,241920
7745,17733400848,8320
7746,55795483880,163600
7747,88668807314,109840
7748,156700416195,4520
7749,118976699271,90520
7750,90611404195,3240
7751,12384318263,2880
7752,56791366887,227600
7753,324075212432,17000
7754,33204682642,37760
7755,1207801791,65920
7756,58095986012,24400
7757,164553354377,23480
7758,41387091538,241120
7759,14878979296,4960
7760,10585783424,43760
7761,22854197794,4400
7762,23876354012,37360
7763,17095927859,6240
7764,2452580182,76240
7765,48075093637,82000
7766,18522672847,6000
7767,13184427245,48360
7768,3338506577,50000
7769,16976316359,9760
7770,66729172444,15120
7771,15019316972,10000
7772,6392283143,880
7773,371149174234,7320
7774,37975189103,33600
7775,101333104455,6680
7776,25581146360,13840
7777,116952318536,15880
7778,1374358440,80
7779,3608052587,400
7780,9658571893,9600
7781,29174547652,13680
7782,106793466580,27280
7783,34722111340,7440
7784,9181193253,42000
7785,3236709245,53120
7786,25465476609,13120
7787,110659542871,157520
7788,34535377619,12960
7789,185259138004,96200
7790,17110344820,4240
7791,78932386565,122800
7792,45610307327,440
7793,92627045335,15600
7794,6539578447,52360
7795,4051362907,48880
7796,20682211119,3280
7797,1642815324,52480
7798,9660640502,640
7799,9658571893,9600
7800,5684346990,800
7801,127903473183,24760
7802,9660640502,640
7803,52637118669,23680
7804,78190301708,840
7805,5329492073,54440
7806,77828884737,77440
7807,22854197794,4400
7808,18917901145,11200
7809,23158988748,12080
7810,42649942002,34720
7811,58131531355,20640
7812,145720586297,16480
7813,20682211119,3280
7814,25013359587,11280
7815,58123010201,15200
7816,46233938156,14080
7817,5393785316,44640
7818,17110344820,4240
7819,39947890230,6320
7820,7263870366,500000
7821,8626225315,60860
7822,18910982041,2960
7823,85761989581,28800
7824,18910982041,2960
7825,49795945085,19600
7826,154071370305,16400
7827,3608052587,400
7828,118383421578,91120
7829,53820665247,7360
7830,12623505456,1760
7831,14578863196,12320
7832,32662672538,8240
7833,63968323880,22800
7834,4051362907,48880
7835,188905729061,16240
7836,260835587440,14200
7837,36941700728,13920
7838,73383772649,11640
7839,56575094546,105200
7840,115501695900,17680
7841,15478861463,4800
7842,58131531355,20640
7843,87161364170,179840
7844,16946126060,8720
7845,41322889979,99760
7846,46098432850,14000
7847,58131531355,20640
7848,2503648610,67760
7849,62898897307,21120
7850,97441079550,25120
7851,38998990035,12000
7852,4042636359,66360
7853,26914551763,3920
7854,142546291708,36200
7855,13092241585,7760
7856,1374358440,80
7857,3166033849,66640
7858,7790175901,66080
7859,64435192093,26480
7860,54849935273,29520
7861,28053384383,3600
7862,21150045435,5920
7863,17186276929,5440
7864,150021792686,16080
7865,47775817680,244440
7866,1642815324,52480
7867,20788222625,7520
7868,66385127551,113200
7869,20788222625,7520
7870,20682211119,3280
7871,56209218247,24000
7872,1374358440,80
7873,9348453956,1600
7874,21074044089,12480
7875,14350982604,2160
7876,22075897957,6720
7877,12376659642,1840
7878,61170508641,26720
7879,32253145536,12800
7880,10477783015,56120
7881,14878979296,4960
7882,19248589086,8640
7883,1374358440,80
7884,25581146360,13840
7885,106805333097,3960
7886,1374358440,80
7887,46152821379,15440
7888,16113344013,336160
7889,43076668133,37920
7890,5333770564,320
7891,3741252144,54320
7892,28053384383,3600
7893,15999718356,11920
7894,21772899223,200
7895,2600008094,240
7896,9812826787,46560
7897,103557198277,86960
7898,26465861661,35040
7899,320968714470,16920
7900,27090540895,38000
7901,28053384383,3600
7902,24896185267,295080
7903,7747223392,42160
7904,23784008333,5280
7905,9221830002,1120
7906,2118658897,64160
7907,58095986012,24400
7908,31353758719,21600
7909,21618919613,10640
7910,57608209812,24320
7911,11824091548,2560
7912,47080146754,14480
7913,9660640502,640
7914,52637118669,23680
7915,3784579606,51560
7916,36004203903,13600
7917,13046061511,2240
7918,3608052587,400
7919,33245691455,5360
7920,154243510642,16800
7921,21074044089,12480
7922,36760673045,13360
7923,31183271091,6960
7924,32375736126,36960
7925,143648985401,3880
7926,1374358440,80
7927,22699484924,8800
7928,11642005252,560
7929,11824091548,2560
7930,105041362756,6120
7931,3741252144,54320
7932,61958770793,20240
7933,12576156285,10720
7934,17011420553,8000
7935,17625197496,2480
7936,3608052587,400
7937,2687684012,160
7938,9660640502,640
7939,29210106841,6880
7940,24185268356,10080
7941,3100935134,55960
7942,32313318503,11520
7943,2960858218,71680
7944,90536951140,196440
7945,150021792686,16080
7946,25013359587,11280
7947,10994443315,10400
7948,92627045335,15600
7949,128327037540,38040
7950,2600008094,240
7951,13332088199,2080
7952,83110391246,20880
7953,89693684746,1400
7954,1310728365,64080
7955,21520625332,12880
7956,4538527584,59720
7957,7867883307,75460
7958,1038746415,56080
7959,265795878681,13720
7960,17186276929,5440
7961,18857244689,4160
7962,12623505456,1760
7963,1374358440,80
7964,72472396059,26640
7965,95817954921,104800
7966,16976316359,9760
7967,53254715072,1800
7968,22920582078,2720
7969,14073056770,40720
7970,13092241585,7760
7971,30071437553,32160
7972,15870396402,3360
7973,6194347287,960
7974,9983132801,3200
7975,85714345197,17760
7976,110816695172,30880
7977,81472489417,126160
7978,49795945085,19600
7979,2640392712,68560
7980,21772899223,200
7981,1141417026791,17720
7982,10564265550,42320
7983,38914243620,26000
7984,49036516299,600
7985,52637118669,23680
7986,89081768937,99720
7987,81375523076,18080
7988,1374358440,80
7989,137498194074,17920
7990,113069912245,9160
7991,47348102633,15680
7992,194139747268,22360
7993,5333770564,320
7994,33245691455,5360
7995,212618540423,29400
7996,42898884843,520
7997,42898884843,520
7998,134475963720,30920
7999,99385940557,168800
8000,1946301886,53600
8001,231900399395,100160
8002,335759611572,18280
8003,7263870366,500000
8004,85812512964,22320
8005,30606949963,6480
8006,18910982041,2960
8007,106483291976,29440
8008,56418360815,170560
8009,1374358440,80
8010,198631419076,4840
8011,6194347287,960
8012,106793466580,27280
8013,1213595447,72400
8014,10911635053,1280
8015,2269613922,51120
8016,14350982604,2160
8017,57212444835,39840
8018,530366120828,22280
8019,12454516442,10160
8020,3034077786,54880
8021,26465861661,35040
8022,15999718356,11920
8023,4046622827,66760
8024,47199251058,20000
8025,26882172573,4480
8026,6202102830,480
8027,5333770564,320
8028,247428423104,91080
8029,30270525932,40760
8030,9660640502,640
8031,8589323829,63160
8032,3608052587,400
8033,955540983,66160
8034,12826818257,40800
8035,13332088199,2080
8036,11642005252,560
8037,48771542050,28240
8038,13891355234,1520
8039,7263870366,500000
8040,22656554835,11600
8041,76820790896,30080
8042,18910982041,2960
8043,12384318263,2880
8044,25013359587,11280
8045,50972251467,25440
8046,948634832,72720
8047,14878979296,4960
8048,12454516442,10160
8049,100222439749,163680
8050,25118102990,6160
8051,6381824027,52000
8052,79465899127,25600
8053,10994443315,10400
8054,57675168343,36720
8055,103602109936,104080
8056,52700352044,175600
8057,87250808681,16880
8058,54234970873,16560
8059,57729421489,86720
8060,5193884173,59080
8061,9658571893,9600
8062,14878979296,4960
8063,11951841178,9280
8064,63968323880,22800
8065,29346663777,7280
8066,48234750446,14160
8067,4547854892,72440
8068,60305999704,14960
8069,9660640502,640
8070,29210106841,6880
8071,22075897957,6720
8072,238401921218,30760
8073,3986624393,54760
8074,77061360583,98080
8075,33667550874,10560
8076,12376659642,1840
8077,21610292380,5600
8078,82924689759,26880
8079,49999151057,35920
8080,97339506540,18880
8081,20168245720,9440
8082,103936410656,760
8083,111715843386,15840
8084,15362541596,6640
8085,3608052587,400
8086,22699484924,8800
8087,21610292380,5600
8088,6514621084,75840
8089,95887941524,17200
8090,79068971386,36800
8091,781269393820,7020
8092,25465476609,13120
8093,249659420539,92760
8094,34387685282,257840
8095,81375523076,18080
8096,2417610698,70600
8097,31744536064,6800
8098,27750055303,35760
8099,7263870366,500000
8100,6194347287,960
8101,26094464918,5520
8102,62284620430,85680
8103,22699484924,8800
8104,70373621373,20560
8105,27916461349,6080
8106,3262936394,64960
8107,66836593710,29600
8108,104171338035,3400
8109,34874575165,100640
8110,19144532808,13760
8111,6799206835,1040
8112,12376659642,1840
8113,22699484924,8800
8114,9983132801,3200
8115,262081750103,23000
8116,2687684012,160
8117,21150045435,5920
8118,77953094991,19200
8119,36095261090,263800
8120,49191332981,22160
8121,2156213022,52720
8122,208657760347,9480
8123,66729172444,15120
8124,17186276929,5440
8125,125832807407,19440
8126,26094464918,5520
8127,65746068126,4040
8128,46233938156,14080
8129,7023715921,720
8130,2600008094,240
8131,55836880556,31120
8132,22854197794,4400
8133,17638044180,3760
8134,12454516442,10160
8135,66729172444,15120
8136,9892193006,2000
8137,27320739252,11360
8138,1374358440,80
8139,13948875703,39520
8140,106805333097,3960
8141,62898897307,21120
8142,5684346990,800
8143,15478861463,4800
8144,5892420748,482480
8145,38914243620,26000
8146,156700416195,4520
8147,31744536064,6800
8148,48616889143,23920
8149,72642954732,15360
8150,36506643138,14320
8151,17011420553,8000
8152,167340654706,17600
8153,7023715921,720
8154,5143708328,1680
8155,12432461986,8400
8156,7040960631,50880
8157,47080146754,14480
8158,15050577109,1920
8159,135330669654,133600
8160,19334631611,5680
8161,107526161884,97680
8162,73720581632,116720
8163,19248589086,8640
8164,15912070617,9520
8165,103434013930,111200
8166,46228550293,31520
8167,19738763180,9120
8168,35417988268,196720
8169,34538092491,11840
8170,17077868903,7920
8171,9660640502,640
8172,9658571893,9600
8173,1326653301,50960
8174,2687684012,160
8175,15050577109,1920
8176,7927986660,75240
8177,32662672538,8240
8178,26534414659,42360
8179,14002326039,42080
8180,5143708328,1680
8181,62044629116,16320
8182,7119752792,45200
8183,17077868903,7920
8184,104720380714,18480
8185,75330607451,21520
8186,60409082220,22480
8187,10994443315,10400
8188,23082724763,85280
8189,76488656644,10280
8190,97441079550,25120
8191,15776737500,4000
8192,1374358440,80
8193,116591097463,85080
8194,35117865222,34160
8195,75596244502,120560
8196,35263376528,12640
8197,25407375100,22560
8198,9660640502,640
8199,126341060248,155760
8200,2600008094,240
8201,28704931708,120
8202,81722816181,199160
8203,176239915204,25400
8204,5333770564,320
8205,53820665247,7360
8206,17110344820,4240
8207,88754011675,134320
8208,14350982604,2160
8209,75560243289,27200
8210,16087583322,10480
8211,21122030042,3680
8212,3875472681,50560
8213,31833253865,5200
8214,19641589584,13280
8215,12385960793,47800
8216,1374358440,80
8217,171980324211,8040
8218,87886037960,104320
8219,30606949963,6480
8220,54789580858,10600
8221,939301808,59440
8222,61958770793,20240
8223,85812512964,22320
8224,23987296592,309520
8225,132889774062,28280
8226,254136322485,24120
8227,125832807407,19440
8228,115581178853,24560
8229,108776465041,28720
8230,5333770564,320
8231,13089134698,41280
8232,20431947730,10880
8233,22920582078,2720
8234,23669933410,4320
8235,15362541596,6640
8236,125832807407,19440
8237,39947890230,6320
8238,11567757747,1360
8239,30793914017,13520
8240,110073069804,153000
8241,12384318263,2880
8242,7207771462,49640
8243,15776737500,4000
8244,15880493699,2640
8245,9983132801,3200
8246,55836880556,31120
8247,11642005252,560
8248,963002444,60080
8249,53920552345,14560
8250,32313318503,11520
8251,17625197496,2480
8252,9933339396,65640
8253,110061080644,10040
8254,30265799561,36480
8255,20649080394,41400
8256,21772899223,200
8257,28383168956,5840
8258,55836880556,31120
8259,96090595567,32480
8260,171980324211,8040
8261,17110344820,4240
8262,15776737500,4000
8263,5684346990,800
8264,11567757747,1360
8265,92086296268,18720
8266,28909029183,7120
8267,44801448186,24160
8268,27385179375,39360
8269,265795878681,13720
8270,553386401064,15240
8271,1374358440,80
8272,2005321426,55440
8273,148512722872,16720
8274,7263870366,500000
8275,10994443315,10400
8276,17077868903,7920
8277,5333770564,320
8278,2558552727,60640
8279,94510449040,9000
8280,9203392058,69640
8281,16359497198,41120
8282,125832807407,19440
8283,391442788834,26920
8284,15880493699,2640
8285,106072893267,3080
8286,7023715921,720
8287,23875429670,3520
8288,64544608567,15760
8289,13891355234,1520
8290,40640263729,169280
8291,54234970873,16560
8292,136120363488,18560
8293,8327828583,40000
8294,5724339707,46960
8295,26872247854,230000
8296,56554128087,14880
8297,17095927859,6240
8298,9658571893,9600
8299,164386630148,138000
8300,3453998735,57920
8301,17110344820,4240
8302,11824091548,2560
8303,3608052587,400
8304,56554128087,14880
8305,6202102830,480
8306,4460888269,46720
8307,23875429670,3520
8308,7023715921,720
8309,18522672847,6000
8310,51601936871,21440
8311,15999718356,11920
8312,46098432850,14000
8313,21783925718,333240
8314,85422022929,16960
8315,13678261359,280
8316,14350982604,2160
8317,67815706672,29200
8318,53977086116,16000
8319,1299554102,69280
8320,77953094991,19200
8321,35117865222,34160
8322,18522672847,6000
8323,23101733842,9200
8324,7263870366,500000
8325,14350982604,2160
8326,21610292380,5600
8327,6392283143,880
8328,12376659642,1840
8329,9165635560,47920
8330,1584134022,69120
8331,57608209812,24320
8332,70373621373,20560
8333,2036741222,56640
8334,5684346990,800
8335,112282032514,148720
8336,52993250630,6360
8337,1374358440,80
8338,28909029183,7120
8339,55901576630,83280
8340,18910982041,2960
8341,17625197496,2480
8342,31353758719,21600
8343,5684346990,800
8344,57608209812,24320
8345,9983132801,3200
8346,19183476914,11680
8347,93934833036,88880
8348,2687684012,160
8349,27916461349,6080
8350,14048202201,40320
8351,150031655226,10200
8352,16706492151,8880
8353,1547179648,52960
8354,9983132801,3200
8355,1435205715,65840
8356,9658571893,9600
8357,199785134675,34440
8358,127903473183,24760
8359,15880493699,2640
8360,31833253865,5200
8361,9348453956,1600
8362,43874233927,12240
8363,108773318569,19040
8364,49414165425,118560
8365,89202998466,23760
8366,57907566954,147520
8367,11567757747,1360
8368,97036049645,99320
8369,15050577109,1920
8370,22656554835,11600
8371,15478861463,4800
8372,42898884843,520
8373,682683878183,17480
8374,1299554102,69280
8375,106992945346,25280
8376,56985563015,13440
8377,154321171045,32360
8378,23656910588,3040
8379,3537931646,59960
8380,53254715072,1800
8381,54145510118,24960
8382,84098071061,23520
8383,15912070617,9520
8384,2482058421,64240
8385,119139398770,25200
8386,113622675289,37320
8387,21618919613,10640
8388,33667550874,10560
8389,5548067290,45280
8390,72276039930,82400
8391,13332088199,2080
8392,62848094739,139840
8393,21074044089,12480
8394,132897635362,143520
8395,18278117389,337440
8396,5143708328,1680
8397,238738627008,90400
8398,5333770564,320
8399,111367466716,18320
8400,2178111532,49440
8401,9348453956,1600
8402,101972051207,13320
8403,23656910588,3040
8404,36362045738,20480
8405,41629150757,20080
8406,76458335176,4120
8407,28909029183,7120
8408,11670237789,2400
8409,2540128680,46480
8410,31482218738,5120
8411,15456552623,7840
8412,11642005252,560
8413,5684346990,800
8414,54847395961,36040
8415,7312443170,49560
8416,23853271916,13040
8417,74984686754,21920
8418,126016473060,19680
8419,256041756634,15080
8420,12623505456,1760
8421,31744536064,6800
8422,15912070617,9520
8423,54234970873,16560
8424,21122030042,3680
8425,21772899223,200
8426,34535377619,12960
8427,32209109090,231440
8428,79522632203,25680
8429,4912704872,47520
8430,3310422270,62960
8431,16706492151,8880
8432,16060169283,8080
8433,2600008094,240
8434,32816849117,159360
8435,23875429670,3520
8436,36837541468,9680
8437,29346663777,7280
8438,26094464918,5520
8439,116952318536,15880
8440,13332088199,2080
8441,18081356074,11440
8442,13092241585,7760
8443,29210106841,6880
8444,27320739252,11360
8445,7023715921,720
8446,133657978984,21560
8447,46233938156,14080
8448,74629868607,28080
8449,114333566893,172720
8450,188905729061,16240
8451,5143708328,1680
8452,2687684012,160
8453,3608052587,400
8454,1722237937,61040
8455,5548067290,45280
8456,43983928964,32640
8457,9660640502,640
8458,13891355234,1520
8459,3048558273,62160
8460,21520625332,12880
8461,11951841178,9280
8462,12576156285,10720
8463,15831651663,40960
8464,63241875154,30000
8465,21509414556,9040
8466,140577714963,121600
8467,22699484924,8800
8468,36506643138,14320
8469,1599781249,61200
8470,29346663777,7280
8471,1374358440,80
8472,3262936394,64960
8473,64460831638,91600
8474,78625252010,120080
8475,3259205703,63200
8476,140965054822,18160
8477,2514916276,56400
8478,239747345189,92480
8479,13332088199,2080
8480,30805131540,360
8481,95036586510,26240
8482,6392283143,880
8483,17077868903,7920
8484,48887323414,120000
8485,200110143606,13640
8486,6978543172,73400
8487,94760932279,32720
8488,33245691455,5360
8489,17383825758,39040
8490,93433311171,9400
8491,9350411589,1200
8492,2498791688,59480
8493,29314973658,38320
8494,2156213022,52720
8495,246205362920,33840
8496,9660640502,640
8497,143141951502,4280
8498,194209579882,126880
8499,154243510642,16800
8500,78460728199,21040
8501,3608052587,400
8502,38914243620,26000
8503,173523501031,18000
8504,17110344820,4240
8505,2687684012,160
8506,11567757747,1360
8507,36539997940,40
8508,2687684012,160
8509,55604746942,34640
8510,23875429670,3520
8511,83390278198,19520
8512,27385179375,39360
8513,19272314234,37040
8514,25562442906,36320
8515,185720005700,20520
8516,15999718356,11920
8517,9765269637,48680
8518,7023715921,720
8519,14578863196,12320
8520,23856642424,9920
8521,16085758222,10800
8522,12623505456,1760
8523,1429000173,58880
8524,5894921198,47200
8525,16706492151,8880
8526,104801026591,6040
8527,26094464918,5520
8528,5684346990,800
8529,31353758719,21600
8530,27090540895,38000
8531,15478861463,4800
8532,19334631611,5680
8533,54234970873,16560
8534,31353758719,21600
8535,9016509332,63560
8536,18522672847,6000
8537,2600008094,240
8538,11567757747,1360
8539,83390278198,19520
8540,140965054822,18160
8541,4460173468,60320
8542,330282230461,16440
8543,23689211270,7200
8544,167340654706,17600
8545,132184545649,132120
8546,2960858218,71680
8547,13092241585,7760
8548,1374358440,80
8549,21772899223,200
8550,17638044180,3760
8551,7023715921,720
8552,1870146759,54560
8553,17110344820,4240
8554,7023715921,720
8555,80546942401,11960
8556,3822022315,51200
8557,11951841178,9280
8558,71479075448,27600
8559,63774673835,12920
8560,58650424016,162640
8561,163102819110,4760
8562,54238147939,45320
8563,17110344820,4240
8564,11642005252,560
8565,89059824134,84000
8566,3100935134,55960
8567,82449703075,23120
8568,24096684991,11760
8569,304881812479,14840
8570,336960345310,19560
8571,193419236488,101920
8572,37975189103,33600
8573,5684346990,800
8574,58205391409,1720
8575,30793914017,13520
8576,2503492794,55000
8577,2622725560,72320
8578,11851673519,42480
8579,13332088199,2080
8580,53977086116,16000
8581,191730649580,17280
8582,9350411589,1200
8583,16706492151,8880
8584,9348453956,1600
8585,17733400848,8320
8586,9221830002,1120
8587,125530455648,161440
8588,85812512964,22320
8589,38488472394,4560
8590,15999718356,11920
8591,109789914338,170880
8592,1374358440,80
8593,8812171924,44320
8594,11824091548,2560
8595,13891355234,1520
8596,2687684012,160
8597,5684346990,800
8598,256386667533,23640
8599,7263870366,500000
8600,46302098074,36640
8601,2544174234,68640
8602,19873871526,2320
8603,14002326039,42080
8604,2320562963,61120
8605,30700200760,40400
8606,103045755018,18800
8607,772376282594,7000
8608,111715843386,15840
8609,410514746992,25640
8610,35979013909,33280
8611,681524592363,18360
8612,2687684012,160
8613,123724843060,136840
8614,8525578999,57800
8615,70077117423,204280
8616,15870396402,3360
8617,27562438485,11040
8618,9658571893,9600
8619,148512722872,16720
8620,1374358440,80
8621,6392283143,880
8622,17733400848,8320
8623,22920582078,2720
8624,58095986012,24400
8625,11951841178,9280
8626,82696808458,23040
8627,7624393231,46400
8628,40640263729,169280
8629,162046068614,34760
8630,38998990035,12000
8631,59843078367,28000
8632,12576156285,10720
8633,57280103992,42840
8634,3608052587,400
8635,57902505113,3640
8636,5333770564,320
8637,52086179253,77280
8638,1374358440,80
8639,6194347287,960
8640,104720380714,18480
8641,368292612136,25000
8642,54648839383,26320
8643,49663236733,32400
8644,158300151873,107480
8645,6202102830,480
8646,193780957935,103000
8647,85677631939,7400
8648,28383168956,5840
8649,2067534491,59840
8650,11824091548,2560
8651,47080146754,14480
8652,2600008094,240
8653,22656554835,11600
8654,11951841178,9280
8655,1148016890,69360
8656,15019316972,10000
8657,36506643138,14320
8658,54648839383,26320
8659,55836880556,31120
8660,70373621373,20560
8661,28053384383,3600
8662,105041362756,6120
8663,9221830002,1120
8664,29288016031,12720
8665,143211156061,5400
8666,46228550293,31520
8667,2600008094,240
8668,18917901145,11200
8669,2600008094,240
8670,9892193006,2000
8671,55755921320,23600
8672,13608026520,11120
8673,89700187257,5240
8674,1830988170,51040
8675,3086500449,55520
8676,157253509815,135280
8677,1374358440,80
8678,2687684012,160
8679,2503648610,67760
8680,35803981480,13200
8681,5684346990,800
8682,21772899223,200
8683,17389026734,8160
8684,52036744754,20160
8685,64456928447,10760
8686,16636224580,8960
8687,12376659642,1840
8688,74629868607,28080
8689,117378469423,100320
8690,15362541596,6640
8691,2640392712,68560
8692,46463966933,83520
8693,1216687922,60240
8694,27562438485,11040
8695,67815706672,29200
8696,5143708328,1680
8697,96720420035,8440
8698,5392952597,56280
8699,10994443315,10400
8700,16636224580,8960
8701,78932386565,122800
8702,50439157857,31440
8703,17110344820,4240
8704,12340652589,1440
8705,183187939689,123360
8706,4504516750,73520
8707,125483851164,32920
8708,14876319705,4080
8709,7023715921,720
8710,114892343666,171200
8711,23656910588,3040
8712,34722111340,7440
8713,79465899127,25600
8714,984588129,70720
8715,6202102830,480
8716,5143708328,1680
8717,21618919613,10640
8718,19334631611,5680
8719,9266375618,44960
8720,15546887796,6560
8721,749667533095,8380
8722,66307966522,34960
8723,28383168956,5840
8724,21772899223,200
8725,4499323603,73040
8726,96661051856,38120
8727,77342834824,145040
8728,47080146754,14480
8729,9221830002,1120
8730,19641589584,13280
8731,94335297791,9960
8732,6799206835,1040
8733,36004203903,13600
8734,14002326039,42080
8735,430841169311,23160
8736,104171338035,3400
8737,188195045189,115680
8738,72918674418,19840
8739,173805251499,136480
8740,6202102830,480
8741,103840844106,2200
8742,125961500850,151240
8743,7995029831,47440
8744,145498506035,137880
8745,27562438485,11040
8746,32050785144,35520
8747,11741037049,8560
8748,1374358440,80
8749,17110344820,4240
8750,2687684012,160
8751,21618919613,10640
8752,2600008094,240
8753,75360346624,920
8754,15362541596,6640
8755,487193713971,17400
8756,89700187257,5240
8757,12376659642,1840
8758,75756363547,79920
8759,23689211270,7200
8760,118188915198,12600
8761,2072604285,51920
8762,68876123190,25040
8763,13891355234,1520
8764,53920552345,14560
8765,2687684012,160
8766,49663236733,32400
8767,794183105324,17880
8768,12376659642,1840
8769,47080146754,14480
8770,9350411589,1200
8771,19873871526,2320
8772,62383639770,221440
8773,113701252655,24280
8774,2600008094,240
8775,29288016031,12720
8776,89700187257,5240
8777,11824091548,2560
8778,107264705178,32680
8779,43548505348,20320
8780,15019316972,10000
8781,15050577109,1920
8782,155085957948,34520
8783,9856418914,42400
8784,188905729061,16240
8785,14578863196,12320
8786,16142556994,5760
8787,2687684012,160
8788,9350411589,1200
8789,9476491430,65560
8790,15880493699,2640
8791,12623505456,1760
8792,15050577109,1920
8793,23408140626,3440
8794,46233938156,14080
8795,106696020664,15520
8796,28909029183,7120
8797,3690992210,51760
8798,126270097462,83440
8799,3193648058,46880
8800,21074044089,12480
8801,21293593002,45560
8802,7263870366,500000
8803,15591358874,3840
8804,2498791688,59480
8805,17638044180,3760
8806,151387075668,147240
8807,9660640502,640
8808,15591358874,3840
8809,66836593710,29600
8810,6392283143,880
8811,110136854661,19760
8812,5333770564,320
8813,152287326217,4200
8814,9350411589,1200
8815,11642005252,560
8816,11567757747,1360
8817,63779660684,30560
8818,89510787845,95120
8819,1374358440,80
8820,19986639189,7600
8821,153337990349,110800
8822,28053384383,3600
8823,53165155438,22400
8824,17638044180,3760
8825,78460728199,21040
8826,9221830002,1120
8827,16142556994,5760
8828,9221830002,1120
8829,17733400848,8320
8830,18114803018,4880
8831,20672883414,12560
8832,29288016031,12720
8833,178649935169,86160
8834,31095841385,5040
8835,64985759625,30480
8836,23408140626,3440
8837,50277985399,36000
8838,17389026734,8160
8839,23875429670,3520
8840,9348453956,1600
8841,3608052587,400
8842,19641589584,13280
8843,31577213682,273840
8844,19248589086,8640
8845,22920582078,2720
8846,17095927859,6240
8847,46233938156,14080
8848,106005308983,12280
8849,9658571893,9600
8850,17521721748,4720
8851,92086296268,18720
8852,15795654096,46600
8853,3296732139,44400
8854,31833253865,5200
8855,33929155828,272480
8856,2938953599,53200
8857,23101733842,9200
8858,7023715921,720
8859,9658571893,9600
8860,15776737500,4000
8861,53254715072,1800
8862,17521721748,4720
8863,3608052587,400
8864,75360346624,920
8865,69663194306,121640
8866,3747746678,47040
8867,2687684012,160
8868,26003255263,43600
8869,133604027276,125960
8870,45979883803,90080
8871,85072392230,14800
8872,17389026734,8160
8873,2600008094,240
8874,1755623844,59200
8875,127525037032,167160
8876,17521721748,4720
8877,4732655347,68880
8878,95687675630,41800
8879,2614932466,68160
8880,85677631939,7400
8881,336960345310,19560
8882,176089786370,122960
8883,22344929187,6400
8884,108030236074,3000
8885,15362541596,6640
8886,66729172444,15120
8887,19144532808,13760
8888,13046061511,2240
8889,129113685061,129640
8890,31744536064,6800
8891,69655242489,25360
8892,36760673045,13360
8893,2600008094,240
8894,1374284073,66240
8895,28383168956,5840
8896,25013359587,11280
8897,9350411589,1200
8898,14350982604,2160
8899,96048231591,6200
8900,10911635053,1280
8901,9660640502,640
8902,66729172444,15120
8903,11567757747,1360
8904,34896110353,3120
8905,32662672538,8240
8906,15478861463,4800
8907,2342085341,67880
8908,72712095790,30240
8909,9350411589,1200
8910,11609447743,42880
8911,1374358440,80
8912,11670237789,2400
8913,18114803018,4880
8914,66729172444,15120
8915,50340489760,31360
8916,45559667875,22880
8917,50109757968,15040
8918,4502982781,49960
8919,100177834359,103440
8920,95933971711,5800
8921,130757245533,157040
8922,36004203903,13600
8923,6392283143,880
8924,9350411589,1200
8925,4191733916,56440
8926,51509791655,2040
8927,2627188653,66040
8928,39200715323,14400
8929,63141782810,32960
8930,15489598358,8480
8931,17095927859,6240
8932,16060169283,8080
8933,91597860219,93360
8934,54234970873,16560
8935,1374358440,80
8936,71848505371,33200
8937,49191332981,22160
8938,984588129,70720
8939,67086114945,110080
8940,29346663777,7280
8941,72918674418,19840
8942,71139012017,22960
8943,1374358440,80
8944,5333770564,320
8945,106077369914,2360
8946,97441079550,25120
8947,4336500208,44560
8948,34722111340,7440
8949,136132896223,18960
8950,6194347287,960
8951,12623505456,1760
8952,79272726216,28480
8953,102389575657,162920
8954,31353758719,21600
8955,17389026734,8160
8956,58287429922,6920
8957,12454516442,10160
8958,25118102990,6160
8959,30805131540,360
8960,5684346990,800
8961,31353758719,21600
8962,73830269443,96400
8963,29210106841,6880
8964,134857526894,130520
8965,45559667875,22880
8966,18081356074,11440
8967,22344929187,6400
8968,1374358440,80
8969,17671764981,2800
8970,461662889894,18120
8971,11851673519,42480
8972,30265799561,36480
8973,5684346990,800
8974,2737543491,49360
8975,15999718356,11920
8976,34535377619,12960
8977,12432461986,8400
8978,3608052587,400
8979,64594251644,27920
8980,5716274929,49000
8981,125960024810,31680
8982,57015551370,27840
8983,23689211270,7200
8984,6194347287,960
8985,30606949963,6480
8986,23656910588,3040
8987,10068616700,65160
8988,104720380714,18480
8989,104262413606,82640
8990,242806168919,81280
8991,56209218247,24000
8992,21122030042,3680
8993,36837541468,9680
8994,11567757747,1360
8995,209859902052,14920
8996,1374358440,80
8997,10911635053,1280
8998,1288318480,54080
8999,33245691455,5360
9000,16706492151,8880
9001,58116159615,23440
9002,11824091548,2560
9003,17521721748,4720
9004,106383641062,1480
9005,147283879454,34200
9006,154399903521,137440
9007,78460728199,21040
9008,6392283143,880
9009,38998990035,12000
9010,77829774743,28400
9011,13891355234,1520
9012,46228550293,31520
9013,27562438485,11040
9014,1374358440,80
9015,15034772281,42760
9016,140497270038,12120
9017,3754881138,54000
9018,21772899223,200
9019,15478861463,4800
9020,15034772281,42760
9021,134234693613,22640
9022,16142556994,5760
9023,2387072914,53040
9024,51600786113,21280
9025,3608052587,400
9026,15732898019,43840
9027,42649942002,34720
9028,49508725386,8520
9029,21074044089,12480
9030,16706492151,8880
9031,13092241585,7760
9032,2687684012,160
9033,36760673045,13360
9034,15999718356,11920
9035,30251746999,34880
9036,26094464918,5520
9037,11741037049,8560
9038,37103553962,14240
9039,77472764723,9880
9040,5333770564,320
9041,42569554114,28960
9042,25762440814,7040
9043,5684346990,800
9044,15050577109,1920
9045,77829774743,28400
9046,72182030925,144480
9047,56173571782,103920
9048,6194347287,960
9049,2982699938,54640
9050,10911635053,1280
9051,80791577806,31600
9052,91972124883,85160
9053,27916461349,6080
9054,1374358440,80
9055,17383825758,39040
9056,21122030042,3680
9057,50439157857,31440
9058,246676814286,13240
9059,2356370051,50720
9060,209341332041,24360
9061,5143708328,1680
9062,48771542050,28240
9063,147969873846,31640
9064,90611404195,3240
9065,15776737500,4000
9066,97339506540,18880
9067,27543148623,44920
9068,195675729602,105360
9069,688479312489,33000
9070,461175426865,32760
9071,30793914017,13520
9072,23408140626,3440
9073,9348453956,1600
9074,296632992156,17080
9075,25118102990,6160
9076,136132896223,18960
9077,1517481641,61600
9078,20431947730,10880
9079,23784008333,5280
9080,7263870366,500000
9081,172316024801,17440
9082,31482218738,5120
9083,26914551763,3920
9084,15776737500,4000
9085,64039606685,35600
9086,56554128087,14880
9087,22920582078,2720
9088,371149174234,7320
9089,2005321426,55440
9090,150255530835,7800
9091,218626732473,14360
9092,21520625332,12880
9093,27562438485,11040
9094,96090595567,32480
9095,49795945085,19600
9096,119007421161,167120
9097,118244657153,158320
9098,144642745299,128080
9099,130455934192,11240
9100,12340652589,1440
9101,29346663777,7280
9102,85072392230,14800
9103,84497865570,2120
9104,167340654706,17600
9105,23875429670,3520
9106,16706492151,8880
9107,103309064064,23280
9108,23408140626,3440
9109,29697064265,12400
9110,11670237789,2400
9111,110816695172,30880
9112,23689211270,7200
9113,9348453956,1600
9114,963002444,60080
9115,7263870366,500000
9116,9983132801,3200
9117,15880493699,2640
9118,83142530790,84880
9119,16142556994,5760
9120,59640316295,31280
9121,1374358440,80
9122,93741848477,80560
9123,58205391409,1720
9124,45559667875,22880
9125,2036741222,56640
9126,24347887664,39080
9127,38541762081,255440
9128,14878979296,4960
9129,127408599151,9320
9130,9660640502,640
9131,5143708328,1680
9132,103854913280,176400
9133,17638044180,3760
9134,69607552324,136360
9135,9892193006,2000
9136,124632969111,22200
9137,93363555570,26080
9138,107264705178,32680
9139,56225312944,1080
9140,27968803724,34480
9141,9350411589,1200
9142,136654095392,136320
9143,21150045435,5920
9144,40399840840,38560
9145,25407375100,22560
9146,3747746678,47040
9147,28383168956,5840
9148,2687684012,160
9149,1374358440,80
9150,6915909192,43520
9151,150911904089,13800
9152,26882172573,4480
9153,58205391409,1720
9154,4538527584,59720
9155,75330607451,21520
9156,89020507201,28560
9157,18522672847,6000
9158,10083363298,42800
9159,137498194074,17920
9160,7263870366,500000
9161,56554128087,14880
9162,36837541468,9680
9163,23784008333,5280
9164,49663236733,32400
9165,114315374540,161600
9166,27968803724,34480
9167,30251746999,34880
9168,5333770564,320
9169,54120570873,28640
9170,18910982041,2960
9171,14350982604,2160
9172,53920552345,14560
9173,34896110353,3120
9174,152191108449,10680
9175,5143708328,1680
9176,31095841385,5040
9177,72712095790,30240
9178,104801026591,6040
9179,119582033012,39000
9180,23856642424,9920
9181,81230959361,14720
9182,22344929187,6400
9183,71859836467,90720
9184,19272314234,37040
9185,18522672847,6000
9186,50340489760,31360
9187,24096684991,11760
9188,9350411589,1200
9189,15831651663,40960
9190,14876319705,4080
9191,15362541596,6640
9192,40573860630,24240
9193,149569701365,2440
9194,79522632203,25680
9195,99784557249,4920
9196,49036516299,600
9197,28777512035,12160
9198,20788222625,7520
9199,20168245720,9440
9200,50439157857,31440
9201,89020507201,28560
9202,7263870366,500000
9203,81295931750,8920
9204,12340652589,1440
9205,242404947750,17120
9206,2387072914,53040
9207,76820790896,30080
9208,45559667875,22880
9209,83390278198,19520
9210,13891355234,1520
9211,49795945085,19600
9212,36948731607,36400
9213,2582911753,60720
9214,60156757195,28160
9215,11741037049,8560
9216,72712095790,30240
9217,19144532808,13760
9218,5684346990,800
9219,15050577109,1920
9220,54120570873,28640
9221,25407375100,22560
9222,43548505348,20320
9223,49036516299,600
9224,86672681231,194000
9225,1258488203,69840
9226,1098354562061,27960
9227,12384318263,2880
9228,2540128680,46480
9229,1326653301,50960
9230,263541078045,29240
9231,6202102830,480
9232,87981065618,196640
9233,53977086116,16000
9234,7023715921,720
9235,17389026734,8160
9236,15870396402,3360
9237,3651779708,48560
9238,82696808458,23040
9239,137498194074,17920
9240,19641589584,13280
9241,2687684012,160
9242,19641589584,13280
9243,204784534129,104640
9244,143648985401,3880
9245,143141951502,4280
9246,22854197794,4400
9247,30265799561,36480
9248,15870396402,3360
9249,31095841385,5040
9250,3064276086,58080
9251,9221830002,1120
9252,2687684012,160
9253,25746253687,37520
9254,9350411589,1200
9255,3296732139,44400
9256,42898884843,520
9257,1374358440,80
9258,11567757747,1360
9259,34896110353,3120
9260,63779660684,30560
9261,160890764346,15480
9262,23408140626,3440
9263,19641589584,13280
9264,36362045738,20480
9265,15999718356,11920
9266,2544174234,68640
9267,9495136607,40240
9268,23669933410,4320
9269,1517481641,61600
9270,15999718356,11920
9271,38914243620,26000
9272,19334631611,5680
9273,145444361098,1960
9274,19287375973,38640
9275,51600786113,21280
9276,21074044089,12480
9277,39430724691,46280
9278,57557532865,83360
9279,6194347287,960
9280,184726647117,88520
9281,1374358440,80
9282,2059330834,57440
9283,123747373587,18400
9284,114042064745,3800
9285,31744536064,6800
9286,212618540423,29400
9287,2488226540,64880
9288,81375523076,18080
9289,22656554835,11600
9290,2548729868,57120
9291,15478861463,4800
9292,48802443297,20800
9293,137650884972,145440
9294,15870396402,3360
9295,3608052587,400
9296,31183271091,6960
9297,23101733842,9200
9298,130501351003,135760
9299,11851673519,42480
9300,79262880472,5640
9301,3714795603,48240
9302,37103553962,14240
9303,74550920428,218480
9304,25407375100,22560
9305,11670237789,2400
9306,17521721748,4720
9307,20168245720,9440
9308,2687684012,160
9309,48574112765,24480
9310,67815706672,29200
9311,54107851629,103120
9312,21520625332,12880
9313,2828425999,47680
9314,5684346990,800
9315,148512722872,16720
9316,2973159137,56000
9317,1148016890,69360
9318,21150045435,5920
9319,7023715921,720
9320,20168245720,9440
9321,52036744754,20160
9322,116348982087,80960
9323,33451249985,25840
9324,33244949381,268640
9325,12384318263,2880
9326,145720586297,16480
9327,12376659642,1840
9328,27562438485,11040
9329,32775958764,31040
9330,948634832,72720
9331,74984686754,21920
9332,13891355234,1520
9333,215022333128,36920
9334,36837541468,9680
9335,13678261359,280
9336,1374358440,80
9337,78190301708,840
9338,7023715921,720
9339,1374358440,80
9340,71479075448,27600
9341,239001100710,30800
9342,15880493699,2640
9343,89700187257,5240
9344,5724339707,46960
9345,23689211270,7200
9346,2994855941,64000
9347,76103510096,114720
9348,154321171045,32360
9349,31095841385,5040
9350,103434013930,111200
9351,5333770564,320
9352,371149174234,7320
9353,64510046983,128000
9354,42320824807,35120
9355,18910982041,2960
9356,15870396402,3360
9357,37103553962,14240
9358,96661051856,38120
9359,459044721980,18680
9360,2687684012,160
9361,54789580858,10600
9362,36138078994,196320
9363,38998990035,12000
9364,187870364921,115600
9365,34535377619,12960
9366,73830269443,96400
9367,6202102830,480
9368,27385179375,39360
9369,32313318503,11520
9370,57015551370,27840
9371,21610292380,5600
9372,87418925450,24720
9373,20712513489,9360
9374,7485337304,61560
9375,14350982604,2160
9376,20682211119,3280
9377,39200715323,14400
9378,73606606557,119280
9379,82449703075,23120
9380,15489598358,8480
9381,103045755018,18800
9382,17638044180,3760
9383,17186276929,5440
9384,57566942591,94560
9385,15489598358,8480
9386,72029484384,24800
9387,12384318263,2880
9388,19334631611,5680
9389,145444361098,1960
9390,3608052587,400
9391,38998990035,12000
9392,18917901145,11200
9393,109668941417,39600
9394,366270702428,15800
9395,25118102990,6160
9396,13948875703,39520
9397,5143708328,1680
9398,106793466580,27280
9399,11567757747,1360
9400,22075897957,6720
9401,23875429670,3520
9402,16845208111,45640
9403,176942388830,136000
9404,29945835516,4640
9405,15456552623,7840
9406,2428798330,54480
9407,3244480130,74320
9408,96240839884,115560
9409,9350411589,1200
9410,104720380714,18480
9411,27310476897,37680
9412,98932105042,193960
9413,15912070617,9520
9414,6194347287,960
9415,64592304991,123440
9416,10150215315,53160
9417,42988152011,33920
9418,106904921633,29040
9419,48802443297,20800
9420,272675036997,27560
9421,50569883210,236560
9422,44738206330,33040
9423,96720420035,8440
9424,38998990035,12000
9425,14350982604,2160
9426,106805333097,3960
9427,19986639189,7600
9428,52036744754,20160
9429,2452580182,76240
9430,1451869925,56880
9431,201939857923,90840
9432,256041756634,15080
9433,54648839383,26320
9434,29346663777,7280
9435,120767994164,89080
9436,1374358440,80
9437,179921849138,19640
9438,26505612170,10240
9439,2687684012,160
9440,410543061956,20680
9441,5684346990,800
9442,117665964247,84400
9443,89939377795,29680
9444,6392283143,880
9445,51908139813,173600
9446,2600008094,240
9447,36394158528,162400
9448,246730133864,35000
9449,68997074931,128480
9450,140915175316,143720
9451,23408140626,3440
9452,29958489473,39440
9453,2687684012,160
9454,1374358440,80
9455,2687684012,160
9456,30805131540,360
9457,9557409680,47640
9458,13046061511,2240
9459,9892193006,2000
9460,1038746415,56080
9461,31744536064,6800
9462,58027703937,31840
9463,50043397940,25520
9464,11824091548,2560
9465,17095927859,6240
9466,10994443315,10400
9467,16068955449,38240
9468,27165561015,43640
9469,18522672847,6000
9470,64985759625,30480
9471,80546942401,11960
9472,30606949963,6480
9473,101972051207,13320
9474,5684346990,800
9475,16636224580,8960
9476,23082724763,85280
9477,22699484924,8800
9478,227939123936,16520
9479,18910982041,2960
9480,29340870390,39680
9481,3843361529,61880
9482,1374358440,80
9483,15478861463,4800
9484,131960900677,18240
9485,29697064265,12400
9486,15912070617,9520
9487,87741640820,6280
9488,64456928447,10760
9489,230268687819,81400
9490,59099009441,27120
9491,47516385227,26800
9492,9181193253,42000
9493,53977086116,16000
9494,5684346990,800
9495,23408140626,3440
9496,16087583322,10480
9497,82866602445,16640
9498,208650972487,19960
9499,16976316359,9760
9500,2600008094,240
9501,154176712000,110480
9502,7023715921,720
9503,15478861463,4800
9504,121803750356,18640
9505,15912070617,9520
9506,110816695172,30880
9507,37975189103,33600
9508,76820790896,30080
9509,41629150757,20080
9510,23875429670,3520
9511,3329262321,47360
9512,337442508621,20920
9513,4583671825,57320
9514,140965054822,18160
9515,76253196184,2520
9516,19986639189,7600
9517,23689211270,7200
9518,6392283143,880
9519,23784008333,5280
9520,47199251058,20000
9521,59843078367,28000
9522,28402204871,33520
9523,6194347287,960
9524,41629150757,20080
9525,16946126060,8720
9526,15489598358,8480
9527,16087583322,10480
9528,42320824807,35120
9529,44440374948,251840
9530,56209218247,24000
9531,218626732473,14360
9532,16976316359,9760
9533,828932150607,27080
9534,9348453956,1600
9535,1374358440,80
9536,9348453956,1600
9537,53254715072,1800
9538,14578863196,12320
9539,18857244689,4160
9540,69955541545,6840
9541,47167181643,39320
9542,142441771055,2280
9543,113463387629,152160
9544,42810448334,39960
9545,2994855941,64000
9546,66729172444,15120
9547,17077868903,7920
9548,3651779708,48560
9549,4308637718,61400
9550,22920582078,2720
9551,82924689759,26880
9552,67279913115,211400
9553,2687684012,160
9554,20672883414,12560
9555,41629150757,20080
9556,11951841178,9280
9557,27916461349,6080
9558,295278881377,16680
9559,17011420553,8000
9560,4004414179,47280
9561,13332088199,2080
9562,12340652589,1440
9563,21520625332,12880
9564,154071370305,16400
9565,391442788834,26920
9566,46152821379,15440
9567,86626498460,172320
9568,167340654706,17600
9569,2687684012,160
9570,7910598657,70840
9571,2600008094,240
9572,1438237187,73360
9573,9350411589,1200
9574,19248589086,8640
9575,48802443297,20800
9576,1916163926,51280
9577,155409789585,124440
9578,104720380714,18480
9579,18857244689,4160
9580,2812088862,58720
9581,17625197496,2480
9582,44801448186,24160
9583,62044629116,16320
9584,11951841178,9280
9585,11179827172,402000
9586,106077369914,2360
9587,4425319755,66880
9588,20712513489,9360
9589,83322682464,80720
9590,1326653301,50960
9591,179412244739,11880
9592,6202102830,480
9593,9892193006,2000
9594,2687684012,160
9595,25762440814,7040
9596,72924688553,117760
9597,36282290691,37200
9598,85812512964,22320
9599,7263870366,500000
9600,207797368182,17960
9601,1532527980,63520
9602,578030412405,22840
9603,71859836467,90720
9604,21293593002,45560
9605,16946126060,8720
9606,38488472394,4560
9607,20166661638,9840
9608,152569275440,143960
9609,85714345197,17760
9610,15050577109,1920
9611,22344929187,6400
9612,15999718356,11920
9613,1374358440,80
9614,41629150757,20080
9615,2687684012,160
9616,54487213194,33680
9617,6392283143,880
9618,33245691455,5360
9619,89202998466,23760
9620,5333770564,320
9621,2540128680,46480
9622,3113124582,59040
9623,2982699938,54640
9624,1216687922,60240
9625,26914551763,3920
9626,28704931708,120
9627,17638044180,3760
9628,15912070617,9520
9629,6194347287,960
9630,16946126060,8720
9631,81295931750,8920
9632,304881812479,14840
9633,12384318263,2880
9634,65746068126,4040
9635,60025625758,34320
9636,10585783424,43760
9637,12432461986,8400
9638,148512722872,16720
9639,23875429670,3520
9640,60409082220,22480
9641,1374358440,80
9642,9983132801,3200
9643,72642954732,15360
9644,39420730090,45880
9645,17625197496,2480
9646,1054282203,68480
9647,9176693883,45160
9648,25562442906,36320
9649,6392283143,880
9650,26914551763,3920
9651,16636224580,8960
9652,23656910588,3040
9653,407550639376,12360
9654,22075897957,6720
9655,28242267344,44880
9656,7536777108,58600
9657,6392283143,880
9658,66183559712,143000
9659,17095927859,6240
9660,11642005252,560
9661,181804693591,107760
9662,1987200067,63360
9663,60409082220,22480
9664,17011420553,8000
9665,13608026520,11120
9666,208657760347,9480
9667,71479075448,27600
9668,32149131897,43400
9669,1578917762,61920
9670,14878979296,4960
9671,44801448186,24160
9672,5392952597,56280
9673,53920552345,14560
9674,3735693999,58240
9675,42376941963,140840
9676,10994443315,10400
9677,4526127605,50080
9678,154243510642,16800
9679,120409608926,97840
9680,9660640502,640
9681,6194347287,960
9682,12376659642,1840
9683,235716034393,9560
9684,10873314768,41440
9685,32057552514,37840
9686,6213816925,46160
9687,58131531355,20640
9688,10873314768,41440
9689,11642005252,560
9690,15050577109,1920
9691,118592258854,175280
9692,15050577109,1920
9693,10911635053,1280
9694,2344215114,53840
9695,14878979296,4960
9696,29945835516,4640
9697,13953517473,10320
9698,325425367600,18040
9699,20431947730,10880
9700,19641589584,13280
9701,30606949963,6480
9702,14197262841,44080
9703,14878979296,4960
9704,171109214582,111760
9705,16142556994,5760
9706,12376659642,1840
9707,1748222344,61280
9708,23669933410,4320
9709,41809171636,30400
9710,9350411589,1200
9711,9983132801,3200
9712,84970841554,21200
9713,28593244908,37600
9714,27320739252,11360
9715,35803981480,13200
9716,31183271091,6960
9717,17095927859,6240
9718,11642005252,560
9719,23875429670,3520
9720,32313318503,11520
9721,1963265526,75760
9722,19183476914,11680
9723,57207402886,1640
9724,2687684012,160
9725,1384682949944,16840
9726,175894361785,101520
9727,132515639063,37720
9728,36760673045,13360
9729,31183271091,6960
9730,54120570873,28640
9731,108030236074,3000
9732,21074044089,12480
9733,1326653301,50960
9734,64435192093,26480
9735,554783894553,20760
9736,17638044180,3760
9737,35263376528,12640
9738,345488775856,21400
9739,11670237789,2400
9740,17625197496,2480
9741,125373721239,9240
9742,26914551763,3920
9743,28383168956,5840
9744,62898897307,21120
9745,82924689759,26880
9746,9658571893,9600
9747,446518441134,19720
9748,72029484384,24800
9749,140497270038,12120
9750,89202998466,23760
9751,49036516299,600
9752,206363489143,17040
9753,30793914017,13520
9754,53920552345,14560
9755,19986639189,7600
9756,83110391246,20880
9757,3651779708,48560
9758,2454188311,74480
9759,22920582078,2720
9760,5684346990,800
9761,17077868903,7920
9762,12384318263,2880
9763,2687684012,160
9764,26505612170,10240
9765,114651073892,167760
9766,15591358874,3840
9767,125832807407,19440
9768,53492650581,1240
9769,5333770564,320
9770,207797368182,17960
9771,11670237789,2400
9772,18522672847,6000
9773,71139012017,22960
9774,19144532808,13760
9775,54276974852,178200
9776,1374358440,80
9777,69655242489,25360
9778,38488472394,4560
9779,78250619547,127920
9780,31183271091,6960
9781,3203043412,48000
9782,5684346990,800
9783,43563021246,249920
9784,1374358440,80
9785,28053384383,3600
9786,74806535448,22000
9787,108333426681,2920
9788,6392283143,880
9789,2938953599,53200
9790,7263870366,500000
9791,17095927859,6240
9792,207797368182,17960
9793,82645869018,2600
9794,35979013909,33280
9795,49953875815,109920
9796,13891355234,1520
9797,21618919613,10640
9798,9658571893,9600
9799,173523501031,18000
9800,39200715323,14400
9801,139898329284,150800
9802,9660640502,640
9803,8812171924,44320
9804,224401222649,96320
9805,1818803978,53520
9806,58027703937,31840
9807,60023203699,35200
9808,56985563015,13440
9809,33667550874,10560
9810,35263376528,12640
9811,111715843386,15840
9812,39947890230,6320
9813,2620536692,71040
9814,147172260136,116360
9815,57608209812,24320
9816,9350411589,1200
9817,99784557249,4920
9818,15999718356,11920
9819,111367466716,18320
9820,12454516442,10160
9821,1153691481,59120
9822,9348453956,1600
9823,14876319705,4080
9824,23875429670,3520
9825,13891355234,1520
9826,136132896223,18960
9827,62168932959,14640
9828,48887323414,120000
9829,7023715921,720
9830,143211156061,5400
9831,58272152258,41720
9832,203853467927,7960
9833,31833253865,5200
9834,20431947730,10880
9835,17733400848,8320
9836,173892613157,135720
9837,51509791655,2040
9838,15732898019,43840
9839,3608052587,400
9840,175890309322,94640
9841,79068971386,36800
9842,82866602445,16640
9843,13396314586,40880
9844,54271625832,1880
9845,87794368921,10840
9846,146634028475,16160
9847,17077868903,7920
9848,11824091548,2560
9849,36941700728,13920
9850,31482218738,5120
9851,20682211119,3280
9852,15050577109,1920
9853,9983132801,3200
9854,36004203903,13600
9855,4082479741,45920
9856,35333674036,88800
9857,60023203699,35200
9858,20672883414,12560
9859,11552412555,53440
9860,17095927859,6240
9861,12376659642,1840
9862,42898884843,520
9863,9983132801,3200
9864,29616534813,29760
9865,5548067290,45280
9866,70036933083,26560
9867,2800964700,66200
9868,48771542050,28240
9869,191730649580,17280
9870,80546942401,11960
9871,1374358440,80
9872,58116159615,23440
9873,6194347287,960
9874,112198977213,82360
9875,7263870366,500000
9876,4808710985,61520
9877,16085758222,10800
9878,53920552345,14560
9879,1374358440,80
9880,7263870366,500000
9881,7263870366,500000
9882,150021792686,16080
9883,19334631611,5680
9884,28402204871,33520
9885,55901576630,83280
9886,29346663777,7280
9887,25118102990,6160
9888,22854197794,4400
9889,209184634141,20600
9890,3608052587,400
9891,5333770564,320
9892,1750714313,60160
9893,6539578447,52360
9894,60156757195,28160
9895,1861103762,68960
9896,63241875154,30000
9897,9350411589,1200
9898,217582975483,15720
9899,9660640502,640
9900,53977086116,16000
9901,57902505113,3640
9902,7325857982,69160
9903,102178321768,106800
9904,23899986055,46840
9905,984588129,70720
9906,20672883414,12560
9907,83390278198,19520
9908,5333770564,320
9909,11670237789,2400
9910,28574856785,294720
9911,44022784873,132160
9912,44801448186,24160
9913,38998990035,12000
9914,111367466716,18320
9915,39754282327,24640
9916,15870396402,3360
9917,136120363488,18560
9918,84231481836,126560
9919,32375736126,36960
9920,107559963889,28600
9921,21305484042,44600
9922,27750055303,35760
9923,11567757747,1360
9924,54234970873,16560
9925,25407375100,22560
9926,2600008094,240
9927,12432461986,8400
9928,47348102633,15680
9929,13089134698,41280
9930,9892193006,2000
9931,134877184299,81920
9932,56985563015,13440
9933,64544608567,15760
9934,252448497689,22760
9935,49663236733,32400
9936,6831770692,494200
9937,92086296268,18720
9938,61546504076,83040
9939,116952318536,15880
9940,54734937854,100560
9941,15880493699,2640
9942,56209218247,24000
9943,8829164846,74560
9944,36837541468,9680
9945,36004203903,13600
9946,22854197794,4400
9947,150255530835,7800
9948,187297609425,111640
9949,150255530835,7800
9950,18917901145,11200
9951,47919907967,183920
9952,2687684012,160
9953,106575421591,162440
9954,1374358440,80
9955,2800964700,66200
9956,2558362570,67280
9957,6194347287,960
9958,15776737500,4000
9959,95933971711,5800
9960,41809171636,30400
9961,4157392183,65520
9962,5143708328,1680
9963,130956690778,30320
9964,54847395961,36040
9965,1374358440,80
9966,7023715921,720
9967,12376659642,1840
9968,15591358874,3840
9969,1661698303,63120
9970,93363555570,26080
9971,1372630699,72000
9972,31183271091,6960
9973,278309738343,21960
9974,3983432437,72880
9975,90463301786,29840
9976,121626743191,96640
9977,143759676465,31200
9978,15478861463,4800
9979,31482218738,5120
9980,191730649580,17280
9981,39947890230,6320
9982,39200715323,14400
9983,11567757747,1360
9984,45152944982,40840
9985,26914551763,3920
9986,198562862456,100880
9987,21122030042,3680
9988,20168245720,9440
9989,3608052587,400
9990,15870396402,3360
9991,4306313753,44480
9992,87418925450,24720
9993,66544881581,88240
9994,62168932959,14640
9995,9176693883,45160
9996,49663236733,32400
9997,29616534813,29760
9998,58131531355,20640
9999,41454417779,38720
10000,2236533078,74800
10001,59983510471,106480
10002,2600008094,240
10003,104720380714,18480
10004,23669933410,4320
10005,227746629466,77200
10006,36004203903,13600
10007,14669208689,365280
10008,9348453956,1600
10009,15362541596,6640
10010,18081356074,11440
10011,154071370305,16400
10012,55604746942,34640
10013,314653572169,31560
10014,56554128087,14880
10015,63141782810,32960
10016,89202998466,23760
10017,12623505456,1760
10018,28704931708,120
10019,11609447743,42880
10020,12376659642,1840
10021,17671764981,2800
10022,103936410656,760
10023,279418614314,27640
10024,51431970274,249760
10025,11741037049,8560
10026,17011420553,8000
10027,8695110361,71400
10028,791618520402,31240
10029,1181386495,60480
10030,15999718356,11920
10031,337442508621,20920
10032,62642425934,21680
10033,17383825758,39040
10034,12376659642,1840
10035,2593943587,49920
10036,54487213194,33680
10037,46098432850,14000
10038,36760673045,13360
10039,60305999704,14960
10040,53254715072,1800
10041,18114803018,4880
10042,29958489473,39440
10043,60305999704,14960
10044,33057916647,122560
10045,126802079774,30440
10046,29945835516,4640
10047,15362541596,6640
10048,9983132801,3200
10049,3968275932,65280
10050,31095841385,5040
10051,6915909192,43520
10052,3485126875,48480
10053,9660640502,640
10054,26882172573,4480
10055,42649942002,34720
10056,64544608567,15760
10057,60618080877,33760
10058,50244828827,22080
10059,2199943678,61360
10060,1374358440,80
10061,116829012002,168040
10062,6194347287,960
10063,12432461986,8400
10064,10911635053,1280
10065,21122030042,3680
10066,7263870366,500000
10067,15870396402,3360
10068,25135143653,289360
10069,1219862981650,23960
10070,19268050737,38080
10071,68672378117,34000
10072,37103553962,14240
10073,17383825758,39040
10074,171637931946,3720
10075,188981627937,17520
10076,17389026734,8160
10077,60025625758,34320
10078,36837541468,9680
10079,12376659642,1840
10080,101257737681,94800
10081,7263870366,500000
10082,92627045335,15600
10083,43874233927,12240
10084,42649942002,34720
10085,28053384383,3600
10086,28704931708,120
10087,2361975159,49040
10088,48802443297,20800
10089,5333770564,320
10090,107534067990,5080
10091,66307966522,34960
10092,54271625832,1880
10093,12376659642,1840
10094,25118102990,6160
10095,12432461986,8400
10096,74984686754,21920
10097,5333770564,320
10098,79522632203,25680
10099,156141544481,12520
10100,2687684012,160
10101,34896110353,3120
10102,211220662054,112240
10103,5143708328,1680
10104,468600914470,16040
10105,32662672538,8240
10106,66284680939,162200
10107,39631649739,40160
10108,2687684012,160
10109,72642954732,15360
10110,6202102830,480
10111,37103553962,14240
10112,10911635053,1280
10113,168830836416,7560
10114,198356655297,105920
10115,9350411589,1200
10116,55021698026,20400
10117,103045755018,18800
10118,31833253865,5200
10119,74415030632,2840
10120,15456552623,7840
10121,1374358440,80
10122,80043992269,79680
10123,54234970873,16560
10124,8249402133,69800
10125,36282290691,37200
10126,49500793830,86360
10127,16946126060,8720
10128,79262880472,5640
10129,57863690694,3160
10130,6392283143,880
10131,12623505456,1760
10132,31744536064,6800
10133,15591358874,3840
10134,46152821379,15440
10135,2938953599,53200
10136,7263870366,500000
10137,578030412405,22840
10138,15912070617,9520
10139,243008006463,83760
10140,38914243620,26000
10141,108474992913,21760
10142,65890206792,99640
10143,1374284073,66240
10144,129057320601,12040
10145,47516385227,26800
10146,19334631611,5680
10147,586074435431,20440
10148,21592449566,44120
10149,106967899853,19120
10150,10911635053,1280
10151,66601516492,154960
10152,152579258221,113920
10153,17521721748,4720
10154,1374358440,80
10155,6194347287,960
10156,12345408784,46240
10157,15019316972,10000
10158,30793914017,13520
10159,15880493699,2640
10160,44738206330,33040
10161,9047753330,42720
10162,17733400848,8320
10163,39947890230,6320
10164,15546887796,6560
10165,42898884843,520
10166,32253145536,12800
10167,16085758222,10800
10168,2600008094,240
10169,18081356074,11440
10170,18857244689,4160
10171,82645869018,2600
10172,2683598171,48160
10173,28383168956,5840
10174,13608026520,11120
10175,3755210047,70080
10176,42320824807,35120
10177,1679433285,69760
10178,15456552623,7840
10179,27090540895,38000
10180,185720005700,20520
10181,22344929187,6400
10182,6799206835,1040
10183,3790191708,48080
10184,1374358440,80
10185,78190301708,840
10186,5143708328,1680
10187,106483291976,29440
10188,16946126060,8720
10189,1638257951,52400
10190,188981627937,17520
10191,53829221066,171040
10192,13608026520,11120
10193,62642425934,21680
10194,65746068126,4040
10195,16706492151,8880
10196,188981627937,17520
10197,85714345197,17760
10198,252448497689,22760
10199,47199251058,20000
10200,58095986012,24400
10201,32816849117,159360
10202,24185268356,10080
10203,61889259771,30960
10204,3790191708,48080
10205,36004203903,13600
10206,23158988748,12080
10207,150458573200,122480
10208,63241875154,30000
10209,141332114430,135400
10210,25762440814,7040
10211,5684346990,800
10212,165463753794,107040
10213,11951841178,9280
10214,28777512035,12160
10215,54145510118,24960
10216,95887941524,17200
10217,87250808681,16880
10218,6202102830,480
10219,9348453956,1600
10220,30251746999,34880
10221,9350411589,1200
10222,72918674418,19840
10223,49414165425,118560
10224,23656910588,3040
10225,106077369914,2360
10226,87418925450,24720
10227,59640316295,31280
10228,14578863196,12320
10229,10911635053,1280
10230,54847395961,36040
10231,6799206835,1040
10232,6799206835,1040
10233,15362541596,6640
10234,1490971923,49520
10235,107559963889,28600
10236,272544033926,25080
10237,412299830104,18440
10238,28593244908,37600
10239,3786195655,74000
10240,415725988956,18920
10241,23853271916,13040
10242,17077868903,7920
10243,29349555200,47960
10244,37103553962,14240
10245,173523501031,18000
10246,2687684012,160
10247,108773318569,19040
10248,84970841554,21200
10249,3332668320,54160
10250,13092241585,7760
10251,2687684012,160
10252,14000220703,44240
10253,57596705364,20960
10254,241407602817,32280
10255,9658571893,9600
10256,51600786113,21280
10257,138232552586,149760
10258,21509414556,9040
10259,13332088199,2080
10260,108773318569,19040
10261,36837541468,9680
10262,112939029370,7880
10263,29616534813,29760
10264,17186276929,5440
10265,263541078045,29240
10266,212083071530,101800
10267,12340652589,1440
10268,31095841385,5040
10269,52993250630,6360
10270,50637133414,87520
10271,22075897957,6720
10272,10564265550,42320
10273,19986639189,7600
10274,128830889388,14280
10275,11567757747,1360
10276,75560243289,27200
10277,95887941524,17200
10278,2600008094,240
10279,15870396402,3360
10280,62168932959,14640
10281,41629150757,20080
10282,1374358440,80
10283,65746068126,4040
10284,36506643138,14320
10285,6202102830,480
10286,6202102830,480
10287,71924738197,220960
10288,2118658897,64160
10289,26914551763,3920
10290,45610307327,440
10291,583912434509,18520
10292,38488472394,4560
10293,12576156285,10720
10294,18910982041,2960
10295,62168932959,14640
10296,96477124176,19360
10297,6392283143,880
10298,219317788870,21080
10299,167340654706,17600
10300,50244828827,22080
10301,62168932959,14640
10302,26693916977,35840
10303,13046061511,2240
10304,61889259771,30960
10305,1661698303,63120
10306,24185268356,10080
10307,150255530835,7800
10308,16142556994,5760
10309,28593244908,37600
10310,58123010201,15200
10311,2971572073,48600
10312,3747746678,47040
10313,9348453956,1600
10314,49610347804,142960
10315,110515070278,33800
10316,14878979296,4960
10317,63241875154,30000
10318,10911635053,1280
10319,30251746999,34880
10320,7023715921,720
10321,29210106841,6880
10322,74662945500,24880
10323,19190138889,333600
10324,95887941524,17200
10325,22075897957,6720
10326,25581146360,13840
10327,29346663777,7280
10328,9983132801,3200
10329,169213553890,102840
10330,5684346990,800
10331,13953517473,10320
10332,56630523360,1000
10333,96661051856,38120
10334,46098432850,14000
10335,168850377967,25560
10336,89020507201,28560
10337,24130341046,38960
10338,316298810806,23560
10339,17671764981,2800
10340,16946126060,8720
10341,11642005252,560
10342,831263675045,31400
10343,3651779708,48560
10344,2072604285,51920
10345,98840128406,1560
10346,57566942591,94560
10347,80613673293,29120
10348,144728908001,15280
10349,9660640502,640
10350,18081356074,11440
10351,43548505348,20320
10352,5684346990,800
10353,13332088199,2080
10354,6895873007,43040
10355,29340870390,39680
10356,34896110353,3120
10357,948634832,72720
10358,3203043412,48000
10359,21610292380,5600
10360,50439157857,31440
10361,26094464918,5520
10362,5684346990,800
10363,12826818257,40800
10364,45559667875,22880
10365,74662945500,24880
10366,6194347287,960
10367,20712513489,9360
10368,95933971711,5800
10369,50244828827,22080
10370,12623505456,1760
10371,60128624529,27360
10372,47516385227,26800
10373,77953094991,19200
10374,26914551763,3920
10375,23689211270,7200
10376,3983432437,72880
10377,14878979296,4960
10378,3048558273,62160
10379,2600008094,240
10380,43874233927,12240
10381,12623505456,1760
10382,18917901145,11200
10383,12623505456,1760
10384,150632953627,31800
10385,173523501031,18000
10386,48077472984,37440
10387,63774673835,12920
10388,22699484924,8800
10389,8677705522,68040
10390,140965054822,18160
10391,19873871526,2320
10392,1326653301,50960
10393,2635992905,55840
10394,9221830002,1120
10395,1374358440,80
10396,1374358440,80
10397,142999190024,135360
10398,7579559970,45040
10399,22344929187,6400
10400,107690125100,27520
10401,103045755018,18800
10402,5684346990,800
10403,36004203903,13600
10404,19144532808,13760
10405,10994443315,10400
10406,6213816925,46160
10407,84098071061,23520
10408,42649942002,34720
10409,147009750851,154400
10410,7119752792,45200
10411,415725988956,18920
10412,265795878681,13720
10413,43839692962,246720
10414,250007980547,7080
10415,85072392230,14800
10416,26505612170,10240
10417,11951841178,9280
10418,15546887796,6560
10419,1805161817,66560
10420,16085758222,10800
10421,353330328658,27480
10422,27562438485,11040
10423,2930747303,58960
10424,9765269637,48680
10425,11670237789,2400
10426,25562442906,36320
10427,123507992959,87040
10428,53920552345,14560
10429,3193648058,46880
10430,5548067290,45280
10431,95373339295,33440
10432,29616534813,29760
10433,13046061511,2240
10434,22344929187,6400
10435,59640316295,31280
10436,30265799561,36480
10437,47348102633,15680
10438,6194347287,960
10439,20166661638,9840
10440,81230959361,14720
10441,27310476897,37680
10442,6202102830,480
10443,154071370305,16400
10444,191317325961,5160
10445,142170309942,133480
10446,26914551763,3920
10447,31095841385,5040
10448,17011420553,8000
10449,50439157857,31440
10450,1374358440,80
10451,48574112765,24480
10452,25222676294,303440
10453,80546942401,11960
10454,82449703075,23120
10455,31095841385,5040
10456,1374358440,80
10457,57675168343,36720
10458,11642005252,560
10459,15362541596,6640
10460,21122030042,3680
10461,13272425141,41200
10462,23408140626,3440
10463,57608209812,24320
10464,77953094991,19200
10465,2261142003,56800
10466,50693651831,34240
10467,13891355234,1520
10468,13332088199,2080
10469,61170508641,26720
10470,60156757195,28160
10471,17011420553,8000
10472,9660640502,640
10473,3347045712,48960
10474,14876319705,4080
10475,90668942080,42280
10476,4110078846,72120
10477,17638044180,3760
10478,142413391594,117640
10479,19334631611,5680
10480,61889259771,30960
10481,9348453956,1600
10482,53451644642,44160
10483,22656554835,11600
10484,106793466580,27280
10485,88304205091,36280
10486,324544966570,16760
10487,38914243620,26000
10488,37103553962,14240
10489,9660640502,640
10490,38568997319,168880
10491,8188262327,71640
10492,15050577109,1920
10493,25148469179,251640
10494,20649080394,41400
10495,21618919613,10640
10496,15050577109,1920
10497,81553310735,85520
10498,12434894743,362400
10499,188981627937,17520
10500,18590693031,343520
10501,9350411589,1200
10502,10425168107,423600
10503,4507444803,49840
10504,5333770564,320
10505,20682211119,3280
10506,62749382119,217680
10507,25407375100,22560
10508,6605981561,49880
10509,103840844106,2200
10510,40872733498,100800
10511,31353758719,21600
10512,17638044180,3760
10513,23875429670,3520
10514,13092241585,7760
10515,204274692907,83240
10516,19738763180,9120
10517,16060169283,8080
10518,1963265526,75760
10519,136698808993,126760
10520,51295189316,27040
10521,95887941524,17200
10522,19248589086,8640
10523,39200715323,14400
10524,24185268356,10080
10525,118109290404,14600
10526,29288016031,12720
10527,1932090994,70560
10528,20431221354,43000
10529,17095927859,6240
10530,38326587628,178000
10531,36004203903,13600
10532,13608026520,11120
10533,2612827461,55600
10534,110515070278,33800
10535,90304991400,34800
10536,12066745774,47840
10537,1374358440,80
10538,2683598171,48160
10539,5684346990,800
10540,21122030042,3680
10541,62662662474,86480
10542,1861103762,68960
10543,13953517473,10320
10544,24406637615,301360
10545,12340652589,1440
10546,297662217547,24040
10547,71139012017,22960
10548,22854197794,4400
10549,85176562887,118640
10550,125832807407,19440
10551,1870146759,54560
10552,23689211270,7200
10553,54648839383,26320
10554,4737689740,46320
10555,46368039679,93280
10556,106383641062,1480
10557,95845389522,15920
10558,58287429922,6920
10559,84497865570,2120
10560,81375523076,18080
10561,9660640502,640
10562,26914551763,3920
10563,35263376528,12640
10564,50277985399,36000
10565,85714345197,17760
10566,15546887796,6560
10567,40108531669,40920
10568,13608026520,11120
10569,217488161971,23320
10570,3338506577,50000
10571,11670237789,2400
10572,3608052587,400
10573,9047753330,42720
10574,1384287141,65040
10575,16087583322,10480
10576,4173027890,71160
10577,73720581632,116720
10578,14197262841,44080
10579,23656910588,3040
10580,16706492151,8880
10581,58095986012,24400
10582,39200715323,14400
10583,156000602169,144800
10584,124941336622,78560
10585,36948731607,36400
10586,21150045435,5920
10587,12376659642,1840
10588,15591358874,3840
10589,154243510642,16800
10590,15912070617,9520
10591,9350411589,1200
10592,49191332981,22160
10593,82690235546,23200
10594,35803981480,13200
10595,93363555570,26080
10596,13037370249,43680
10597,72029484384,24800
10598,20431947730,10880
10599,32253145536,12800
10600,154243510642,16800
10601,20431947730,10880
10602,52784747120,242320
10603,16142556994,5760
10604,2600008094,240
10605,82866602445,16640
10606,6799206835,1040
10607,171980788754,20840
10608,11670237789,2400
10609,81230959361,14720
10610,121803750356,18640
10611,12623505456,1760
10612,1946301886,53600
10613,35263376528,12640
10614,125960024810,31680
10615,136132896223,18960
10616,91596769747,2760
10617,49508725386,8520
10618,3311082131,48400
10619,3452705888,63680
10620,173523501031,18000
10621,85741621290,26400
10622,52742271939,183360
10623,53820665247,7360
10624,60832958947,93920
10625,88754011675,134320
10626,12376659642,1840
10627,47516385227,26800
10628,96720420035,8440
10629,9350411589,1200
10630,82449703075,23120
10631,9892193006,2000
10632,126802079774,30440
10633,100029400677,14120
10634,62898897307,21120
10635,27916461349,6080
10636,63968323880,22800
10637,47348102633,15680
10638,27224553891,38800
10639,9656851052,76400
10640,51295189316,27040
10641,9892193006,2000
10642,97339506540,18880
10643,98840128406,1560
10644,23784008333,5280
10645,24130341046,38960
10646,54608383980,26960
10647,26914551763,3920
10648,11670237789,2400
10649,15732898019,43840
10650,144514559380,134480
10651,30265799561,36480
10652,14878979296,4960
10653,131970278806,82120
10654,9176693883,45160
10655,113737758062,36600
10656,61170508641,26720
10657,97832552277,113520
10658,6392283143,880
10659,95036586510,26240
10660,62044629116,16320
10661,85072392230,14800
10662,57863690694,3160
10663,6194347287,960
10664,5143708328,1680
10665,594197071496,26440
10666,172316024801,17440
10667,11959949948,41840
10668,15362541596,6640
10669,52637118669,23680
10670,15019316972,10000
10671,144201667061,15560
10672,46152821379,15440
10673,16284354737,358240
10674,117008091738,13000
10675,21122030042,3680
10676,663071433793,18760
10677,27327452815,288160
10678,55604746942,34640
10679,505308414579,32840
10680,13953517473,10320
10681,28777512035,12160
10682,126649546373,17360
10683,21610292380,5600
10684,124632969111,22200
10685,48036491775,167920
10686,87741640820,6280
10687,140965054822,18160
10688,95385581200,186080
10689,191730649580,17280
10690,5143708328,1680
10691,2687684012,160
10692,20672883414,12560
10693,22656554835,11600
10694,12576156285,10720
10695,21618919613,10640
10696,135563439118,31480
10697,2687684012,160
10698,1924537781,52640
10699,31833253865,5200
10700,1435205715,65840
10701,28505997647,46360
10702,10911635053,1280
10703,58180382513,20720
10704,199606488412,89560
10705,19268050737,38080
10706,7747223392,42160
10707,34538092491,11840
10708,90376657141,3320
10709,53873275287,22240
10710,49191332981,22160
10711,177057369249,125040
10712,55021698026,20400
10713,59099009441,27120
10714,50244828827,22080
10715,117938839890,78640
10716,1374358440,80
10717,3500727309,56480
10718,11642005252,560
10719,71569182474,195200
10720,50340489760,31360
10721,13089134698,41280
10722,29288016031,12720
10723,17638044180,3760
10724,47199251058,20000
10725,9983132801,3200
10726,128830889388,14280
10727,1374358440,80
10728,11393388470,43920
10729,29059578437,304080
10730,79272726216,28480
10731,1374358440,80
10732,92627045335,15600
10733,57019559581,86800
10734,267948274064,81080
10735,36394158528,162400
10736,115501695900,17680
10737,278437295123,18600
10738,1322457631,57600
10739,18522672847,6000
10740,70373621373,20560
10741,36282290691,37200
10742,3786195655,74000
10743,115050696329,33640
10744,9856418914,42400
10745,16706492151,8880
10746,7023715921,720
10747,37103553962,14240
10748,7263870366,500000
10749,36362045738,20480
10750,89059824134,84000
10751,15489598358,8480
10752,9348453956,1600
10753,48771542050,28240
10754,9350411589,1200
10755,33667550874,10560
10756,34538092491,11840
10757,23656910588,3040
10758,33245691455,5360
10759,20672883414,12560
10760,1817342219,67040
10761,20168245720,9440
10762,2420847125,72240
10763,5143708328,1680
10764,72117382152,116680
10765,5143708328,1680
10766,36941700728,13920
10767,5333770564,320
10768,4004414179,47280
10769,29945835516,4640
10770,113674069399,170120
10771,11951841178,9280
10772,18910982041,2960
10773,106805333097,3960
10774,66729172444,15120
10775,2206993268,54800
10776,96477124176,19360
10777,95845389522,15920
10778,7263870366,500000
10779,3193648058,46880
10780,16060169283,8080
10781,60305999704,14960
10782,33304512514,228160
10783,63521860220,78080
10784,60128624529,27360
10785,526699560382,27000
10786,47080146754,14480
10787,21914315292,245360
10788,58287429922,6920
10789,43992306313,44280
10790,1703624314,70160
10791,22699484924,8800
10792,36362045738,20480
10793,89693684746,1400
10794,161936605024,140960
10795,150021792686,16080
10796,8812171924,44320
10797,110136854661,19760
10798,11670237789,2400
10799,49795945085,19600
10800,5143708328,1680
10801,2442332289,64800
10802,51601936871,21440
10803,36004203903,13600
10804,18917901145,11200
10805,148045798049,119080
10806,2600008094,240
10807,23158988748,12080
10808,82449703075,23120
10809,69565106463,198120
10810,948634832,72720
10811,150552793992,150600
10812,27562438485,11040
10813,93211990935,80640
10814,29945835516,4640
10815,98692034855,33400
10816,33451249985,25840
10817,146830854506,19280
10818,122241683659,5320
10819,24185268356,10080
10820,1374358440,80
10821,23875429670,3520
10822,99146892033,161160
10823,3608052587,400
10824,10911635053,1280
10825,64534488899,138640
10826,22656554835,11600
10827,5684346990,800
10828,203817942748,118000
10829,46233938156,14080
10830,13046061511,2240
10831,19248589086,8640
10832,269735678645,15000
10833,276982186307,33720
10834,11567757747,1360
10835,2687684012,160
10836,32313318503,11520
10837,33245691455,5360
10838,6202102830,480
10839,14878979296,4960
10840,12576156285,10720
10841,204253656809,36120
10842,4336500208,44560
10843,229302851357,25800
10844,15880493699,2640
10845,19873871526,2320
10846,22376593198,10960
10847,360178078852,20200
10848,22656554835,11600
10849,44427321235,245520
10850,54029269555,89760
10851,211519809165,13560
10852,881831234522,17160
10853,20672883414,12560
10854,83390278198,19520
10855,7263870366,500000
10856,15050577109,1920
10857,5143708328,1680
10858,83347643088,207520
10859,13332088199,2080
10860,169999286682,112400
10861,87986513351,181120
10862,13332088199,2080
10863,16706492151,8880
10864,15859684949,356240
10865,46015745135,136160
10866,5684346990,800
10867,58131531355,20640
10868,11567757747,1360
10869,53920552345,14560
10870,65746068126,4040
10871,11567757747,1360
10872,62044629116,16320
10873,90769648136,188480
10874,96477124176,19360
10875,14876319705,4080
10876,21509414556,9040
10877,172870986030,111280
10878,2687684012,160
10879,54789580858,10600
10880,6799206835,1040
10881,36760673045,13360
10882,29210106841,6880
10883,1547179648,52960
10884,29210106841,6880
10885,12340652589,1440
10886,12384318263,2880
10887,15362541596,6640
10888,9983132801,3200
10889,15478861463,4800
10890,97570240847,86080
10891,2320562963,61120
10892,2251660248,68400
10893,19248589086,8640
10894,7970194821,74120
10895,66794076588,32880
10896,1599781249,61200
10897,9892193006,2000
10898,97441079550,25120
10899,694796887503,19160
10900,164553354377,23480
10901,29174547652,13680
10902,122241683659,5320
10903,31095841385,5040
10904,74806535448,22000
10905,111715843386,15840
10906,14073056770,40720
10907,108773318569,19040
10908,17110344820,4240
10909,9348453956,1600
10910,459044721980,18680
10911,1374358440,80
10912,17077868903,7920
10913,1181386495,60480
10914,2236533078,74800
10915,153843314782,30720
10916,98457435289,98320
10917,62044629116,16320
10918,11886231631,45600
10919,209859902052,14920
10920,44801448186,24160
10921,28282827998,36160
10922,3608052587,400
10923,2687684012,160
10924,32050785144,35520
10925,1374358440,80
10926,34962645101,89440
10927,250007980547,7080
10928,22920582078,2720
10929,13608026520,11120
10930,113570189758,29720
10931,6202102830,480
10932,20226788379,42920
10933,11824091548,2560
10934,50693651831,34240
10935,95036586510,26240
10936,15831651663,40960
10937,77953094991,19200
10938,107671276359,167360
10939,25407375100,22560
10940,132889774062,28280
10941,2470576264,67840
10942,14876319705,4080
10943,39200715323,14400
10944,12340652589,1440
10945,31353758719,21600
10946,66836593710,29600
10947,2687684012,160
10948,46152821379,15440
10949,1996416132,59680
10950,168850377967,25560
10951,7263870366,500000
10952,21477425170,43120
10953,20431221354,43000
10954,54234970873,16560
10955,150031655226,10200
10956,172316024801,17440
10957,81375523076,18080
10958,64594251644,27920
10959,8124942991,66960
10960,2342371475,58000
10961,26580021250,39760
10962,15776737500,4000
10963,1711395309,73200
10964,142441771055,2280
10965,36362045738,20480
10966,9348453956,1600
10967,19986639189,7600
10968,27916461349,6080
10969,17110344820,4240
10970,5401859768,57640
10971,18081356074,11440
10972,135847261109,138800
10973,3296732139,44400
10974,2823911324,56320
10975,9733899004,45680
10976,173523501031,18000
10977,31915278477,186320
10978,101425898022,102120
10979,19183476914,11680
10980,274768098603,26680
10981,25013359587,11280
10982,393680428458,17320
10983,2687684012,160
10984,71139012017,22960
10985,14350982604,2160
10986,76253196184,2520
10987,15478861463,4800
10988,13522123195,46000
10989,83110391246,20880
10990,143759676465,31200
10991,1557940877,75920
10992,79068971386,36800
10993,15912070617,9520
10994,53820665247,7360
10995,22920582078,2720
10996,12384318263,2880
10997,7579559970,45040
10998,3347045712,48960
10999,64594251644,27920
11000,97339506540,18880
11001,32253145536,12800
11002,38488472394,4560
11003,10994443315,10400
11004,103840844106,2200
11005,1608929718,57840
11006,2059330834,57440
11007,19668450133,42120
11008,6915909192,43520
11009,65890206792,99640
11010,35263376528,12640
11011,97339506540,18880
11012,1374358440,80
11013,30251746999,34880
11014,70965906412,11400
11015,152287326217,4200
11016,198631419076,4840
11017,59843078367,28000
11018,20166661638,9840
11019,13891355234,1520
11020,43707823982,4440
11021,6936597692,43280
11022,16085758222,10800
11023,5684346990,800
11024,5333770564,320
11025,5684346990,800
11026,6355870958,67800
11027,18522672847,6000
11028,30936517252,214960
11029,643991925322,17640
11030,32662672538,8240
11031,34962645101,89440
11032,154071370305,16400
11033,55755921320,23600
11034,9660640502,640
11035,164089287004,103360
11036,15478861463,4800
11037,43548505348,20320
11038,36539997940,40
11039,46520056427,35440
11040,57675168343,36720
11041,94510449040,9000
11042,24434172459,35360
11043,28383168956,5840
11044,25762440814,7040
11045,8625950758,63000
11046,126649546373,17360
11047,529893275545,18200
11048,13332088199,2080
11049,13332088199,2080
11050,22699484924,8800
11051,15999718356,11920
11052,1535797742,69200
11053,3500727309,56480
11054,92627045335,15600
11055,1374358440,80
11056,16087583322,10480
11057,70310398651,217280
11058,207962455083,78680
11059,29697064265,12400
11060,144595185185,22720
11061,13092241585,7760
11062,64510003820,92080
11063,22920582078,2720
11064,2737543491,49360
11065,31744536064,6800
11066,21679517715,318640
11067,58287429922,6920
11068,145254961327,17840
11069,57869483431,94960
11070,10911635053,1280
11071,155699828081,29880
11072,15546887796,6560
11073,24096684991,11760
11074,30265799561,36480
11075,62168932959,14640
11076,83110391246,20880
11077,31095841385,5040
11078,23082724763,85280
11079,145254961327,17840
11080,31833253865,5200
11081,15836141048,51080
11082,3608052587,400
11083,265795878681,13720
11084,15912070617,9520
11085,1374358440,80
11086,12340652589,1440
11087,1374358440,80
11088,2600008094,240
11089,23689211270,7200
11090,9658571893,9600
11091,21305484042,44600
11092,17186276929,5440
11093,15776737500,4000
11094,92086296268,18720
11095,46233938156,14080
11096,23853271916,13040
11097,21150045435,5920
11098,9660640502,640
11099,53113595581,125840
11100,11567757747,1360
11101,395805438826,21320
11102,17625197496,2480
11103,3822022315,51200
11104,36837541468,9680
11105,39754282327,24640
11106,18910982041,2960
11107,114042064745,3800
11108,111715843386,15840
11109,33721755382,286640
11110,10806334965,56840
11111,75330607451,21520
11112,209859902052,14920
11113,79522632203,25680
11114,1532527980,63520
11115,191317325961,5160
11116,938904422,76320
11117,45152944982,40840
11118,95845389522,15920
11119,54145510118,24960
11120,105743409645,10920
11121,9221830002,1120
11122,174358228847,135480
11123,16976316359,9760
11124,15489598358,8480
11125,13089134698,41280
11126,149338625172,39400
11127,55916233572,175200
11128,17095927859,6240
11129,21772899223,200
11130,15546887796,6560
11131,40732318937,21360
11132,14000220703,44240
11133,115050696329,33640
11134,16091559297,50280
11135,1374358440,80
11136,6799206835,1040
11137,33245691455,5360
11138,4182916420,59760
11139,106524574771,10520
11140,24424102909,7680
11141,23656910588,3040
11142,17521721748,4720
11143,1374358440,80
11144,126649546373,17360
11145,3669609372,66120
11146,127241706966,138200
11147,30606949963,6480
11148,15050577109,1920
11149,72029484384,24800
11150,25013359587,11280
11151,11741037049,8560
11152,172316024801,17440
11153,31482218738,5120
11154,295278881377,16680
11155,17638044180,3760
11156,79272726216,28480
11157,106696020664,15520
11158,2687684012,160
11159,2142471428,59280
11160,72029484384,24800
11161,14878979296,4960
11162,242624795670,14760
11163,15870396402,3360
11164,154243510642,16800
11165,2687684012,160
11166,7263870366,500000
11167,21074044089,12480
11168,22376593198,10960
11169,9348453956,1600
11170,15489598358,8480
11171,178054403179,11480
11172,36941700728,13920
11173,35417988268,196720
11174,16636224580,8960
11175,41629150757,20080
11176,6202102830,480
11177,13722344770,41360
11178,1374358440,80
11179,19496868508,42520
11180,104720380714,18480
11181,55041569754,148000
11182,146634028475,16160
11183,14073056770,40720
11184,43548505348,20320
11185,144728908001,15280
11186,63241875154,30000
11187,28383168956,5840
11188,26094464918,5520
11189,60305999704,14960
11190,134963432808,80800
11191,79522632203,25680
11192,14350982604,2160
11193,28777512035,12160
11194,400836826000,15320
11195,1703624314,70160
11196,65493899978,32240
11197,49631463273,38400
11198,94063135244,171960
11199,18857244689,4160
11200,250007980547,7080
11201,44801448186,24160
11202,114042064745,3800
11203,236311328700,91880
11204,17110344820,4240
11205,272544033926,25080
11206,209341332041,24360
11207,64534488899,138640
11208,27562438485,11040
11209,7263870366,500000
11210,13092241585,7760
11211,77953094991,19200
11212,145254961327,17840
11213,23784008333,5280
11214,13332088199,2080
11215,5143708328,1680
11216,12623505456,1760
11217,2077347150,66320
11218,65677929417,32320
11219,593325482955,23720
11220,183317206989,1160
11221,32313318503,11520
11222,661639506595,15960
11223,185769870106,89600
11224,16068955449,38240
11225,11567757747,1360
11226,58131531355,20640
11227,6392283143,880
11228,15880493699,2640
11229,21074044089,12480
11230,81230959361,14720
11231,188972477889,115200
11232,14048202201,40320
11233,9221830002,1120
11234,203515901786,84480
11235,114773437493,102000
11236,15880493699,2640
11237,62284620430,85680
11238,206280173098,24200
11239,75916944318,112640
11240,14000220703,44240
11241,2361975159,49040
11242,157094422633,140920
11243,22344929187,6400
11244,23408140626,3440
11245,9892193006,2000
11246,1374358440,80
11247,71139012017,22960
11248,67743340351,21840
11249,13412167653,42560
11250,11951841178,9280
11251,178790881198,85760
11252,6392283143,880
11253,2926194215,71920
11254,13396314586,40880
11255,57902505113,3640
11256,30793914017,13520
11257,103309064064,23280
11258,77828884737,77440
11259,19986639189,7600
11260,1374358440,80
11261,16085758222,10800
11262,2600008094,240
11263,2600008094,240
11264,142441771055,2280
11265,83390278198,19520
11266,7165881466,63080
11267,395035473605,9800
11268,12384318263,2880
11269,11670237789,2400
11270,19986639189,7600
11271,67613338563,29360
11272,3625776935,74840
11273,1508459231,75440
11274,292413156797,15640
11275,9983132801,3200
11276,1374284073,66240
11277,21750720054,42960
11278,90611404195,3240
11279,2156213022,52720
11280,19986639189,7600
11281,49795945085,19600
11282,48458351915,242120
11283,5515507543,49120
11284,53920552345,14560
11285,2361975159,49040
11286,72918674418,19840
11287,53492650581,1240
11288,25921505905,302360
11289,29346663777,7280
11290,7263870366,500000
11291,68019035437,155480
11292,163102819110,4760
11293,96504420513,99680
11294,13953517473,10320
11295,108773318569,19040
11296,21150045435,5920
11297,78190301708,840
11298,393311299046,23080
11299,18522672847,6000
11300,90463301786,29840
11301,5684346990,800
11302,10564265550,42320
11303,3460928839,58320
11304,21122030042,3680
11305,304375616425,33320
11306,13608026520,11120
11307,19100052299,36880
11308,29288016031,12720
11309,18910982041,2960
11310,61889259771,30960
11311,53113595581,125840
11312,2277269568,51520
11313,9876304005,411680
11314,36004203903,13600
11315,15591358874,3840
11316,1326653301,50960
11317,29945835516,4640
11318,9221830002,1120
11319,31183271091,6960
11320,21150045435,5920
11321,1635480655,58560
11322,17389026734,8160
11323,16976316359,9760
11324,6760731822,69880
11325,20682211119,3280
11326,156700416195,4520
11327,202521655641,30520
11328,1374358440,80
11329,108868981123,10440
11330,96737981494,79040
11331,31353758719,21600
11332,92627045335,15600
11333,64435192093,26480
11334,134234693613,22640
11335,21772899223,200
11336,72472396059,26640
11337,71139012017,22960
11338,30265799561,36480
11339,64985759625,30480
11340,59640316295,31280
11341,28467545219,37280
11342,17095927859,6240
11343,41629150757,20080
11344,3804021308,56680
11345,111715843386,15840
11346,24185268356,10080
11347,85072392230,14800
11348,128078625188,144880
11349,65746068126,4040
11350,22920582078,2720
11351,28704931708,120
11352,105743409645,10920
11353,1830988170,51040
11354,17383825758,39040
11355,17110344820,4240
11356,127596533291,158200
11357,68983733242,99520
11358,335759611572,18280
11359,207958594615,94080
11360,93433311171,9400
11361,20672883414,12560
11362,38488472394,4560
11363,25762440814,7040
11364,152455302818,132400
11365,106992945346,25280
11366,6202102830,480
11367,93363555570,26080
11368,5416155427,47120
11369,99222117055,186640
11370,1374358440,80
11371,93763750611,39560
11372,60409082220,22480
11373,13332088199,2080
11374,1490971923,49520
11375,125489969157,149280
11376,26882172573,4480
11377,2687684012,160
11378,17625197496,2480
11379,55755921320,23600
11380,16087583322,10480
11381,23876354012,37360
11382,87250808681,16880
11383,23408140626,3440
11384,49036516299,600
11385,32456886243,267040
11386,17077868903,7920
11387,2600008094,240
11388,5333770564,320
11389,33204682642,37760
11390,19873871526,2320
11391,462205472314,16200
11392,55604746942,34640
11393,27916461349,6080
11394,3976238878,70520
11395,1490971923,49520
11396,168176460110,115920
11397,6194347287,960
11398,129353598564,25960
11399,44801448186,24160
11400,31183271091,6960
11401,41454417779,38720
11402,240166871421,11720
11403,70965906412,11400
11404,109693758133,81120
11405,212618540423,29400
11406,12454516442,10160
11407,5333770564,320
11408,34896110353,3120
11409,27916461349,6080
11410,61889259771,30960
11411,68718335961,203840
11412,13332088199,2080
11413,58027703937,31840
11414,95860058113,194760
11415,9892193006,2000
11416,48868052299,40120
11417,5143708328,1680
11418,7263870366,500000
11419,15456552623,7840
11420,94760932279,32720
11421,4336500208,44560
11422,17521721748,4720
11423,103309064064,23280
11424,20431947730,10880
11425,17110344820,4240
11426,19248589086,8640
11427,33057916647,122560
11428,67481242809,207360
11429,25962198361,308880
11430,15489598358,8480
11431,36837541468,9680
11432,6799206835,1040
11433,16706492151,8880
11434,1616852541,54720
11435,107559963889,28600
11436,273551867291,23800
11437,16946126060,8720
11438,2124445948,66400
11439,54487213194,33680
11440,118109290404,14600
11441,15478861463,4800
11442,39775852090,157280
11443,167300549275,9720
11444,25562442906,36320
11445,76253196184,2520
11446,1153691481,59120
11447,2707964625,64320
11448,175438366765,123080
11449,130956690778,30320
11450,2600008094,240
11451,24424102909,7680
11452,15673144899,50120
11453,5684346990,800
11454,13608026520,11120
11455,278453352170,21720
11456,117721592024,95360
11457,56985563015,13440
11458,13332088199,2080
11459,78460728199,21040
11460,9658571893,9600
11461,110061080644,10040
11462,7023715921,720
11463,2540128680,46480
11464,2074031437,56720
11465,85441328398,79840
11466,30141398925,38480
11467,984588129,70720
11468,2420847125,72240
11469,15591358874,3840
11470,156700416195,4520
11471,21074044089,12480
11472,5333770564,320
11473,3151941848,65000
11474,72918674418,19840
11475,22344929187,6400
11476,13332088199,2080
11477,2342371475,58000
11478,11567757747,1360
11479,13891355234,1520
11480,2651174198,62000
11481,66794076588,32880
11482,15776737500,4000
11483,16087583322,10480
11484,17095927859,6240
11485,14876319705,4080
11486,132511829431,24080
11487,11951841178,9280
11488,23689211270,7200
11489,231505474275,18840
11490,150021792686,16080
11491,1374358440,80
11492,6799206835,1040
11493,17638044180,3760
11494,9658571893,9600
11495,144728908001,15280
11496,23669933410,4320
11497,103189903116,102800
11498,13092241585,7760
11499,345488775856,21400
11500,131960900677,18240
11501,39200715323,14400
11502,26153930661,300480
11503,1374358440,80
11504,22376593198,10960
11505,143725073864,12200
11506,121118772278,26360
11507,103840844106,2200
11508,6202102830,480
11509,3608052587,400
11510,25746253687,37520
11511,54107851629,103120
11512,1478167869,70000
11513,6202102830,480
11514,9350411589,1200
11515,28053384383,3600
11516,9221830002,1120
11517,32662672538,8240
11518,29697064265,12400
11519,28777512035,12160
11520,17186276929,5440
11521,6194347287,960
11522,40573860630,24240
11523,2227221699,55200
11524,25581146360,13840
11525,26465861661,35040
11526,2344215114,53840
11527,1281115122,62400
11528,27224553891,38800
11529,5333770564,320
11530,31482218738,5120
11531,49663236733,32400
11532,21610292380,5600
11533,18673725345,48320
11534,17389026734,8160
11535,14876319705,4080
11536,19248589086,8640
11537,36362045738,20480
11538,104801026591,6040
11539,13332088199,2080
11540,83110391246,20880
11541,2188156910,73840
11542,34535377619,12960
11543,40573860630,24240
11544,11741037049,8560
11545,2612634369,50400
11546,32253145536,12800
11547,23669933410,4320
11548,84497865570,2120
11549,14048202201,40320
11550,16946126060,8720
11551,79350971075,211520
11552,16142556994,5760
11553,60203587256,84320
11554,118011739130,94840
11555,19641589584,13280
11556,27968803724,34480
11557,28282827998,36160
11558,13891355234,1520
11559,26914551763,3920
11560,95887941524,17200
11561,14878979296,4960
11562,15478861463,4800
11563,63428298910,32080
11564,96477124176,19360
11565,55916233572,175200
11566,16085758222,10800
11567,12376659642,1840
11568,30606949963,6480
11569,63753660289,25760
11570,15591358874,3840
11571,11642005252,560
11572,64985759625,30480
11573,4737689740,46320
11574,12432461986,8400
11575,50244828827,22080
11576,105060551962,11320
11577,101675932153,162480
11578,14878979296,4960
11579,231537955906,20360
11580,5333770564,320
11581,30805131540,360
11582,66794076588,32880
11583,171980788754,20840
11584,13678261359,280
11585,1186499210335,26760
11586,19986639189,7600
11587,23656910588,3040
11588,12454516442,10160
11589,21509414556,9040
11590,246676814286,13240
11591,37097227729,81520
11592,1374358440,80
11593,64544608567,15760
11594,18114803018,4880
11595,34535377619,12960
11596,74415030632,2840
11597,4576742686,54360
11598,66729172444,15120
11599,2600008094,240
11600,6202102830,480
11601,1374358440,80
11602,29174547652,13680
11603,13678261359,280
11604,1374358440,80
11605,96720420035,8440
11606,22344929187,6400
11607,48771542050,28240
11608,195120080174,33240
11609,10083363298,42800
11610,21520625332,12880
11611,56554128087,14880
11612,28467545219,37280
11613,42569554114,28960
11614,170253907735,132000
11615,69655242489,25360
11616,74415030632,2840
11617,23784008333,5280
11618,47330199602,29920
11619,51601936871,21440
11620,115501695900,17680
11621,148512722872,16720
11622,23656910588,3040
11623,5956614604,45520
11624,189575252619,116400
11625,14876319705,4080
11626,39200715323,14400
11627,125373721239,9240
11628,15478861463,4800
11629,14578863196,12320
11630,20712513489,9360
11631,3608052587,400
11632,157920189447,141920
11633,393736494967,28120
11634,154071370305,16400
11635,96048231591,6200
11636,29945835516,4640
11637,152287326217,4200
11638,20672883414,12560
11639,24347887664,39080
11640,47080146754,14480
11641,11670237789,2400
11642,72712095790,30240
11643,57608209812,24320
11644,17077868903,7920
11645,35979013909,33280
11646,8919736426,71520
11647,7521227718,64360
11648,62044629116,16320
11649,126052229295,12440
11650,2460188388,52560
11651,96048231591,6200
11652,125570794876,156160
11653,57508615204,40560
11654,15591358874,3840
11655,18522672847,6000
11656,87794368921,10840
11657,5983179417,47760
11658,14578863196,12320
11659,55836880556,31120
11660,295278881377,16680
11661,137498194074,17920
11662,1374358440,80
11663,94484420797,117520
11664,1299554102,69280
11665,85591146349,194440
11666,9658571893,9600
11667,31744536064,6800
11668,7263870366,500000
11669,29210106841,6880
11670,72918674418,19840
11671,7023715921,720
11672,29346663777,7280
11673,13870743336,50760
11674,106959384404,38880
11675,27090540895,38000
11676,12376659642,1840
11677,11642005252,560
11678,67174237024,34080
11679,212618540423,29400
11680,86189659046,125120
11681,101053129705,10120
11682,2519441896,63920
11683,171980324211,8040
11684,15999718356,11920
11685,16085758222,10800
11686,48234750446,14160
11687,113570189758,29720
11688,9496596546,430800
11689,69803526937,91200
11690,169590899994,19320
11691,27750055303,35760
11692,1451869925,56880
11693,86709845662,194840
11694,54420101441,97520
11695,126649546373,17360
11696,19986639189,7600
11697,94850263243,103280
11698,46152821379,15440
11699,60305999704,14960
11700,7263870366,500000
11701,223826906173,100120
11702,203853467927,7960
11703,56630523360,1000
11704,45979883803,90080
11705,103595022023,100960
11706,53703213948,85920
11707,3453998735,57920
11708,15362541596,6640
11709,27501483945,43240
11710,2812088862,58720
11711,126052229295,12440
11712,154783308773,117800
11713,61958770793,20240
11714,7263870366,500000
11715,13332088199,2080
11716,165227469768,135520
11717,15478861463,4800
11718,10585783424,43760
11719,71848505371,33200
11720,2600008094,240
11721,15478861463,4800
11722,87418925450,24720
11723,51295189316,27040
11724,9148964607,428920
11725,35117865222,34160
11726,53977086116,16000
11727,72642954732,15360
11728,15880493699,2640
11729,18301282243,276320
11730,23656910588,3040
11731,1435205715,65840
11732,31095841385,5040
11733,2420847125,72240
11734,5333770564,320
11735,150021792686,16080
11736,22376593198,10960
11737,121803750356,18640
11738,14002326039,42080
11739,13678261359,280
11740,32775958764,31040
11741,36223920257,29280
11742,1429000173,58880
11743,194259833032,101160
11744,9350411589,1200
11745,147114700668,23840
11746,16703309595,356480
11747,167340654706,17600
11748,46152821379,15440
11749,94760932279,32720
11750,76488656644,10280
11751,13092241585,7760
11752,1390439423,50160
11753,131960900677,18240
11754,8985486174,398640
11755,13608026520,11120
11756,57729421489,86720
11757,11741037049,8560
11758,1134761090,57360
11759,12340652589,1440
11760,57863690694,3160
11761,89020507201,28560
11762,3193648058,46880
11763,15591358874,3840
11764,194139747268,22360
11765,114042064745,3800
11766,132732535013,36440
11767,23669933410,4320
11768,2402913857,67360
11769,17077868903,7920
11770,115501695900,17680
11771,1326653301,50960
11772,3608052587,400
11773,131960900677,18240
11774,72276039930,82400
11775,2600008094,240
11776,26882172573,4480
11777,28383168956,5840
11778,11741037049,8560
11779,74415030632,2840
11780,76922338775,125160
11781,9660640502,640
11782,14350982604,2160
11783,105041362756,6120
11784,8327828583,40000
11785,113622675289,37320
11786,12384318263,2880
11787,7471416384,48520
11788,96408860234,2680
11789,5264285556,53720
11790,31183271091,6960
11791,30793914017,13520
11792,63779660684,30560
11793,90611404195,3240
11794,101725194598,161120
11795,24096684991,11760
11796,3608052587,400
11797,54145510118,24960
11798,76047284087,28880
11799,56209218247,24000
11800,11670237789,2400
11801,17638044180,3760
11802,21122030042,3680
11803,191730649580,17280
11804,29174547652,13680
11805,60788262155,34400
11806,53820665247,7360
11807,76047284087,28880
11808,29616534813,29760
11809,1374358440,80
11810,82866602445,16640
11811,17638044180,3760
11812,77994548502,76560
11813,1038746415,56080
11814,1277264059,55120
11815,31183271091,6960
11816,12384318263,2880
11817,43900019325,243960
11818,252448497689,22760
11819,56985563015,13440
11820,51600786113,21280
11821,109691920329,87760
11822,20682211119,3280
11823,17671764981,2800
11824,20788222625,7520
11825,54849935273,29520
11826,13046061511,2240
11827,102933208823,5000
11828,64594251644,27920
11829,5416155427,47120
11830,2380343298,75200
11831,82866602445,16640
11832,33245691455,5360
11833,18910982041,2960
11834,115501695900,17680
11835,54145510118,24960
11836,55755921320,23600
11837,16068955449,38240
11838,107690125100,27520
11839,81857607350,27440
11840,96408860234,2680
11841,5333770564,320
11842,14208942325,343480
11843,96048231591,6200
11844,36760673045,13360
11845,9660640502,640
11846,65661361817,79480
11847,21618919613,10640
11848,12454516442,10160
11849,3086533515,53280
11850,28383168956,5840
11851,106524574771,10520
11852,22699484924,8800
11853,85306818061,40600
11854,16068955449,38240
11855,6799206835,1040
11856,6799206835,1040
11857,16142556994,5760
11858,14876319705,4080
11859,17671764981,2800
11860,11951841178,9280
11861,39200715323,14400
11862,22920582078,2720
11863,2687684012,160
11864,1374358440,80
11865,16946126060,8720
11866,72117382152,116680
11867,15776737500,4000
11868,15478861463,4800
11869,29346663777,7280
11870,19183476914,11680
11871,40732318937,21360
11872,19183476914,11680
11873,25562442906,36320
11874,58650424016,162640
11875,230949384554,88360
11876,50244828827,22080
11877,11642005252,560
11878,27916461349,6080
11879,549156686949,22920
11880,188981627937,17520
11881,5333770564,320
11882,66940128302,19920
11883,12376659642,1840
11884,7251397300,70240
11885,9350411589,1200
11886,13272425141,41200
11887,45610307327,440
11888,37345732823,43720
11889,17671764981,2800
11890,48616889143,23920
11891,168830836416,7560
11892,388330698455,26040
11893,13046061511,2240
11894,21074044089,12480
11895,6202102830,480
11896,11951841178,9280
11897,76038837678,130080
11898,13092241585,7760
11899,13046061511,2240
11900,1141417026791,17720
11901,23784008333,5280
11902,31183271091,6960
11903,23158988748,12080
11904,29346663777,7280
11905,1729189591,58640
11906,14350982604,2160
11907,17521721748,4720
11908,4004414179,47280
11909,9658571893,9600
11910,529893275545,18200
11911,101972051207,13320
11912,36506643138,14320
11913,65746553499,79200
11914,31744536064,6800
11915,58095986012,24400
11916,55836880556,31120
11917,1374358440,80
11918,2233267755,62720
11919,18081356074,11440
11920,9406905407,57960
11921,4306313753,44480
11922,2269613922,51120
11923,98692034855,33400
11924,23101733842,9200
11925,63753660289,25760
11926,320968714470,16920
11927,33245691455,5360
11928,46520056427,35440
11929,2687684012,160
11930,23656910588,3040
11931,105303142041,78160
11932,217582975483,15720
11933,3608052587,400
11934,11741037049,8560
11935,39946885460,207280
11936,21150045435,5920
11937,15478861463,4800
11938,38488472394,4560
11939,15591358874,3840
11940,7747223392,42160
11941,3875472681,50560
11942,6938881968,74040
11943,15591358874,3840
11944,137498194074,17920
11945,2600008094,240
11946,9149951836,43200
11947,1374358440,80
11948,46520056427,35440
11949,53165155438,22400
11950,110277874221,87840
11951,106077369914,2360
11952,13046061511,2240
11953,17625197496,2480
11954,13332088199,2080
11955,2227221699,55200
11956,21520625332,12880
11957,90611404195,3240
11958,1374358440,80
11959,9348453956,1600
11960,29174547652,13680
11961,106696020664,15520
11962,108773318569,19040
11963,6194347287,960
11964,5684346990,800
11965,79272726216,28480
11966,243809894890,37880
11967,23875429670,3520
11968,17733400848,8320
11969,106805333097,3960
11970,10911635053,1280
11971,6202102830,480
11972,33451249985,25840
11973,28282827998,36160
11974,16706492151,8880
11975,5333770564,320
11976,21618919613,10640
11977,30265799561,36480
11978,62898897307,21120
11979,15362541596,6640
11980,39200715323,14400
11981,40732318937,21360
11982,54849935273,29520
11983,31744536064,6800
11984,15478861463,4800
11985,35263376528,12640
11986,26882172573,4480
11987,6194347287,960
11988,256358182784,20280
11989,28704931708,120
11990,23853271916,13040
11991,85072392230,14800
11992,16060169283,8080
11993,9176693883,45160
11994,885394898,52880
11995,2687684012,160
11996,58497521282,98040
11997,18522672847,6000
11998,17186276929,5440
11999,152244080271,1320
12000,5684346990,800
12001,885394898,52880
12002,6895873007,43040
12003,5849795470,465960
12004,45521432457,244960
12005,15999718356,11920
12006,12623505456,1760
12007,15456552623,7840
12008,20682211119,3280
12009,53977086116,16000
12010,6194347287,960
12011,146950392326,141080
12012,133068852455,79760
12013,5684346990,800
12014,11188406356,41640
12015,5724339707,46960
12016,20431947730,10880
12017,60618080877,33760
12018,13891355234,1520
12019,1374358440,80
12020,1861103762,68960
12021,28909029183,7120
12022,19144532808,13760
12023,126016473060,19680
12024,1374358440,80
12025,20168245720,9440
12026,20009728863,41040
12027,14350982604,2160
12028,142069538494,7160
12029,6202102830,480
12030,47444218344,110000
12031,34874575165,100640
12032,1870146759,54560
12033,179585629584,37160
12034,31183271091,6960
12035,84098071061,23520
12036,3332668320,54160
12037,19738763180,9120
12038,115581178853,24560
12039,20431947730,10880
12040,17625197496,2480
12041,48802443297,20800
12042,178122689616,124080
12043,56267197640,243440
12044,72472396059,26640
12045,5684346990,800
12046,98092418025,179080
12047,20672883414,12560
12048,2687684012,160
12049,196234994641,97960
12050,31482218738,5120
12051,74629868607,28080
12052,17011420553,8000
12053,55217859528,142800
12054,22699484924,8800
12055,23669933410,4320
12056,21074044089,12480
12057,18522672847,6000
12058,58205391409,1720
12059,32775958764,31040
12060,11670237789,2400
12061,14876319705,4080
12062,2552510724,62560
12063,75330607451,21520
12064,26693916977,35840
12065,1946301886,53600
12066,20788222625,7520
12067,145254961327,17840
12068,219088675449,99280
12069,15880493699,2640
12070,12603317665,363040
12071,182000146568,131760
12072,85761989581,28800
12073,7331347051,68520
12074,17011420553,8000
12075,14048202201,40320
12076,1207801791,65920
12077,10911635053,1280
12078,154243510642,16800
12079,76501364623,8120
12080,97339506540,18880
12081,14350982604,2160
12082,106992945346,25280
12083,21772899223,200
12084,96504420513,99680
12085,87185996589,76800
12086,53820665247,7360
12087,21150045435,5920
12088,13891355234,1520
12089,15870396402,3360
12090,24096684991,11760
12091,94055322260,93760
12092,112939029370,7880
12093,23669933410,4320
12094,15776737500,4000
12095,20712513489,9360
12096,1148016890,69360
12097,3608052587,400
12098,7023715921,720
12099,1374358440,80
12100,115501695900,17680
12101,9892193006,2000
12102,19873871526,2320
12103,204938590346,8360
12104,46462314729,32560
12105,32597596363,285120
12106,17671764981,2800
12107,1374358440,80
12108,5333770564,320
12109,86483846685,120240
12110,19873871526,2320
12111,18857244689,4160
12112,196093214920,21240
12113,191200233208,121440
12114,25407375100,22560
12115,5684346990,800
12116,16706492151,8880
12117,4629266378,73800
12118,110136854661,19760
12119,70942538367,135040
12120,15591358874,3840
12121,33245691455,5360
12122,4360014427,52240
12123,79262880472,5640
12124,12376659642,1840
12125,11741037049,8560
12126,209341332041,24360
12127,49508725386,8520
12128,885394898,52880
12129,1054282203,68480
12130,50479979642,78720
12131,36282290691,37200
12132,93433311171,9400
12133,9350411589,1200
12134,59580338453,129520
12135,74806535448,22000
12136,300236639337,38200
12137,256041756634,15080
12138,9348453956,1600
12139,36253241852,42040
12140,39200715323,14400
12141,15880493699,2640
12142,33667550874,10560
12143,29945835516,4640
12144,1535797742,69200
12145,146830854506,19280
12146,17625197496,2480
12147,39754282327,24640
12148,17186276929,5440
12149,1916163926,51280
12150,3608052587,400
12151,54971143543,124560
12152,2687684012,160
12153,102462802841,110240
12154,5548067290,45280
12155,17638044180,3760
12156,2600008094,240
12157,30270525932,40760
12158,30606949963,6480
12159,12623505456,1760
12160,6799206835,1040
12161,2102530685,54400
12162,12432461986,8400
12163,111715843386,15840
12164,10911635053,1280
12165,82924689759,26880
12166,9983132801,3200
12167,12340652589,1440
12168,7263870366,500000
12169,9350411589,1200
12170,127903473183,24760
12171,14073916245,359640
12172,41629150757,20080
12173,938904422,76320
12174,75330607451,21520
12175,23101733842,9200
12176,19144532808,13760
12177,17011420553,8000
12178,17186276929,5440
12179,14878979296,4960
12180,178054403179,11480
12181,3608052587,400
12182,43727825588,37120
12183,17733400848,8320
12184,15489598358,8480
12185,99051300957,114640
12186,28383168956,5840
12187,206363489143,17040
12188,11642005252,560
12189,1316202886,57760
12190,155841375428,122000
12191,36506643138,14320
12192,17638044180,3760
12193,72182030925,144480
12194,204938590346,8360
12195,9892193006,2000
12196,85887009789,80920
12197,111715843386,15840
12198,15591358874,3840
12199,17186276929,5440
12200,56554128087,14880
12201,169590899994,19320
12202,143211156061,5400
12203,62044629116,16320
12204,28909029183,7120
12205,1374358440,80
12206,9856418914,42400
12207,2156213022,52720
12208,5143708328,1680
12209,2687684012,160
12210,43722627937,255600
12211,38998990035,12000
12212,60409082220,22480
12213,143759676465,31200
12214,2687684012,160
12215,34538092491,11840
12216,15912070617,9520
12217,32313318503,11520
12218,127992039338,141960
12219,49036516299,600
12220,13332088199,2080
12221,21520625332,12880
12222,18522672847,6000
12223,12623505456,1760
12224,17389026734,8160
12225,32313318503,11520
12226,30606949963,6480
12227,77298806449,139120
12228,40399840840,38560
12229,116591097463,85080
12230,15546887796,6560
12231,1299554102,69280
12232,19873871526,2320
12233,21122030042,3680
12234,46233938156,14080
12235,20682211119,3280
12236,15489598358,8480
12237,69655242489,25360
12238,5684346990,800
12239,7263870366,500000
12240,17638044180,3760
12241,11252387666,371040
12242,67815706672,29200
12243,82866602445,16640
12244,81375523076,18080
12245,66729172444,15120
12246,53165155438,22400
12247,80613673293,29120
12248,2236533078,74800
12249,19334631611,5680
12250,31095841385,5040
12251,21122030042,3680
12252,29210106841,6880
12253,194632360140,82080
12254,1870146759,54560
12255,46098432850,14000
12256,143211156061,5400
12257,15478861463,4800
12258,132511829431,24080
12259,15831651663,40960
12260,23784008333,5280
12261,79272726216,28480
12262,87250808681,16880
12263,66794076588,32880
12264,2600008094,240
12265,31095841385,5040
12266,15362541596,6640
12267,2072604285,51920
12268,12432461986,8400
12269,191730649580,17280
12270,146429004687,114560
12271,61958770793,20240
12272,26094464918,5520
12273,182924768642,126640
12274,329560246009,35460
12275,11959949948,41840
12276,17077868903,7920
12277,96408860234,2680
12278,80613673293,29120
12279,6202102830,480
12280,20168245720,9440
12281,13604356594,40480
12282,51272817444,225760
12283,222789920003,13480
12284,16087583322,10480
12285,2460188388,52560
12286,257314178615,13960
12287,5333770564,320
12288,2687684012,160
12289,17521721748,4720
12290,355813988040,28840
12291,26914551763,3920
12292,15591358874,3840
12293,1374358440,80
12294,4915881027,46640
12295,15776737500,4000
12296,2600008094,240
12297,62662662474,86480
12298,182688258585,5560
12299,134234693613,22640
12300,26003255263,43600
12301,61958770793,20240
12302,17733400848,8320
12303,3608052587,400
12304,87250808681,16880
12305,8937418678,60500
12306,82690235546,23200
12307,1326653301,50960
12308,82690235546,23200
12309,62168932959,14640
12310,13184427245,48360
12311,82854102150,94400
12312,52036744754,20160
12313,17077868903,7920
12314,43874233927,12240
12315,5684346990,800
12316,3193648058,46880
12317,154296928175,109600
12318,102933208823,5000
12319,72964108674,218080
12320,169590899994,19320
12321,18857244689,4160
12322,78460728199,21040
12323,10911635053,1280
12324,21772899223,200
12325,49027691544,44680
12326,16085758222,10800
12327,2687684012,160
12328,52993250630,6360
12329,17521721748,4720
12330,6799206835,1040
12331,2600008094,240
12332,23875429670,3520
12333,15019316972,10000
12334,7263870366,500000
12335,23669933410,4320
12336,32662672538,8240
12337,29288016031,12720
12338,92086296268,18720
12339,52637118669,23680
12340,29346663777,7280
12341,22854197794,4400
12342,70036933083,26560
12343,1181386495,60480
12344,27385179375,39360
12345,6194347287,960
12346,1532527980,63520
12347,46015745135,136160
12348,24434172459,35360
12349,12376659642,1840
12350,132732535013,36440
12351,46098432850,14000
12352,45610307327,440
12353,13651723175,241040
12354,13891355234,1520
12355,19873871526,2320
12356,5887997102,53320
12357,25013359587,11280
12358,23784008333,5280
12359,18910982041,2960
12360,25465476609,13120
12361,7713680193,58280
12362,23875429670,3520
12363,35263376528,12640
12364,10261028385,50440
12365,3332668320,54160
12366,15456552623,7840
12367,10911635053,1280
12368,106077369914,2360
12369,5333770564,320
12370,22344929187,6400
12371,161593958158,140000
12372,67815706672,29200
12373,1374358440,80
12374,63450293601,140240
12375,11824091548,2560
12376,43548505348,20320
12377,1924537781,52640
12378,17625197496,2480
12379,9350411589,1200
12380,95096902128,194720
12381,66836593710,29600
12382,28777512035,12160
12383,1508459231,75440
12384,76020060074,190840
12385,108474992913,21760
12386,18857244689,4160
12387,730715035538,16600
12388,62168932959,14640
12389,24434172459,35360
12390,36941700728,13920
12391,11642005252,560
12392,64544608567,15760
12393,2687684012,160
12394,16085758222,10800
12395,50244828827,22080
12396,278437295123,18600
12397,20672883414,12560
12398,9348453956,1600
12399,76092390971,133440
12400,106967899853,19120
12401,21122030042,3680
12402,6194347287,960
12403,133079742800,136240
12404,1374358440,80
12405,5143708328,1680
12406,217582975483,15720
12407,67743340351,21840
12408,6392283143,880
12409,42988152011,33920
12410,25762440814,7040
12411,81375523076,18080
12412,9348453956,1600
12413,4691985254,67640
12414,23669933410,4320
12415,15878553306,39920
12416,104720380714,18480
12417,17383825758,39040
12418,145720586297,16480
12419,27916461349,6080
12420,16085758222,10800
12421,68019035437,155480
12422,9348453956,1600
12423,17110344820,4240
12424,20932795659,42240
12425,35998339239,36240
12426,132732535013,36440
12427,102473726282,107840
12428,1916163926,51280
12429,55021698026,20400
12430,128552019973,86880
12431,10911635053,1280
12432,15591358874,3840
12433,21618919613,10640
12434,85306818061,40600
12435,14350982604,2160
12436,125483851164,32920
12437,29697064265,12400
12438,2503492794,55000
12439,57780723436,215920
12440,6915909192,43520
12441,19738763180,9120
12442,17011420553,8000
12443,106696020664,15520
12444,60156757195,28160
12445,86189659046,125120
12446,2365616675,72560
12447,10934932178,397480
12448,113570189758,29720
12449,2600008094,240
12450,2687684012,160
12451,211519809165,13560
12452,2373442458,74400
12453,145934380744,21160
12454,18522672847,6000
12455,11567757747,1360
12456,30606949963,6480
12457,1374358440,80
12458,93125344672,95680
12459,65677929417,32320
12460,76458335176,4120
12461,175835600318,125240
12462,15870396402,3360
12463,21520625332,12880
12464,35333674036,88800
12465,12376659642,1840
12466,12454516442,10160
12467,64023289643,8200
12468,8279310503,44200
12469,15478861463,4800
12470,251776881142,77320
12471,31744536064,6800
12472,55021698026,20400
12473,32253145536,12800
12474,74415030632,2840
12475,21618919613,10640
12476,49919360363,184160
12477,28704931708,120
12478,885394898,52880
12479,7579559970,45040
12480,96720420035,8440
12481,17077868903,7920
12482,2261142003,56800
12483,51509791655,2040
12484,60156757195,28160
12485,4460173468,60320
12486,31482218738,5120
12487,23875429670,3520
12488,28242267344,44880
12489,76047284087,28880
12490,75360346624,920
12491,17521721748,4720
12492,96048231591,6200
12493,28053384383,3600
12494,110136854661,19760
12495,60832958947,93920
12496,79483984875,212320
12497,336960345310,19560
12498,7023715921,720
12499,41629150757,20080
12500,9892193006,2000
12501,9348453956,1600
12502,58116159615,23440
12503,144728908001,15280
12504,23669933410,4320
12505,20712513489,9360
12506,7263870366,500000
12507,1374358440,80
12508,152287326217,4200
12509,2687684012,160
12510,6202102830,480
12511,74806535448,22000
12512,31353758719,21600
12513,16087583322,10480
12514,2178111532,49440
12515,23689211270,7200
12516,93363555570,26080
12517,23784008333,5280
12518,29616534813,29760
12519,190773543538,19000
12520,12576156285,10720
12521,19873871526,2320
12522,21181865905,311760
12523,90204001157,23360
12524,92086296268,18720
12525,43874233927,12240
12526,85761989581,28800
12527,77251502082,211080
12528,13332088199,2080
12529,87418925450,24720
12530,72642954732,15360
12531,71479075448,27600
12532,16142556994,5760
12533,98587341914,162720
12534,10911635053,1280
12535,23689211270,7200
12536,27916461349,6080
12537,10083363298,42800
12538,60618080877,33760
12539,393736494967,28120
12540,13332088199,2080
12541,297698451149,21000
12542,85441328398,79840
12543,15870396402,3360
12544,96048231591,6200
12545,136639471271,139960
12546,33451249985,25840
12547,18114803018,4880
12548,46098432850,14000
12549,97441079550,25120
12550,5684346990,800
12551,11741037049,8560
12552,148512722872,16720
12553,107534067990,5080
12554,34722111340,7440
12555,17625197496,2480
12556,269735678645,15000
12557,4016444003,52600
12558,9983132801,3200
12559,13891355234,1520
12560,242404947750,17120
12561,2687684012,160
12562,10994443315,10400
12563,12836930394,378160
12564,24434172459,35360
12565,1390439423,50160
12566,59181478085,217520
12567,69807037235,202400
12568,2687684012,160
12569,17077868903,7920
12570,64435192093,26480
12571,88997572699,39720
12572,91596769747,2760
12573,47330199602,29920
12574,89939377795,29680
12575,17186276929,5440
12576,17671764981,2800
12577,4336500208,44560
12578,5143708328,1680
12579,23689211270,7200
12580,11824091548,2560
12581,28053384383,3600
12582,53820665247,7360
12583,636106864639,5880
12584,6194347287,960
12585,172316024801,17440
12586,21610292380,5600
12587,21509414556,9040
12588,49631463273,38400
12589,9348453956,1600
12590,30071437553,32160
12591,18857244689,4160
12592,29340870390,39680
12593,15880493699,2640
12594,2600008094,240
12595,73239793598,137680
12596,83390278198,19520
12597,64594251644,27920
12598,15362541596,6640
12599,11951841178,9280
12600,50109757968,15040
12601,5333770564,320
12602,179175280250,14520
12603,5333770564,320
12604,206363489143,17040
12605,7263870366,500000
12606,21122030042,3680
12607,117969420303,34360
12608,50244828827,22080
12609,2600008094,240
12610,70965906412,11400
12611,6392283143,880
12612,13046061511,2240
12613,276982186307,33720
12614,59099009441,27120
12615,19287375973,38640
12616,39308754848,194640
12617,35803981480,13200
12618,235701448570,78600
12619,9892193006,2000
12620,14878979296,4960
12621,10911635053,1280
12622,13092241585,7760
12623,60305999704,14960
12624,6194347287,960
12625,5333770564,320
12626,22920582078,2720
12627,136774068640,11800
12628,29210106841,6880
12629,28704931708,120
12630,1830988170,51040
12631,25762440814,7040
12632,11670237789,2400
12633,19144532808,13760
12634,33724496613,262800
12635,15456552623,7840
12636,28402204871,33520
12637,5143708328,1680
12638,11959949948,41840
12639,100232288529,81320
12640,17011420553,8000
12641,47199251058,20000
12642,7263870366,500000
12643,95845389522,15920
12644,89946142307,99120
12645,108030236074,3000
12646,21122030042,3680
12647,1310728365,64080
12648,79465899127,25600
12649,110816695172,30880
12650,15456552623,7840
12651,256386667533,23640
12652,120409608926,97840
12653,17389026734,8160
12654,71139012017,22960
12655,61856398042,35480
12656,48574112765,24480
12657,2687684012,160
12658,54971143543,124560
12659,1592112676,60560
12660,28282827998,36160
12661,46202378566,257240
12662,49500793830,86360
12663,146830854506,19280
12664,2439125054,54960
12665,53766552670,182720
12666,2600008094,240
12667,11188406356,41640
12668,23408140626,3440
12669,85138380271,84800
12670,10813834721,48440
12671,72472396059,26640
12672,5333770564,320
12673,9348453956,1600
12674,13891355234,1520
12675,29970368407,225840
12676,1374358440,80
12677,2600008094,240
12678,23689211270,7200
12679,81375523076,18080
12680,23656910588,3040
12681,12432461986,8400
12682,66307966522,34960
12683,50972251467,25440
12684,4267813559,52800
12685,830019045747,27800
12686,40732318937,21360
12687,89515466753,193720
12688,5684346990,800
12689,32050785144,35520
12690,1374358440,80
12691,100441197168,26160
12692,43509083266,8840
12693,104249110308,155840
12694,12623505456,1760
12695,38568997319,168880
12696,22854197794,4400
12697,107690125100,27520
12698,146634028475,16160
12699,52494005405,32000
12700,19183476914,11680
12701,16142556994,5760
12702,31353758719,21600
12703,19272314234,37040
12704,12454516442,10160
12705,163330181372,99960
12706,80791577806,31600
12707,6799206835,1040
12708,85467122659,84240
12709,112974286118,34560
12710,1642815324,52480
12711,144595185185,22720
12712,9350411589,1200
12713,4434293204,65120
12714,15478861463,4800
12715,77472764723,9880
12716,102899676983,27760
12717,52506691524,113120
12718,2178111532,49440
12719,92290006805,122080
12720,201463584472,114400
12721,54029269555,89760
12722,1599781249,61200
12723,23669933410,4320
12724,1374358440,80
12725,75360346624,920
12726,25465476609,13120
12727,7023715921,720
12728,23784008333,5280
12729,16706492151,8880
12730,15880493699,2640
12731,10435395364,47080
12732,140535846989,151080
12733,82866602445,16640
12734,83390278198,19520
12735,94760932279,32720
12736,16636224580,8960
12737,5684346990,800
12738,95933971711,5800
12739,40763541178,41680
12740,538643093530,35080
12741,85422022929,16960
12742,13891355234,1520
12743,229082250940,78880
12744,1547179648,52960
12745,75360346624,920
12746,16976316359,9760
12747,5333770564,320
12748,12340652589,1440
12749,17389026734,8160
12750,41629150757,20080
12751,48802443297,20800
12752,56209218247,24000
12753,122731336839,153920
12754,76047284087,28880
12755,64985759625,30480
12756,63774673835,12920
12757,9983132801,3200
12758,12384318263,2880
12759,20226788379,42920
12760,88736468195,3480
12761,42649942002,34720
12762,15880493699,2640
12763,15456552623,7840
12764,52086179253,77280
12765,43674397868,136880
12766,15362541596,6640
12767,636106864639,5880
12768,30251746999,34880
12769,19668450133,42120
12770,298034082956,9640
12771,9983132801,3200
12772,38488472394,4560
12773,123747373587,18400
12774,2003502962,55760
12775,108776465041,28720
12776,88308477693,28320
12777,77953094991,19200
12778,15489598358,8480
12779,21610292380,5600
12780,10911635053,1280
12781,60788262155,34400
12782,2687684012,160
12783,172316024801,17440
12784,6202102830,480
12785,1838542350,75120
12786,9660640502,640
12787,6799206835,1040
12788,50439157857,31440
12789,2737543491,49360
12790,43874233927,12240
12791,9660640502,640
12792,18522672847,6000
12793,7976912201,456640
12794,2439125054,54960
12795,35263376528,12640
12796,59099009441,27120
12797,2828425999,47680
12798,108279347535,4680
12799,99603391516,174800
12800,11741037049,8560
12801,31833253865,5200
12802,10297220660,52920
12803,21074044089,12480
12804,3608052587,400
12805,18114803018,4880
12806,18857244689,4160
12807,2603812750,63600
12808,400836826000,15320
12809,4004414179,47280
12810,76253196184,2520
12811,15870396402,3360
12812,21074044089,12480
12813,90204001157,23360
12814,28704931708,120
12815,5333770564,320
12816,76501364623,8120
12817,24424102909,7680
12818,48234750446,14160
12819,2342085341,67880
12820,2600008094,240
12821,195116588663,30160
12822,23656910588,3040
12823,36948731607,36400
12824,21074044089,12480
12825,22920582078,2720
12826,2600008094,240
12827,111715843386,15840
12828,21772899223,200
12829,184391092432,115360
12830,82690235546,23200
12831,53820665247,7360
12832,28704931708,120
12833,95036586510,26240
12834,7428193041,58920
12835,57596705364,20960
12836,1390439423,50160
12837,52086179253,77280
12838,36539997940,40
12839,534849253347,7240
12840,1916099215,75360
12841,140497270038,12120
12842,7263870366,500000
12843,27918208932,300920
12844,49795945085,19600
12845,16142556994,5760
12846,26882172573,4480
12847,20166661638,9840
12848,15776737500,4000
12849,440798844406,14440
12850,20682211119,3280
12851,38568997319,168880
12852,2295024691,50800
12853,36941700728,13920
12854,1316202886,57760
12855,21618919613,10640
12856,1562661962,67120
12857,49508725386,8520
12858,10122640374,62840
12859,1453665873,52080
12860,9221830002,1120
12861,81230959361,14720
12862,28053384383,3600
12863,129745214849,86000
12864,13722344770,41360
12865,19641589584,13280
12866,9892193006,2000
12867,14350982604,2160
12868,115501695900,17680
12869,20788222625,7520
12870,56985563015,13440
12871,16946126060,8720
12872,23669933410,4320
12873,5143708328,1680
12874,14578863196,12320
12875,16636224580,8960
12876,19873871526,2320
12877,12623505456,1760
12878,22656554835,11600
12879,7263870366,500000
12880,101333104455,6680
12881,267457559004,5720
12882,82924689759,26880
12883,29945835516,4640
12884,1153691481,59120
12885,155699828081,29880
12886,56985563015,13440
12887,190576474385,95040
12888,35803981480,13200
12889,3747746678,47040
12890,5329492073,54440
12891,11642005252,560
12892,64592304991,123440
12893,90376657141,3320
12894,24096684991,11760
12895,2155925558,50240
12896,155002269393,146560
12897,51509791655,2040
12898,50635113228,89680
12899,2138635821,64720
12900,106524574771,10520
12901,59843078367,28000
12902,83992375237,143040
12903,13046061511,2240
12904,72758966409,199200
12905,325425367600,18040
12906,15878553306,39920
12907,79262880472,5640
12908,74984686754,21920
12909,50244828827,22080
12910,11824091548,2560
12911,3296732139,44400
12912,29346663777,7280
12913,5684346990,800
12914,93433311171,9400
12915,64985759625,30480
12916,35263376528,12640
12917,9983132801,3200
12918,11642005252,560
12919,5684346990,800
12920,14878979296,4960
12921,144728908001,15280
12922,60025625758,34320
12923,65746068126,4040
12924,232377168932,88960
12925,2178111532,49440
12926,57019559581,86800
12927,15478861463,4800
12928,170774387482,21480
12929,21618919613,10640
12930,21520625332,12880
12931,36362045738,20480
12932,143725073864,12200
12933,140965054822,18160
12934,6202102830,480
12935,1216687922,60240
12936,260835587440,14200
12937,2687684012,160
12938,9878648329,401760
12939,494226912280,26200
12940,14747480047,343680
12941,29210106841,6880
12942,36506643138,14320
12943,66794076588,32880
12944,11824091548,2560
12945,105743409645,10920
12946,19144532808,13760
12947,23856642424,9920
12948,126649546373,17360
12949,9892193006,2000
12950,67743340351,21840
12951,50043397940,25520
12952,1478167869,70000
12953,21122030042,3680
12954,1490971923,49520
12955,143141951502,4280
12956,11824091548,2560
12957,19873871526,2320
12958,10911635053,1280
12959,48234750446,14160
12960,46233938156,14080
12961,2600008094,240
12962,5143708328,1680
12963,9350411589,1200
12964,15880493699,2640
12965,11741037049,8560
12966,16085758222,10800
12967,15591358874,3840
12968,66836593710,29600
12969,26465861661,35040
12970,38914243620,26000
12971,27968803724,34480
12972,3608052587,400
12973,34538092491,11840
12974,34722111340,7440
12975,9660640502,640
12976,240166871421,11720
12977,14878979296,4960
12978,3608052587,400
12979,15489598358,8480
12980,143141951502,4280
12981,9983132801,3200
12982,224131194772,89960
12983,1390439423,50160
12984,23669933410,4320
12985,21074044089,12480
12986,81375523076,18080
12987,85422022929,16960
12988,146473258546,6520
12989,28402204871,33520
12990,17186276929,5440
12991,27750055303,35760
12992,1996416132,59680
12993,59640316295,31280
12994,12340652589,1440
12995,6369236491,50680
12996,15999718356,11920
12997,17060941453,41920
12998,6202102830,480
12999,18062327359,41960
13000,79522632203,25680
13001,60618080877,33760
13002,5333770564,320
13003,29638694208,38600
13004,90376657141,3320
13005,20168245720,9440
13006,42509619814,263120
13007,106072893267,3080
13008,64039606685,35600
13009,25013359587,11280
13010,23853271916,13040
13011,2687684012,160
13012,296632992156,17080
13013,10564265550,42320
13014,21610292380,5600
13015,23101733842,9200
13016,9660640502,640
13017,238594339135,88120
13018,80043992269,79680
13019,7786509846,75080
13020,17389026734,8160
13021,194139747268,22360
13022,19272314234,37040
13023,95647187008,85840
13024,30793914017,13520
13025,7600236442,69400
13026,114042064745,3800
13027,13272425141,41200
13028,2600008094,240
13029,17733400848,8320
13030,270731660270,31880
13031,106008798221,93680
13032,2600008094,240
13033,1390439423,50160
13034,93741848477,80560
13035,64023289643,8200
13036,36837541468,9680
13037,26882172573,4480
13038,19738763180,9120
13039,366270702428,15800
13040,256386667533,23640
13041,95887941524,17200
13042,49500793830,86360
13043,938904422,76320
13044,7263870366,500000
13045,7023715921,720
13046,28383168956,5840
13047,3824026617,46080
13048,79247415130,680
13049,18910982041,2960
13050,101641843829,92560
13051,74415030632,2840
13052,89202998466,23760
13053,24424102909,7680
13054,17625197496,2480
13055,15456552623,7840
13056,18114803018,4880
13057,242404947750,17120
13058,197002464096,96120
13059,7023715921,720
13060,20431947730,10880
13061,52637118669,23680
13062,154071370305,16400
13063,51601936871,21440
13064,303618006125,19800
13065,153103991690,150680
13066,5143708328,1680
13067,26914551763,3920
13068,13608026520,11120
13069,71848505371,33200
13070,24096684991,11760
13071,400836826000,15320
13072,80791577806,31600
13073,66940128302,19920
13074,15456552623,7840
13075,72918674418,19840
13076,121803750356,18640
13077,95887941524,17200
13078,17638044180,3760
13079,22854197794,4400
13080,17521721748,4720
13081,23856642424,9920
13082,17521721748,4720
13083,95933971711,5800
13084,58205391409,1720
13085,155699828081,29880
13086,7263870366,500000
13087,17671764981,2800
13088,24242830819,43440
13089,112149836643,158040
13090,3098763981,73600
13091,36282290691,37200
13092,57458973563,40280
13093,9658571893,9600
13094,34874575165,100640
13095,22344929187,6400
13096,5684346990,800
13097,6202102830,480
13098,15546887796,6560
13099,90376657141,3320
13100,75560243289,27200
13101,11670237789,2400
13102,89939377795,29680
13103,15050577109,1920
13104,1374358440,80
13105,150021792686,16080
13106,19950189722,334560
13107,66157949116,11000
13108,30805131540,360
13109,273551867291,23800
13110,53920552345,14560
13111,73954259020,6760
13112,23408140626,3440
13113,35333674036,88800
13114,9983132801,3200
13115,28053384383,3600
13116,27916461349,6080
13117,17077868903,7920
13118,28053384383,3600
13119,17077868903,7920
13120,41629150757,20080
13121,14350982604,2160
13122,9221830002,1120
13123,62898897307,21120
13124,4336500208,44560
13125,31833253865,5200
13126,5684346990,800
13127,153333901269,25240
13128,183317206989,1160
13129,82866602445,16640
13130,125483851164,32920
13131,240166871421,11720
13132,35263376528,12640
13133,17186276929,5440
13134,1374358440,80
13135,120545990793,168480
13136,142546291708,36200
13137,61834110086,160000
13138,217582975483,15720
13139,101053129705,10120
13140,145909653545,119440
13141,2687684012,160
13142,43015924265,244480
13143,13092241585,7760
13144,16359497198,41120
13145,121118772278,26360
13146,204938590346,8360
13147,13396314586,40880
13148,126802079774,30440
13149,56209218247,24000
13150,43548505348,20320
13151,16060169283,8080
13152,60128624529,27360
13153,15019316972,10000
13154,10911635053,1280
13155,25465476609,13120
13156,106904921633,29040
13157,48616889143,23920
13158,94510449040,9000
13159,15050577109,1920
13160,15870396402,3360
13161,9892193006,2000
13162,39754282327,24640
13163,2600008094,240
13164,49990683055,247120
13165,3608052587,400
13166,65493899978,32240
13167,23875429670,3520
13168,2600008094,240
13169,31482218738,5120
13170,12826818257,40800
13171,23669933410,4320
13172,2277571415,75720
13173,20682211119,3280
13174,14876319705,4080
13175,23408140626,3440
13176,22344929187,6400
13177,12376659642,1840
13178,19641589584,13280
13179,65747473442,89200
13180,49191332981,22160
13181,3296732139,44400
13182,15362541596,6640
13183,117938839890,78640
13184,122684855239,76720
13185,160890764346,15480
13186,7263870366,500000
13187,126016473060,19680
13188,16946126060,8720
13189,13092241585,7760
13190,2072604285,51920
13191,13046061511,2240
13192,71139012017,22960
13193,15019316972,10000
13194,16706492151,8880
13195,11642005252,560
13196,60656071894,32800
13197,74984686754,21920
13198,20431947730,10880
13199,123159533577,91760
13200,29210106841,6880
13201,15591358874,3840
13202,2077347150,66320
13203,50693651831,34240
13204,938904422,76320
13205,145254961327,17840
13206,10873314768,41440
13207,5684346990,800
13208,5333770564,320
13209,19873871526,2320
13210,45979883803,90080
13211,29616534813,29760
13212,32775958764,31040
13213,31482218738,5120
13214,13332088199,2080
13215,23158988748,12080
13216,112974286118,34560
13217,91109372702,27680
13218,224389100377,31720
13219,29346663777,7280
13220,9749339310,419440
13221,18857244689,4160
13222,67743340351,21840
13223,4812694721,44000
13224,278453352170,21720
13225,59640316295,31280
13226,2687684012,160
13227,12491687726,48640
13228,37103553962,14240
13229,6936597692,43280
13230,97380675523,120640
13231,24424102909,7680
13232,89939377795,29680
13233,54234970873,16560
13234,27562438485,11040
13235,13332088199,2080
13236,12454516442,10160
13237,36941700728,13920
13238,27750055303,35760
13239,3824026617,46080
13240,6194347287,960
13241,22699484924,8800
13242,209298502522,22120
13243,87928884093,35400
13244,12384318263,2880
13245,29346663777,7280
13246,108004795493,93720
13247,5333770564,320
13248,48771542050,28240
13249,5143708328,1680
13250,68963246637,124760
13251,105743409645,10920
13252,43707823982,4440
13253,12623505456,1760
13254,181219918483,107680
13255,19738763180,9120
13256,1374358440,80
13257,10341860339,41520
13258,50340489760,31360
13259,12623505456,1760
13260,34289033548,39200
13261,50479979642,78720
13262,26534414659,42360
13263,1299554102,69280
13264,16946126060,8720
13265,54145510118,24960
13266,154243510642,16800
13267,17186276929,5440
13268,2687684012,160
13269,26505612170,10240
13270,34896110353,3120
13271,7263870366,500000
13272,99784557249,4920
13273,10911635053,1280
13274,7023715921,720
13275,19639145621,270960
13276,57675168343,36720
13277,2600008094,240
13278,76820790896,30080
13279,9658571893,9600
13280,129353598564,25960
13281,68644160389,40680
13282,148512722872,16720
13283,23669933410,4320
13284,29174547652,13680
13285,47348102633,15680
13286,30793914017,13520
13287,27916461349,6080
13288,1547179648,52960
13289,58131531355,20640
13290,20431221354,43000
13291,11567757747,1360
13292,46520056427,35440
13293,7023715921,720
13294,106992945346,25280
13295,44801448186,24160
13296,28053384383,3600
13297,12432461986,8400
13298,530366120828,22280
13299,22344929187,6400
13300,233090358992,101680
13301,53920552345,14560
13302,11567757747,1360
13303,15870396402,3360
13304,38488472394,4560
13305,3460928839,58320
13306,56209218247,24000
13307,17625197496,2480
13308,180146520602,4360
13309,79272726216,28480
13310,36837541468,9680
13311,1258488203,69840
13312,48887323414,120000
13313,13722344770,41360
13314,11670237789,2400
13315,14350982604,2160
13316,5143708328,1680
13317,54029269555,89760
13318,43076668133,37920
13319,9658571893,9600
13320,11642005252,560
13321,81445134080,101120
13322,82645869018,2600
13323,10015514405,52440
13324,11532819603,401600
13325,36948731607,36400
13326,219317788870,21080
13327,105041362756,6120
13328,31183271091,6960
13329,47516385227,26800
13330,64435192093,26480
13331,103309064064,23280
13332,35117865222,34160
13333,57207402886,1640
13334,14878979296,4960
13335,32050785144,35520
13336,6929996421,49600
13337,15050577109,1920
13338,4157392183,65520
13339,2552510724,62560
13340,143648985401,3880
13341,154071370305,16400
13342,1240402609,74880
13343,1374358440,80
13344,8397155989,451040
13345,7747223392,42160
13346,16636224580,8960
13347,27310476897,37680
13348,113677203587,85440
13349,75560243289,27200
13350,66157949116,11000
13351,139317380285,5960
13352,55755921320,23600
13353,72642954732,15360
13354,24424102909,7680
13355,15050577109,1920
13356,115501695900,17680
13357,2930747303,58960
13358,2199943678,61360
13359,28053384383,3600
13360,106696020664,15520
13361,2361975159,49040
13362,12454516442,10160
13363,75330607451,21520
13364,9658571893,9600
13365,5548067290,45280
13366,13891355234,1520
13367,198631419076,4840
13368,13891355234,1520
13369,15912070617,9520
13370,16142556994,5760
13371,20226788379,42920
13372,48868052299,40120
13373,11567757747,1360
13374,22854197794,4400
13375,3097355024,72920
13376,48802443297,20800
13377,179921849138,19640
13378,17077868903,7920
13379,2063671238,60960
13380,6392283143,880
13381,55604746942,34640
13382,178091299662,117840
13383,26505612170,10240
13384,53254715072,1800
13385,31482218738,5120
13386,15019316972,10000
13387,1374358440,80
13388,9348453956,1600
13389,1374358440,80
13390,9348453956,1600
13391,17095927859,6240
13392,35803981480,13200
13393,29346663777,7280
13394,24424102909,7680
13395,39200715323,14400
13396,36506643138,14320
13397,30251746999,34880
13398,53165155438,22400
13399,1374358440,80
13400,1451869925,56880
13401,173523501031,18000
13402,106077369914,2360
13403,176840863949,128920
13404,23875429670,3520
13405,36506643138,14320
13406,153843314782,30720
13407,153843314782,30720
13408,30805131540,360
13409,54145510118,24960
13410,14350982604,2160
13411,3466723235,52320
13412,18114803018,4880
13413,29210106841,6880
13414,102529976966,191000
13415,69655242489,25360
13416,169002162841,123880
13417,224643000065,37480
13418,8907867658,71280
13419,31482218738,5120
13420,14878979296,4960
13421,18917901145,11200
13422,11642005252,560
13423,54141336177,247920
13424,1830988170,51040
13425,10911635053,1280
13426,4915881027,46640
13427,74806535448,22000
13428,19183476914,11680
13429,16068955449,38240
13430,26094464918,5520
13431,142069538494,7160
13432,29210106841,6880
13433,92627045335,15600
13434,112068355963,80080
13435,6194347287,960
13436,1501994734,66800
13437,1207654539,55280
13438,2687684012,160
13439,83322682464,80720
13440,162584670633,102400
13441,14350982604,2160
13442,12623505456,1760
13443,66940128302,19920
13444,28704931708,120
13445,15999718356,11920
13446,14350982604,2160
13447,6202102830,480
13448,30251746999,34880
13449,104720380714,18480
13450,7995029831,47440
13451,17110344820,4240
13452,2138635821,64720
13453,35998339239,36240
13454,1517481641,61600
13455,33245691455,5360
13456,46233938156,14080
13457,2600008094,240
13458,26094464918,5520
13459,168830836416,7560
13460,5143708328,1680
13461,2687684012,160
13462,1435205715,65840
13463,12454516442,10160
13464,2687684012,160
13465,60305999704,14960
13466,188905729061,16240
13467,150021792686,16080
13468,520579813792,27160
13469,53820665247,7360
13470,24424102909,7680
13471,58095986012,24400
13472,1153691481,59120
13473,95665772716,90960
13474,188981627937,17520
13475,41572558005,271600
13476,25581146360,13840
13477,18917901145,11200
13478,1374358440,80
13479,10112510915,53360
13480,20682211119,3280
13481,22075897957,6720
13482,26882172573,4480
13483,227939123936,16520
13484,182688258585,5560
13485,32775958764,31040
13486,34289033548,39200
13487,5143708328,1680
13488,11670237789,2400
13489,1374358440,80
13490,29174547652,13680
13491,108279347535,4680
13492,17671764981,2800
13493,10994443315,10400
13494,105233767861,6600
13495,9177895334,67700
13496,23101733842,9200
13497,9149951836,43200
13498,29945835516,4640
13499,9892193006,2000
13500,187088615810,85600
13501,20379987144,48760
13502,8371797238,72520
13503,66940128302,19920
13504,1134761090,57360
13505,42898884843,520
13506,85504856210,98800
13507,38998990035,12000
13508,62332319339,138280
13509,44801448186,24160
13510,32253145536,12800
13511,39200715323,14400
13512,1727515320,62240
13513,9892193006,2000
13514,35979013909,33280
13515,193130882734,8760
13516,50635113228,89680
13517,5684346990,800
13518,64534146299,87680
13519,13092241585,7760
13520,12340652589,1440
13521,22344929187,6400
13522,5203204270,63840
13523,14876319705,4080
13524,12384318263,2880
13525,71139012017,22960
13526,4812694721,44000
13527,1870146759,54560
13528,78042633240,39120
13529,54420101441,97520
13530,142069538494,7160
13531,48616889143,23920
13532,50043397940,25520
13533,74629868607,28080
13534,9466723289,64760
13535,16060169283,8080
13536,223759278991,13160
13537,246730133864,35000
13538,17521721748,4720
13539,81236278677,138960
13540,2233267755,62720
13541,39754282327,24640
13542,6392283143,880
13543,47444218344,110000
13544,89693684746,1400
13545,16976316359,9760
13546,11670237789,2400
13547,208705251971,109120
13548,26094464918,5520
13549,167300549275,9720
13550,11824091548,2560
13551,15050577109,1920
13552,1844353457,51600
13553,955540983,66160
13554,23669933410,4320
13555,13046061511,2240
13556,69277637373,217640
13557,62168932959,14640
13558,15050577109,1920
13559,26094464918,5520
13560,1748222344,61280
13561,8622694111,66630
13562,19100052299,36880
13563,134475963720,30920
13564,135610907787,30640
13565,1635480655,58560
13566,72995186330,120320
13567,25118102990,6160
13568,16636224580,8960
13569,7950741772,69320
13570,18910982041,2960
13571,22699484924,8800
13572,4045992060,60760
13573,7263870366,500000
13574,31095841385,5040
13575,74205419552,30840
13576,59255888553,95840
13577,9658571893,9600
13578,1343925107,50640
13579,126016473060,19680
13580,27310476897,37680
13581,9983132801,3200
13582,31095841385,5040
13583,193066612285,124000
13584,67815706672,29200
13585,19641589584,13280
13586,7023715921,720
13587,455797709469,17240
13588,9350411589,1200
13589,3073217070,55040
13590,63141782810,32960
13591,42419472941,207120
13592,3095829856,49200
13593,9224599853,397520
13594,1374358440,80
13595,1374358440,80
13596,51509791655,2040
13597,1374358440,80
13598,14876319705,4080
13599,75560243289,27200
13600,28053384383,3600
13601,254572569738,88840
13602,1374358440,80
13603,21772899223,200
13604,3249072778,71760
13605,47080146754,14480
13606,2687684012,160
13607,27916461349,6080
13608,14227532725,366880
13609,135616036603,32520
13610,18522672847,6000
13611,66385127551,113200
13612,5333770564,320
13613,4050878460,60840
13614,27562438485,11040
13615,146830854506,19280
13616,146634028475,16160
13617,17671764981,2800
13618,50693651831,34240
13619,12376659642,1840
13620,58180382513,20720
13621,2600008094,240
13622,51908139813,173600
13623,104926239705,169360
13624,34896110353,3120
13625,13651723175,241040
13626,20682211119,3280
13627,24096684991,11760
13628,71220686056,100080
13629,172316024801,17440
13630,1429000173,58880
13631,22699484924,8800
13632,71139012017,22960
13633,47516385227,26800
13634,201950913987,95800
13635,97242100678,163760
13636,25581146360,13840
13637,49795945085,19600
13638,28383168956,5840
13639,90376657141,3320
13640,41322889979,99760
13641,11824091548,2560
13642,57458973563,40280
13643,675372209568,220
13644,2365616675,72560
13645,27320739252,11360
13646,113969841075,13080
13647,178805303873,117440
13648,190438301355,121760
13649,41809171636,30400
13650,108474992913,21760
13651,29210106841,6880
13652,16946126060,8720
13653,29174547652,13680
13654,29210106841,6880
13655,15478861463,4800
13656,1429000173,58880
13657,30805131540,360
13658,16946126060,8720
13659,17638044180,3760
13660,34722111340,7440
13661,4082479741,45920
13662,6799206835,1040
13663,186596175818,96080
13664,25762440814,7040
13665,35803981480,13200
13666,28383168956,5840
13667,17625197496,2480
13668,7263870366,500000
13669,39200715323,14400
13670,72472396059,26640
13671,2687684012,160
13672,17625197496,2480
13673,58205391409,1720
13674,42569554114,28960
13675,188905729061,16240
13676,1638257951,52400
13677,1830988170,51040
13678,58123010201,15200
13679,28704931708,120
13680,104171338035,3400
13681,2251660248,68400
13682,440798844406,14440
13683,30265799561,36480
13684,1374358440,80
13685,2600008094,240
13686,131960900677,18240
13687,44801448186,24160
13688,21074044089,12480
13689,43509083266,8840
13690,11670237789,2400
13691,15776737500,4000
13692,23158988748,12080
13693,43983928964,32640
13694,3608052587,400
13695,49294780769,77360
13696,108030236074,3000
13697,12376659642,1840
13698,93363555570,26080
13699,37981648748,187200
13700,2600008094,240
13701,15478861463,4800
13702,82907053364,105600
13703,89020507201,28560
13704,22075897957,6720
13705,46228550293,31520
13706,5548067290,45280
13707,12576156285,10720
13708,243849653950,28360
13709,66729172444,15120
13710,19183476914,11680
13711,193283858612,98240
13712,56173571782,103920
13713,26882172573,4480
13714,2687684012,160
13715,1932090994,70560
13716,16142556994,5760
13717,6213816925,46160
13718,19248589086,8640
13719,59099009441,27120
13720,5724339707,46960
13721,18910982041,2960
13722,1374358440,80
13723,25465476609,13120
13724,16636224580,8960
13725,21520625332,12880
13726,44424529471,241400
13727,16636224580,8960
13728,9350411589,1200
13729,21618919613,10640
13730,50109757968,15040
13731,23656910588,3040
13732,2219288718,50320
13733,52195903666,81600
13734,137964041710,36360
13735,325425367600,18040
13736,22699484924,8800
13737,60305999704,14960
13738,17011420553,8000
13739,9983132801,3200
13740,8103451647,354800
13741,32057552514,37840
13742,9658571893,9600
13743,8327828583,40000
13744,963002444,60080
13745,42988152011,33920
13746,11642005252,560
13747,11824091548,2560
13748,13678261359,280
13749,2687684012,160
13750,55551582217,245680
13751,11188406356,41640
13752,50635113228,89680
13753,123747373587,18400
13754,54667491656,159440
13755,6729893832,63800
13756,62168932959,14640
13757,48616889143,23920
13758,54487213194,33680
13759,5333770564,320
13760,4434293204,65120
13761,83991413919,131360
13762,23101733842,9200
13763,23689211270,7200
13764,21509414556,9040
13765,11322340821,41600
13766,4120868263,68280
13767,11824091548,2560
13768,54234970873,16560
13769,21074044089,12480
13770,9032497602,65200
13771,184586214099,127000
13772,256358182784,20280
13773,85714345197,17760
13774,9348453956,1600
13775,55021698026,20400
13776,2828425999,47680
13777,137498194074,17920
13778,41809171636,30400
13779,1861103762,68960
13780,43707823982,4440
13781,85812512964,22320
13782,52036744754,20160
13783,229109422087,80840
13784,5684346990,800
13785,20168245720,9440
13786,2197395360,60000
13787,54487213194,33680
13788,60305999704,14960
13789,182688258585,5560
13790,34896110353,3120
13791,8177482607,65360
13792,74984686754,21920
13793,12576156285,10720
13794,14350982604,2160
13795,15546887796,6560
13796,19268050737,38080
13797,17110344820,4240
13798,10911635053,1280
13799,166453184554,109800
13800,22344929187,6400
13801,1374358440,80
13802,86945585381,32600
13803,30606949963,6480
13804,15050577109,1920
13805,12340652589,1440
13806,69913120991,99840
13807,47516385227,26800
13808,49999151057,35920
13809,53820665247,7360
13810,5333770564,320
13811,15591358874,3840
13812,53165155438,22400
13813,89700187257,5240
13814,18910982041,2960
13815,56630523360,1000
13816,31353758719,21600
13817,2118658897,64160
13818,12623505456,1760
13819,3608052587,400
13820,14878979296,4960
13821,7263870366,500000
13822,10911635053,1280
13823,129353598564,25960
13824,172316024801,17440
13825,13092241585,7760
13826,1485652037,76160
13827,136169260614,130640
13828,100441197168,26160
13829,20788222625,7520
13830,55604746942,34640
13831,16142556994,5760
13832,9658571893,9600
13833,11642005252,560
13834,22376593198,10960
13835,62972904412,88320
13836,22854197794,4400
13837,17521721748,4720
13838,7023715921,720
13839,18917901145,11200
13840,7312443170,49560
13841,1141417026791,17720
13842,1514973004,67520
13843,21610292380,5600
13844,130145498657,161680
13845,103309064064,23280
13846,79247415130,680
13847,19183476914,11680
13848,50244828827,22080
13849,172757028610,131520
13850,59580338453,129520
13851,54234970873,16560
13852,24434172459,35360
13853,26465861661,35040
13854,16976316359,9760
13855,9892193006,2000
13856,20431947730,10880
13857,15489598358,8480
13858,2593943587,49920
13859,152287326217,4200
13860,19641589584,13280
13861,46228550293,31520
13862,121803750356,18640
13863,12384318263,2880
13864,15478861463,4800
13865,169590899994,19320
13866,96737981494,79040
13867,12340652589,1440
13868,72918674418,19840
13869,11188406356,41640
13870,10911635053,1280
13871,27224553891,38800
13872,79272726216,28480
13873,15591358874,3840
13874,1316202886,57760
13875,2862076835,53760
13876,129057320601,12040
13877,1374358440,80
13878,64510003820,92080
13879,93193820980,39480
13880,36941700728,13920
13881,94335297791,9960
13882,65746068126,4040
13883,447571513369,24600
13884,15478861463,4800
13885,23408140626,3440
13886,11670237789,2400
13887,20166661638,9840
13888,18062327359,41960
13889,112422424323,178400
13890,6202102830,480
13891,79426312607,94880
13892,67325900435,205040
13893,36253241852,42040
13894,47199251058,20000
13895,30606949963,6480
13896,8012710598,67160
13897,15591358874,3840
13898,32057552514,37840
13899,19144532808,13760
13900,4515057201,48720
13901,76501364623,8120
13902,35803981480,13200
13903,2926194215,71920
13904,51509791655,2040
13905,11951841178,9280
13906,28053384383,3600
13907,22075897957,6720
13908,27562438485,11040
13909,46152821379,15440
13910,142441771055,2280
13911,140430625048,35720
13912,36941700728,13920
13913,21122030042,3680
13914,74984686754,21920
13915,145720586297,16480
13916,15050577109,1920
13917,9350411589,1200
13918,13678261359,280
13919,135161566275,34920
13920,12576156285,10720
13921,17521721748,4720
13922,43509083266,8840
13923,58131531355,20640
13924,5333770564,320
13925,104720380714,18480
13926,5143708328,1680
13927,75756363547,79920
13928,11642005252,560
13929,42988152011,33920
13930,2687684012,160
13931,9266375618,44960
13932,17095927859,6240
13933,28801489096,39280
13934,13332088199,2080
13935,239693896333,97080
13936,31095841385,5040
13937,101972051207,13320
13938,79465899127,25600
13939,20788222625,7520
13940,36506643138,14320
13941,25762440814,7040
13942,5143708328,1680
13943,1054282203,68480
13944,10911635053,1280
13945,14878979296,4960
13946,375929157133,15160
13947,133657978984,21560
13948,20672883414,12560
13949,694796887503,19160
13950,70373621373,20560
13951,1374358440,80
13952,15870396402,3360
13953,939301808,59440
13954,118102201128,31160
13955,2687684012,160
13956,55901576630,83280
13957,11741037049,8560
13958,26914551763,3920
13959,90204001157,23360
13960,66456828552,227160
13961,29945835516,4640
13962,18114803018,4880
13963,2683598171,48160
13964,29616534813,29760
13965,9892193006,2000
13966,15880493699,2640
13967,60305999704,14960
13968,64592304991,123440
13969,18857244689,4160
13970,36539997940,40
13971,154243510642,16800
13972,26882172573,4480
13973,54608383980,26960
13974,15019316972,10000
13975,28383168956,5840
13976,2540128680,46480
13977,123507992959,87040
13978,62044629116,16320
13979,110136854661,19760
13980,126052229295,12440
13981,12432461986,8400
13982,66940128302,19920
13983,6202102830,480
13984,100441197168,26160
13985,5684346990,800
13986,19170694656,335760
13987,124760503335,141440
13988,2552510724,62560
13989,93260711339,130120
13990,2199531279,61760
13991,98840128406,1560
13992,105067324101,190520
13993,117749274819,149840
13994,125960024810,31680
13995,9181193253,42000
13996,6194347287,960
13997,1538463551,62480
13998,27916461349,6080
13999,23158988748,12080
14000,13332088199,2080
14001,19738763180,9120
14002,107690125100,27520
14003,17011420553,8000
14004,17521721748,4720
14005,72712095790,30240
14006,23875429670,3520
14007,11567757747,1360
14008,19144532808,13760
14009,100441197168,26160
14010,28053384383,3600
14011,60335410018,212960
14012,53920552345,14560
14013,2593943587,49920
14014,18857244689,4160
14015,3714795603,48240
14016,27968803724,34480
14017,140497270038,12120
14018,60624122623,148560
14019,1374358440,80
14020,1281115122,62400
14021,49663236733,32400
14022,17671764981,2800
14023,72712095790,30240
14024,103840844106,2200
14025,67613338563,29360
14026,14350982604,2160
14027,60409082220,22480
14028,26094464918,5520
14029,36539997940,40
14030,19100052299,36880
14031,16258816526,363840
14032,145394409739,146160
14033,103045755018,18800
14034,11567757747,1360
14035,22376593198,10960
14036,22075897957,6720
14037,58180382513,20720
14038,68698870842,111040
14039,250424704568,93040
14040,114773437493,102000
14041,22656554835,11600
14042,2418241478,65400
14043,1316202886,57760
14044,1374358440,80
14045,10911635053,1280
14046,37097227729,81520
14047,50637133414,87520
14048,71479075448,27600
14049,4515057201,48720
14050,3104514163133,17560
14051,650895492531,19240
14052,43509083266,8840
14053,2687684012,160
14054,57318113214,231280
14055,173523501031,18000
14056,15870396402,3360
14057,145444361098,1960
14058,53820665247,7360
14059,75360346624,920
14060,2687684012,160
14061,15870396402,3360
14062,3608052587,400
14063,9660640502,640
14064,1532527980,63520
14065,10911635053,1280
14066,295278881377,16680
14067,15546887796,6560
14068,77829774743,28400
14069,185780387134,30600
14070,295278881377,16680
14071,68672378117,34000
14072,252350602984,91920
14073,132889774062,28280
14074,47348102633,15680
14075,209915907348,98360
14076,25118102990,6160
14077,54145510118,24960
14078,11670237789,2400
14079,24242830819,43440
14080,60128624529,27360
14081,17638044180,3760
14082,31183271091,6960
14083,468600914470,16040
14084,16946126060,8720
14085,9660640502,640
14086,19334631611,5680
14087,173020310390,102080
14088,66157949116,11000
14089,63428298910,32080
14090,10911635053,1280
14091,23689211270,7200
14092,9348453956,1600
14093,13046061511,2240
14094,15591358874,3840
14095,393680428458,17320
14096,87250808681,16880
14097,5333770564,320
14098,3095037110,59920
14099,2687684012,160
14100,74984686754,21920
14101,15880493699,2640
14102,6799206835,1040
14103,40732318937,21360
14104,54145510118,24960
14105,1987200067,63360
14106,143876297061,140880
14107,380753008893,26120
14108,10439811430,59160
14109,36539997940,40
14110,29314973658,38320
14111,47516385227,26800
14112,14878979296,4960
14113,54983820826,77840
14114,57863690694,3160
14115,5143708328,1680
14116,11951841178,9280
14117,31744536064,6800
14118,20431221354,43000
14119,23875429670,3520
14120,81375523076,18080
14121,205044904244,95600
14122,19100052299,36880
14123,73954259020,6760
14124,18081356074,11440
14125,19873871526,2320
14126,11824091548,2560
14127,6202102830,480
14128,18857244689,4160
14129,178467900311,36520
14130,9348453956,1600
14131,28909029183,7120
14132,9348453956,1600
14133,45610307327,440
14134,297698451149,21000
14135,1535797742,69200
14136,206363489143,17040
14137,2558362570,67280
14138,179957320382,25480
14139,2687684012,160
14140,70373621373,20560
14141,22920582078,2720
14142,29945835516,4640
14143,5684346990,800
14144,47080146754,14480
14145,72642954732,15360
14146,122590251443,168720
14147,13046061511,2240
14148,2067534491,59840
14149,1722237937,61040
14150,31095841385,5040
14151,15050577109,1920
14152,12384318263,2880
14153,64435192093,26480
14154,132889774062,28280
14155,53113595581,125840
14156,1535797742,69200
14157,191317325961,5160
14158,33451249985,25840
14159,10911635053,1280
14160,94760932279,32720
14161,72472396059,26640
14162,320968714470,16920
14163,11670237789,2400
14164,1374358440,80
14165,117008091738,13000
14166,2687684012,160
14167,110816695172,30880
14168,194018049247,103040
14169,9370026543,55720
14170,1599781249,61200
14171,15050577109,1920
14172,17110344820,4240
14173,135563439118,31480
14174,76609022968,124720
14175,113496178279,38520
14176,15019316972,10000
14177,6194347287,960
14178,3203043412,48000
14179,278437295123,18600
14180,60788262155,34400
14181,22075897957,6720
14182,15050577109,1920
14183,52506691524,113120
14184,9348453956,1600
14185,150911904089,13800
14186,2687684012,160
14187,17077868903,7920
14188,650895492531,19240
14189,63428298910,32080
14190,16060169283,8080
14191,9350411589,1200
14192,15456552623,7840
14193,22854197794,4400
14194,280553003111,19080
14195,23875429670,3520
14196,46098432850,14000
14197,6392283143,880
14198,62168932959,14640
14199,5684346990,800
14200,31833253865,5200
14201,49663236733,32400
14202,3300842391,51360
14203,1791978308,67400
14204,54849935273,29520
14205,11741037049,8560
14206,67613338563,29360
14207,82866602445,16640
14208,182278159548,130400
14209,413956314849,31000
14210,45191232870,45080
14211,31833253865,5200
14212,87794368921,10840
14213,84970841554,21200
14214,7263870366,500000
14215,5143708328,1680
14216,141969707068,156560
14217,197083675905,92640
14218,5143708328,1680
14219,64023289643,8200
14220,9658571893,9600
14221,11642005252,560
14222,87741640820,6280
14223,1908633520,74960
14224,19334631611,5680
14225,79522632203,25680
14226,3300842391,51360
14227,50043397940,25520
14228,1578917762,61920
14229,63241875154,30000
14230,21509414556,9040
14231,304881812479,14840
14232,17011420553,8000
14233,52921612353,41000
14234,36004203903,13600
14235,9983132801,3200
14236,118188915198,12600
14237,58287429922,6920
14238,22920582078,2720
14239,118305046784,3560
14240,9658571893,9600
14241,77298806449,139120
14242,17733400848,8320
14243,57050236473,156640
14244,32375736126,36960
14245,47167181643,39320
14246,15456552623,7840
14247,38998990035,12000
14248,145720586297,16480
14249,49953875815,109920
14250,11741037049,8560
14251,6799206835,1040
14252,178817488908,9080
14253,32313318503,11520
14254,56225312944,1080
14255,269735678645,15000
14256,4915881027,46640
14257,13948875703,39520
14258,52993250630,6360
14259,132893451808,134120
14260,30606949963,6480
14261,15362541596,6640
14262,17186276929,5440
14263,17011420553,8000
14264,3066125333,68800
14265,17625197496,2480
14266,85072392230,14800
14267,74629868607,28080
14268,19873871526,2320
14269,106383641062,1480
14270,3349307885,65760
14271,70085841151,153680
14272,51601936871,21440
14273,85812512964,22320
14274,34722111340,7440
14275,85741621290,26400
14276,6194347287,960
14277,97328315078,36560
14278,54519676192,246840
14279,3086533515,53280
14280,66307966522,34960
14281,5684346990,800
14282,1642815324,52480
14283,185720005700,20520
14284,43874233927,12240
14285,15456552623,7840
14286,6626852276,72280
14287,29346663777,7280
14288,81230959361,14720
14289,43548505348,20320
14290,31482218738,5120
14291,19183476914,11680
14292,23689211270,7200
14293,4306313753,44480
14294,18857244689,4160
14295,231443339240,97480
14296,23669933410,4320
14297,20682211119,3280
14298,58027703937,31840
14299,22656554835,11600
14300,22376593198,10960
14301,36223920257,29280
14302,127408599151,9320
14303,23856642424,9920
14304,5143708328,1680
14305,1149002711,72800
14306,127903473183,24760
14307,58095986012,24400
14308,68672378117,34000
14309,7716248807,62920
14310,12872594718,46440
14311,12384318263,2880
14312,81277911580,11080
14313,1584134022,69120
14314,6392283143,880
14315,6194347287,960
14316,293632736037,30120
14317,12376659642,1840
14318,4970869054,56200
14319,9892193006,2000
14320,44738206330,33040
14321,12376659642,1840
14322,209859902052,14920
14323,25465476609,13120
14324,48887323414,120000
14325,102933208823,5000
14326,7796908966,54840
14327,7747223392,42160
14328,2171938345,65600
14329,74984686754,21920
14330,17638044180,3760
14331,23158988748,12080
14332,2687684012,160
14333,44697927708,267800
14334,6080292946,51720
14335,81230959361,14720
14336,25581146360,13840
14337,54487213194,33680
14338,28777512035,12160
14339,1538463551,62480
14340,14350982604,2160
14341,43548505348,20320
14342,71479075448,27600
14343,127408599151,9320
14344,111367466716,18320
14345,22376593198,10960
14346,48077472984,37440
14347,53809787588,250240
14348,149569701365,2440
14349,17389026734,8160
14350,113657367540,168080
14351,396565996948,10360
14352,948634832,72720
14353,75560243289,27200
14354,35263376528,12640
14355,70184090448,84560
14356,103856392926,166840
14357,1374358440,80
14358,173523501031,18000
14359,14350982604,2160
14360,19027140124,316240
14361,13891355234,1520
14362,15776737500,4000
14363,9892193006,2000
14364,16636224580,8960
14365,21122030042,3680
14366,149421743806,11160
14367,19144532808,13760
14368,20788222625,7520
14369,74662945500,24880
14370,50109757968,15040
14371,2687684012,160
14372,5333770564,320
14373,56225312944,1080
14374,57902505113,3640
14375,2236533078,74800
14376,22376593198,10960
14377,19986639189,7600
14378,7292823540,45360
14379,102835638933,158000
14380,2142471428,59280
14381,1374358440,80
14382,16142556994,5760
14383,23875429670,3520
14384,1844353457,51600
14385,15485484484,334720
14386,41244498984,181800
14387,65890206792,99640
14388,26914551763,3920
14389,68876123190,25040
14390,29174547652,13680
14391,55021698026,20400
14392,123747373587,18400
14393,85761989581,28800
14394,85422022929,16960
14395,63428298910,32080
14396,2600008094,240
14397,6799206835,1040
14398,85714345197,17760
14399,227239134807,27400
14400,2687684012,160
14401,5333770564,320
14402,553386401064,15240
14403,11670237789,2400
14404,94992152601,33120
14405,8236120208,443000
14406,34538092491,11840
14407,11670237789,2400
14408,57212444835,39840
14409,18910982041,2960
14410,23784008333,5280
14411,19738763180,9120
14412,95887941524,17200
14413,63428298910,32080
14414,73419399790,103200
14415,126052229295,12440
14416,15478861463,4800
14417,143141951502,4280
14418,85812512964,22320
14419,7023715921,720
14420,1177022982,69520
14421,57351401453,92720
14422,54648839383,26320
14423,234141312683,81880
14424,11670237789,2400
14425,32624205233,157360
14426,5333770564,320
14427,9348453956,1600
14428,1899835645,74720
14429,164553354377,23480
14430,1729189591,58640
14431,17011420553,8000
14432,126649546373,17360
14433,28383168956,5840
14434,45107434734,98560
14435,32775958764,31040
14436,49795945085,19600
14437,49795945085,19600
14438,28053384383,3600
14439,5333770564,320
14440,81230959361,14720
14441,18857244689,4160
14442,16917135578,353800
14443,963002444,60080
14444,5333770564,320
14445,1374358440,80
14446,15050577109,1920
14447,24096684991,11760
14448,15050577109,1920
14449,21305484042,44600
14450,15870396402,3360
14451,6202102830,480
14452,6799206835,1040
14453,40573860630,24240
14454,16636224580,8960
14455,18910982041,2960
14456,1501994734,66800
14457,118109290404,14600
14458,63968323880,22800
14459,27385179375,39360
14460,16122024030,351920
14461,195937908764,106120
14462,21122030042,3680
14463,67329617577,122400
14464,122241683659,5320
14465,5684346990,800
14466,262081750103,23000
14467,150021792686,16080
14468,50479979642,78720
14469,1679433285,69760
14470,107131344498,158480
14471,53873275287,22240
14472,63753660289,25760
14473,2687684012,160
14474,30606949963,6480
14475,200594828525,117920
14476,23656910588,3040
14477,105808537273,93240
14478,85714345197,17760
14479,85714345197,17760
14480,12623505456,1760
14481,78460728199,21040
14482,1374358440,80
14483,29616534813,29760
14484,54849935273,29520
14485,13678261359,280
14486,19183476914,11680
14487,18917901145,11200
14488,6936597692,43280
14489,9258015597,47400
14490,272675036997,27560
14491,16142556994,5760
14492,6202102830,480
14493,43874233927,12240
14494,16706492151,8880
14495,16706492151,8880
14496,126270097462,83440
14497,1374358440,80
14498,2687684012,160
14499,6202102830,480
14500,76458335176,4120
14501,15050577109,1920
14502,5684346990,800
14503,15489598358,8480
14504,29697064265,12400
14505,324075212432,17000
14506,53920552345,14560
14507,19144532808,13760
14508,82924689759,26880
14509,16087583322,10480
14510,192366836953,29080
14511,8074042717,62880
14512,64544608567,15760
14513,21392626372,318520
14514,14350982604,2160
14515,99784557249,4920
14516,146473258546,6520
14517,50972251467,25440
14518,12340652589,1440
14519,85164787767,197640
14520,69067783804,203560
14521,459044721980,18680
14522,13046061511,2240
14523,15456552623,7840
14524,104720380714,18480
14525,69803526937,91200
14526,29210106841,6880
14527,42187256931,35280
14528,13396314586,40880
14529,6392283143,880
14530,9221830002,1120
14531,77953094991,19200
14532,12340652589,1440
14533,1148016890,69360
14534,1374358440,80
14535,26882172573,4480
14536,206280173098,24200
14537,9983132801,3200
14538,13332088199,2080
14539,203209375852,109760
14540,17638044180,3760
14541,60023203699,35200
14542,32253145536,12800
14543,1288318480,54080
14544,15776737500,4000
14545,52036744754,20160
14546,292413156797,15640
14547,62642425934,21680
14548,63753660289,25760
14549,33245691455,5360
14550,70010874366,78000
14551,126016473060,19680
14552,137498194074,17920
14553,126016473060,19680
14554,85812512964,22320
14555,49191332981,22160
14556,3608052587,400
14557,304264908407,19480
14558,2883996258,57200
14559,12826818257,40800
14560,79268813682,95760
14561,26882172573,4480
14562,15478861463,4800
14563,2320562963,61120
14564,6799206835,1040
14565,26580021250,39760
14566,3777976687,63720
14567,6202102830,480
14568,167703430085,26280
14569,42320824807,35120
14570,13948875703,39520
14571,14878979296,4960
14572,125373721239,9240
14573,12576156285,10720
14574,104720380714,18480
14575,1374358440,80
14576,89700187257,5240
14577,45559667875,22880
14578,9348453956,1600
14579,7747223392,42160
14580,22920582078,2720
14581,15489598358,8480
14582,69803526937,91200
14583,94847106031,168520
14584,62898897307,21120
14585,17671764981,2800
14586,2614932466,68160
14587,191730649580,17280
14588,16087583322,10480
14589,134475963720,30920
14590,145720586297,16480
14591,25013359587,11280
14592,23875429670,3520
14593,17186276929,5440
14594,41629150757,20080
14595,25762440814,7040
14596,50244828827,22080
14597,13046061511,2240
14598,122241683659,5320
14599,1390439423,50160
14600,35979013909,33280
14601,28053384383,3600
14602,41629150757,20080
14603,3101801933,54240
14604,56985563015,13440
14605,36282290691,37200
14606,84497865570,2120
14607,5684346990,800
14608,32253145536,12800
14609,20166661638,9840
14610,84497865570,2120
14611,24185268356,10080
14612,5333770564,320
14613,28909029183,7120
14614,103189903116,102800
14615,17638044180,3760
14616,11642005252,560
14617,19738763180,9120
14618,7023715921,720
14619,18857244689,4160
14620,55755921320,23600
14621,135992406129,140560
14622,12623505456,1760
14623,12384318263,2880
14624,67743340351,21840
14625,19873871526,2320
14626,2600008094,240
14627,91787209973,12760
14628,6542869291,73640
14629,2600008094,240
14630,30805131540,360
14631,53820665247,7360
14632,3569748669,45840
14633,36760673045,13360
14634,21150045435,5920
14635,1258488203,69840
14636,108474992913,21760
14637,11642005252,560
14638,126844300164,155720
14639,11670237789,2400
14640,70965906412,11400
14641,39947890230,6320
14642,13046061511,2240
14643,396026254552,22040
14644,15880493699,2640
14645,60023203699,35200
14646,13608026520,11120
14647,85795375136,185360
14648,70010874366,78000
14649,256386667533,23640
14650,11824091548,2560
14651,106524574771,10520
14652,21074044089,12480
14653,100441197168,26160
14654,167340654706,17600
14655,11567757747,1360
14656,2600008094,240
14657,1374358440,80
14658,3086500449,55520
14659,17011420553,8000
14660,9495136607,40240
14661,29174547652,13680
14662,12340652589,1440
14663,5143708328,1680
14664,17521721748,4720
14665,27750055303,35760
14666,2612634369,50400
14667,309608409905,27320
14668,36362045738,20480
14669,13272425141,41200
14670,3296732139,44400
14671,17733400848,8320
14672,25118102990,6160
14673,9983132801,3200
14674,2591019770,58520
14675,12432461986,8400
14676,17733400848,8320
14677,24185268356,10080
14678,72918674418,19840
14679,75360346624,920
14680,6392283143,880
14681,58287429922,6920
14682,462205472314,16200
14683,103936410656,760
14684,7023715921,720
14685,135563439118,31480
14686,1322457631,57600
14687,17625197496,2480
14688,57207402886,1640
14689,19873871526,2320
14690,97054656469,8680
14691,36837541468,9680
14692,10911635053,1280
14693,36506643138,14320
14694,66292804159,120800
14695,2926194215,71920
14696,462205472314,16200
14697,59099009441,27120
14698,129930188091,131440
14699,6392283143,880
14700,17638044180,3760
14701,9660640502,640
14702,2687684012,160
14703,54120570873,28640
14704,31915278477,186320
14705,5333770564,320
14706,28593244908,37600
14707,2687684012,160
14708,7023715921,720
14709,188981627937,17520
14710,17625197496,2480
14711,66794076588,32880
14712,9350411589,1200
14713,24096684991,11760
14714,90611404195,3240
14715,15591358874,3840
14716,15489598358,8480
14717,76253196184,2520
14718,58095986012,24400
14719,183154487026,123520
14720,215984812847,85320
14721,12384318263,2880
14722,92086296268,18720
14723,24096684991,11760
14724,196093214920,21240
14725,31353758719,21600
14726,102462802841,110240
14727,24424102909,7680
14728,58594618016,38840
14729,5143708328,1680
14730,62044629116,16320
14731,1708198710,68720
14732,74415030632,2840
14733,22854197794,4400
14734,2154773798,72640
14735,50693651831,34240
14736,64544608567,15760
14737,128552019973,86880
14738,96479201569,113840
14739,67743340351,21840
14740,26882172573,4480
14741,81230959361,14720
14742,115050696329,33640
14743,49508725386,8520
14744,85714345197,17760
14745,91008531754,78320
14746,15478861463,4800
14747,187760458707,113640
14748,31641251380,209680
14749,35979013909,33280
14750,17110344820,4240
14751,57508615204,40560
14752,85422022929,16960
14753,14878979296,4960
14754,26882172573,4480
14755,1374358440,80
14756,34722111340,7440
14757,9983132801,3200
14758,94696076180,90240
14759,25465476609,13120
14760,149421743806,11160
14761,1547179648,52960
14762,64435192093,26480
14763,16976316359,9760
14764,73476677757,82440
14765,13046061511,2240
14766,54421558398,221520
14767,163102819110,4760
14768,1429000173,58880
14769,225371107000,33480
14770,5333770564,320
14771,107534067990,5080
14772,60025625758,34320
14773,6202102830,480
14774,53820665247,7360
14775,15880493699,2640
14776,9350411589,1200
14777,167340654706,17600
14778,56225312944,1080
14779,31744536064,6800
14780,11567757747,1360
14781,23799163263,258400
14782,13891355234,1520
14783,3073217070,55040
14784,122567229441,78360
14785,1592112676,60560
14786,3669609372,66120
14787,1729189591,58640
14788,38488472394,4560
14789,15489598358,8480
14790,15870396402,3360
14791,69569662357,212000
14792,7117846994,63440
14793,50835212081,92960
14794,22075897957,6720
14795,88308477693,28320
14796,221820974577,104000
14797,388330698455,26040
14798,2600008094,240
14799,72918674418,19840
14800,46152821379,15440
14801,7023715921,720
14802,10911635053,1280
14803,80613673293,29120
14804,9350411589,1200
14805,49414165425,118560
14806,11951841178,9280
14807,3310422270,62960
14808,23784008333,5280
14809,100852623181,87920
14810,10994443315,10400
14811,17733400848,8320
14812,212967222133,32200
14813,320968714470,16920
14814,50277985399,36000
14815,6895873007,43040
14816,26094464918,5520
14817,1791978308,67400
14818,9348453956,1600
14819,12384318263,2880
14820,2460188388,52560
14821,84098071061,23520
14822,9221830002,1120
14823,9350411589,1200
14824,96461078564,195600
14825,48616889143,23920
14826,219039814049,95400
14827,50695201888,110400
14828,241407602817,32280
14829,72918674418,19840
14830,1374358440,80
14831,2600008094,240
14832,42974784230,43080
14833,13953517473,10320
14834,2687684012,160
14835,1755623844,59200
14836,17077868903,7920
14837,21696338923,38160
14838,171980324211,8040
14839,6202102830,480
14840,149421743806,11160
14841,3300842391,51360
14842,15362541596,6640
14843,6194347287,960
14844,12376659642,1840
14845,54648839383,26320
14846,18081356074,11440
14847,28777512035,12160
14848,78873282921,201440
14849,2600008094,240
14850,108956833750,81360
14851,134234693613,22640
14852,19334631611,5680
14853,191730649580,17280
14854,22376593198,10960
14855,9983132801,3200
14856,32313318503,11520
14857,4082479741,45920
14858,176743164099,136080
14859,137498194074,17920
14860,5684346990,800
14861,26914551763,3920
14862,7624393231,46400
14863,12623505456,1760
14864,23784008333,5280
14865,27501483945,43240
14866,13046061511,2240
14867,15870396402,3360
14868,3329262321,47360
14869,2036741222,56640
14870,15050577109,1920
14871,18917901145,11200
14872,21061754102,47240
14873,27790554344,302120
14874,9350411589,1200
14875,293632736037,30120
14876,77953094991,19200
14877,10911635053,1280
14878,16087583322,10480
14879,31833253865,5200
14880,173523501031,18000
14881,90376657141,3320
14882,25746253687,37520
14883,29824402222,284480
14884,3711217356,49680
14885,49191332981,22160
14886,12384318263,2880
14887,31353758719,21600
14888,85714345197,17760
14889,6194347287,960
14890,16142556994,5760
14891,12376659642,1840
14892,125832807407,19440
14893,106696020664,15520
14894,50972251467,25440
14895,15999718356,11920
14896,4912704872,47520
14897,4737689740,46320
14898,295278881377,16680
14899,25465476609,13120
14900,30606949963,6480
14901,108773318569,19040
14902,147969873846,31640
14903,2373442458,74400
14904,16060169283,8080
14905,13089134698,41280
14906,9149951836,43200
14907,5333770564,320
14908,38998990035,12000
14909,28838991829,298880
14910,58295737746,120480
14911,9350411589,1200
14912,59099009441,27120
14913,48802443297,20800
14914,52086179253,77280
14915,4067839492,66680
14916,17389026734,8160
14917,18522672847,6000
14918,15546887796,6560
14919,13604356594,40480
14920,15456552623,7840
14921,36506643138,14320
14922,13891355234,1520
14923,13891355234,1520
14924,9221830002,1120
14925,108474992913,21760
14926,9660640502,640
14927,20788222625,7520
14928,24424102909,7680
14929,267457559004,5720
14930,23689211270,7200
14931,18522672847,6000
14932,157888799126,141200
14933,74205419552,30840
14934,181029053026,111160
14935,16417031876,344920
14936,60287506422,215440
14937,1374358440,80
14938,179412244739,11880
14939,54145510118,24960
14940,12384318263,2880
14941,27916461349,6080
14942,18917901145,11200
14943,12432461986,8400
14944,250174374298,83120
14945,81375523076,18080
14946,3968572678,55680
14947,60409082220,22480
14948,20431947730,10880
14949,60025625758,34320
14950,2687684012,160
14951,104171338035,3400
14952,3972427498,67440
14953,17671764981,2800
14954,111715843386,15840
14955,15880493699,2640
14956,36837541468,9680
14957,134468104306,11560
14958,29346663777,7280
14959,15591358874,3840
14960,53492650581,1240
14961,12340652589,1440
14962,125832807407,19440
14963,29288016031,12720
14964,54849935273,29520
14965,46463966933,83520
14966,77472764723,9880
14967,113969841075,13080
14968,23656910588,3040
14969,118102201128,31160
14970,2687684012,160
14971,119139398770,25200
14972,53254715072,1800
14973,92086296268,18720
14974,25465476609,13120
14975,2687684012,160
14976,83425233550,35560
14977,7263870366,500000
14978,5143708328,1680
14979,47516385227,26800
14980,11959949948,41840
14981,12376659642,1840
14982,28053384383,3600
14983,39947890230,6320
14984,16060169283,8080
14985,9221830002,1120
14986,15591358874,3840
14987,75756363547,79920
14988,42569554114,28960
14989,40132196199,271200
14990,70384029426,37560
14991,48036491775,167920
14992,97916097583,31080
14993,94055322260,93760
14994,3095829856,49200
14995,89939377795,29680
14996,22920582078,2720
14997,95845389522,15920
14998,72918674418,19840
14999,11670237789,2400
15000,15870396402,3360
15001,36760673045,13360
15002,106005308983,12280
15003,85714345197,17760
15004,7263870366,500000
15005,1372630699,72000
15006,121803750356,18640
15007,17011420553,8000
15008,27224553891,38800
15009,9495136607,40240
15010,26914551763,3920
15011,121441850839,31920
15012,144595185185,22720
15013,3747746678,47040
15014,13332088199,2080
15015,2098145784,72480
15016,1703624314,70160
15017,23656910588,3040
15018,18857244689,4160
15019,17090995320,357200
15020,16100661151,280240
15021,12623505456,1760
15022,37097227729,81520
15023,13953517473,10320
15024,140497270038,12120
15025,78042633240,39120
15026,28282827998,36160
15027,20682211119,3280
15028,79426312607,94880
15029,13272425141,41200
15030,594197071496,26440
15031,1374358440,80
15032,19100052299,36880
15033,27090540895,38000
15034,1288318480,54080
15035,54667491656,159440
15036,13046061511,2240
15037,16087583322,10480
15038,28383168956,5840
15039,2687684012,160
15040,9350411589,1200
15041,60503190142,40080
15042,21150045435,5920
15043,1277264059,55120
15044,3608052587,400
15045,58131531355,20640
15046,96090595567,32480
15047,100199492891,159920
15048,21618919613,10640
15049,79068971386,36800
15050,103162419810,82800
15051,304375616425,33320
15052,30793914017,13520
15053,17095927859,6240
15054,25581146360,13840
15055,14878979296,4960
15056,9812826787,46560
15057,163102819110,4760
15058,150125637013,29960
15059,12185233666,385680
15060,11567757747,1360
15061,209859902052,14920
15062,18857244689,4160
15063,6202102830,480
15064,17095927859,6240
15065,1679433285,69760
15066,80791577806,31600
15067,34026612576,269680
15068,21610292380,5600
15069,23853271916,13040
15070,18114803018,4880
15071,26882172573,4480
15072,1277264059,55120
15073,126649546373,17360
15074,57375867660,108240
15075,47330199602,29920
15076,146473258546,6520
15077,19738763180,9120
15078,13891355234,1520
15079,19334631611,5680
15080,96477124176,19360
15081,64435192093,26480
15082,11642005252,560
15083,2138635821,64720
15084,87418925450,24720
15085,6194347287,960
15086,2277269568,51520
15087,9471911902,61840
15088,42569554114,28960
15089,35263376528,12640
15090,15050577109,1920
15091,95887941524,17200
15092,34896110353,3120
15093,46228550293,31520
15094,6202102830,480
15095,18081356074,11440
15096,108944087326,164160
15097,27320739252,11360
15098,96408860234,2680
15099,9221830002,1120
15100,10911635053,1280
15101,17186276929,5440
15102,18857244689,4160
15103,83560792793,122160
15104,57165797070,216960
15105,1207654539,55280
15106,71139012017,22960
15107,20672883414,12560
15108,3064276086,58080
15109,7087509975,48800
15110,6799206835,1040
15111,553386401064,15240
15112,22854197794,4400
15113,3066125333,68800
15114,15478861463,4800
15115,21610292380,5600
15116,35803981480,13200
15117,22344929187,6400
15118,73419399790,103200
15119,2687684012,160
15120,11642005252,560
15121,37103553962,14240
15122,82645869018,2600
15123,11951841178,9280
15124,11567757747,1360
15125,87205743816,7720
15126,199490114654,124400
15127,231452083356,92920
15128,94510449040,9000
15129,2452779615,58400
15130,13608026520,11120
15131,22656554835,11600
15132,13046061511,2240
15133,5684346990,800
15134,130226005843,166160
15135,167703430085,26280
15136,11642005252,560
15137,20672883414,12560
15138,2439125054,54960
15139,82866602445,16640
15140,27968803724,34480
15141,2687684012,160
15142,6392283143,880
15143,96720420035,8440
15144,1818803978,53520
15145,1277264059,55120
15146,141665034732,132520
15147,17625197496,2480
15148,1390439423,50160
15149,15870396402,3360
15150,42187256931,35280
15151,9047753330,42720
15152,38488472394,4560
15153,85714345197,17760
15154,12432461986,8400
15155,462205472314,16200
15156,7023715921,720
15157,93190297968,92000
15158,55604746942,34640
15159,7292823540,45360
15160,23408140626,3440
15161,5333770564,320
15162,1374358440,80
15163,206013980878,23400
15164,42988152011,33920
15165,85789508795,115720
15166,3311082131,48400
15167,17389026734,8160
15168,40645223944,261840
15169,117969420303,34360
15170,13332088199,2080
15171,50244828827,22080
15172,85812512964,22320
15173,324544966570,16760
15174,73383772649,11640
15175,13396314586,40880
15176,1149002711,72800
15177,103414779731,85360
15178,11670237789,2400
15179,25465476609,13120
15180,1216687922,60240
15181,59642733598,213760
15182,17638044180,3760
15183,2600008094,240
15184,185780387134,30600
15185,234396851032,29000
15186,13046061511,2240
15187,19287375973,38640
15188,1390439423,50160
15189,242270081368,91480
15190,11670237789,2400
15191,22656554835,11600
15192,49795945085,19600
15193,2687684012,160
15194,18114803018,4880
15195,17625197496,2480
15196,25148469179,251640
15197,19287375973,38640
15198,103309064064,23280
15199,1220817852,71120
15200,17095927859,6240
15201,85072392230,14800
15202,21122030042,3680
15203,15546887796,6560
15204,199289993089,39880
15205,3711217356,49680
15206,3608052587,400
15207,5333770564,320
15208,31744536064,6800
15209,11670237789,2400
15210,58131531355,20640
15211,80613673293,29120
15212,18857244689,4160
15213,11567757747,1360
15214,169297190477,136400
15215,2599499966,74160
15216,2206993268,54800
15217,36325479746,184480
15218,6202102830,480
15219,1374358440,80
15220,9534917601,58040
15221,93190297968,92000
15222,72472396059,26640
15223,5143708328,1680
15224,224389100377,31720
15225,12576156285,10720
15226,2687684012,160
15227,66836593710,29600
15228,150125637013,29960
15229,85761989581,28800
15230,179921849138,19640
15231,19100052299,36880
15232,32313318503,11520
15233,272544033926,25080
15234,9660640502,640
15235,13046061511,2240
15236,41094701504,254720
15237,9221830002,1120
15238,12432461986,8400
15239,204844508672,86320
15240,128830889388,14280
15241,76842735979,83680
15242,2687684012,160
15243,18062327359,41960
15244,38488472394,4560
15245,137964041710,36360
15246,62168932959,14640
15247,38488472394,4560
15248,108474992913,21760
15249,32624205233,157360
15250,34535377619,12960
15251,48868052299,40120
15252,71139012017,22960
15253,20166661638,9840
15254,7386521554,65880
15255,1453665873,52080
15256,52865491896,234920
15257,63450293601,140240
15258,7263870366,500000
15259,21150045435,5920
15260,13332088199,2080
15261,6799206835,1040
15262,1213595447,72400
15263,1343925107,50640
15264,19986639189,7600
15265,8908649186,60040
15266,257314178615,13960
15267,23784008333,5280
15268,32313318503,11520
15269,2687684012,160
15270,74662945500,24880
15271,2168097260,74240
15272,1390439423,50160
15273,74629868607,28080
15274,23784008333,5280
15275,6194347287,960
15276,4460888269,46720
15277,29340870390,39680
15278,72642954732,15360
15279,14578863196,12320
15280,15776737500,4000
15281,134475963720,30920
15282,17011420553,8000
15283,3608052587,400
15284,45610307327,440
15285,167340654706,17600
15286,9221830002,1120
15287,5143708328,1680
15288,121803750356,18640
15289,167209026565,38360
15290,56225312944,1080
15291,70384029426,37560
15292,64594251644,27920
15293,87886037960,104320
15294,5956614604,45520
15295,3569748669,45840
15296,16100661151,280240
15297,12454516442,10160
15298,1277264059,55120
15299,101053129705,10120
15300,49663236733,32400
15301,1526031526,56240
15302,1374358440,80
15303,120651588191,91280
15304,17733400848,8320
15305,39174408303,253680
15306,16976316359,9760
15307,15546887796,6560
15308,36362045738,20480
15309,18081356074,11440
15310,14878979296,4960
15311,19334631611,5680
15312,107534067990,5080
15313,3608052587,400
15314,3977557978,67240
15315,9348453956,1600
15316,23473544595,322560
15317,12454516442,10160
15318,75560243289,27200
15319,70373621373,20560
15320,67174237024,34080
15321,102933208823,5000
15322,1374358440,80
15323,152119743048,39160
15324,13357556382,393840
15325,6194347287,960
15326,14876319705,4080
15327,66307966522,34960
15328,30071437553,32160
15329,1727515320,62240
15330,3608052587,400
15331,1932090994,70560
15332,23856642424,9920
15333,4970869054,56200
15334,101641843829,92560
15335,372483439724,27720
15336,78460728199,21040
15337,5193884173,59080
15338,2417610698,70600
15339,144201667061,15560
15340,53825421336,41080
15341,5333770564,320
15342,11642005252,560
15343,27562438485,11040
15344,1240402609,74880
15345,156471805775,116520
15346,145254961327,17840
15347,71139012017,22960
15348,34722111340,7440
15349,66284680939,162200
15350,79272726216,28480
15351,33245691455,5360
15352,7263870366,500000
15353,64510003820,92080
15354,42898884843,520
15355,16706492151,8880
15356,66544881581,88240
15357,5416155427,47120
15358,7023715921,720
15359,15870396402,3360
15360,108773318569,19040
15361,11824091548,2560
15362,19873871526,2320
15363,2768401314,68240
15364,335759611572,18280
15365,49631463273,38400
15366,80006883947,146280
15367,16142556994,5760
15368,17671764981,2800
15369,35263376528,12640
15370,10911635053,1280
15371,53492650581,1240
15372,32775958764,31040
15373,54145510118,24960
15374,1374358440,80
15375,90376657141,3320
15376,22920582078,2720
15377,17638044180,3760
15378,6202102830,480
15379,11741037049,8560
15380,3034077786,54880
15381,5333770564,320
15382,13678261359,280
15383,31095841385,5040
15384,27310476897,37680
15385,25274921921,291920
15386,100778383019,118320
15387,81295931750,8920
15388,14002326039,42080
15389,11642005252,560
15390,19287375973,38640
15391,345488775856,21400
15392,82690235546,23200
15393,15050577109,1920
15394,9983132801,3200
15395,48802443297,20800
15396,9658571893,9600
15397,32313318503,11520
15398,11294488180,379440
15399,984588129,70720
15400,85812512964,22320
15401,154243510642,16800
15402,50972251467,25440
15403,103840844106,2200
15404,22656554835,11600
15405,31833253865,5200
15406,64039606685,35600
15407,178054403179,11480
15408,146309981710,117120
15409,232327418989,87960
15410,10994443315,10400
15411,210359603831,80040
15412,141063128493,155520
15413,72472396059,26640
15414,13332088199,2080
15415,8209971063,71880
15416,136774068640,11800
15417,28402204871,33520
15418,18910982041,2960
15419,72302979498,156480
15420,56639390619,176880
15421,1748222344,61280
15422,23669933410,4320
15423,16103834104,44800
15424,22075897957,6720
15425,17521721748,4720
15426,36941700728,13920
15427,20883877538,322080
15428,47167181643,39320
15429,7023715921,720
15430,93655688834,118480
15431,2600008094,240
15432,81230959361,14720
15433,2635992905,55840
15434,15456552623,7840
15435,15591358874,3840
15436,94760932279,32720
15437,8279310503,44200
15438,61170508641,26720
15439,9658571893,9600
15440,6202102830,480
15441,46152821379,15440
15442,49795945085,19600
15443,48336562771,125280
15444,93396523132,25920
15445,19144532808,13760
15446,73954259020,6760
15447,12340652589,1440
15448,12340652589,1440
15449,1374358440,80
15450,15362541596,6640
15451,15462781772,351840
15452,63428298910,32080
15453,197030906088,100400
15454,94992152601,33120
15455,58116159615,23440
15456,73633052279,115280
15457,3608052587,400
15458,29697064265,12400
15459,54648839383,26320
15460,51295189316,27040
15461,5333770564,320
15462,226764352131,5480
15463,34538092491,11840
15464,106696020664,15520
15465,31520872255,297440
15466,10911635053,1280
15467,17638044180,3760
15468,472514243393,19880
15469,74415030632,2840
15470,95136768025,186000
15471,112939029370,7880
15472,11824091548,2560
15473,49036516299,600
15474,3825270288,69040
15475,1374284073,66240
15476,9348453956,1600
15477,2687684012,160
15478,293711355233,36840
15479,6194347287,960
15480,90304991400,34800
15481,45610307327,440
15482,9660640502,640
15483,30363027112,41240
15484,53727298145,106960
15485,180561770342,87360
15486,15050577109,1920
15487,9149951836,43200
15488,30638271208,274640
15489,24434172459,35360
15490,28909029183,7120
15491,118383421578,91120
15492,12340652589,1440
15493,2003502962,55760
15494,52036744754,20160
15495,9266375618,44960
15496,20166661638,9840
15497,31482218738,5120
15498,109938828086,170000
15499,115581178853,24560
15500,123301620901,161560
15501,2098145784,72480
15502,11642005252,560
15503,9658571893,9600
15504,9348453956,1600
15505,24130341046,38960
15506,22075897957,6720
15507,57207402886,1640
15508,140965054822,18160
15509,17625197496,2480
15510,67815706672,29200
15511,22920582078,2720
15512,7087509975,48800
15513,7023715921,720
15514,72918674418,19840
15515,2631546696,73920
15516,101053129705,10120
15517,18910982041,2960
15518,190773543538,19000
15519,3569748669,45840
15520,21074044089,12480
15521,4336500208,44560
15522,26505612170,10240
15523,103045755018,18800
15524,15050577109,1920
15525,149569701365,2440
15526,12623505456,1760
15527,21610292380,5600
15528,4737689740,46320
15529,60618080877,33760
15530,71721169463,153840
15531,23669933410,4320
15532,152244080271,1320
15533,20431947730,10880
15534,2600008094,240
15535,25407375100,22560
15536,78190301708,840
15537,29210106841,6880
15538,11393388470,43920
15539,16429710369,358000
15540,12454516442,10160
15541,58205391409,1720
15542,58123010201,15200
15543,51295189316,27040
15544,69655242489,25360
15545,121803750356,18640
15546,95665772716,90960
15547,7263870366,500000
15548,23875429670,3520
15549,10341860339,41520
15550,19268050737,38080
15551,9181193253,42000
15552,81375523076,18080
15553,46228550293,31520
15554,303880173386,26840
15555,200627716978,121720
15556,3608052587,400
15557,15050577109,1920
15558,26505612170,10240
15559,11322340821,41600
15560,6799206835,1040
15561,41134403993,273600
15562,1508459231,75440
15563,296632992156,17080
15564,2687684012,160
15565,63753660289,25760
15566,6799206835,1040
15567,2155925558,50240
15568,6895873007,43040
15569,3747746678,47040
15570,95887941524,17200
15571,15478861463,4800
15572,4468545007,70800
15573,7023715921,720
15574,36362045738,20480
15575,430841169311,23160
15576,62898897307,21120
15577,15050577109,1920
15578,58942721464,220000
15579,20126901257,331680
15580,37975189103,33600
15581,24185268356,10080
15582,82866602445,16640
15583,31095841385,5040
15584,261586997992,78440
15585,443792274323,28920
15586,89700187257,5240
15587,9348453956,1600
15588,5684346990,800
15589,4306313753,44480
15590,19268050737,38080
15591,20166661638,9840
15592,10911635053,1280
15593,31095841385,5040
15594,72642954732,15360
15595,11670237789,2400
15596,61856398042,35480
15597,40763541178,41680
15598,34538092491,11840
15599,92627045335,15600
15600,57902505113,3640
15601,14821470858,350120
15602,43548505348,20320
15603,246676814286,13240
15604,2687684012,160
15605,73606606557,119280
15606,6392283143,880
15607,28053384383,3600
15608,35979013909,33280
15609,106793466580,27280
15610,2227221699,55200
15611,30606949963,6480
15612,17011420553,8000
15613,6147937862,75320
15614,121118772278,26360
15615,23101733842,9200
15616,12376659642,1840
15617,1038746415,56080
15618,5333770564,320
15619,87418925450,24720
15620,11741037049,8560
15621,25013359587,11280
15622,4082479741,45920
15623,126802079774,30440
15624,15870396402,3360
15625,21509414556,9040
15626,297188233116,23240
15627,14878979296,4960
15628,11642005252,560
15629,2482058421,64240
15630,27916461349,6080
15631,15050577109,1920
15632,15478861463,4800
15633,37235220341,38280
15634,17625197496,2480
15635,15591358874,3840
15636,84098071061,23520
15637,2482058421,64240
15638,41629150757,20080
15639,9660640502,640
15640,13891355234,1520
15641,15776737500,4000
15642,2599499966,74160
15643,90463301786,29840
15644,2687684012,160
15645,1661698303,63120
15646,15776737500,4000
15647,21509414556,9040
15648,23669933410,4320
15649,30606949963,6480
15650,3460928839,58320
15651,29174547652,13680
15652,5333770564,320
15653,83390278198,19520
15654,7023715921,720
15655,2687684012,160
15656,1149002711,72800
15657,109133547565,174120
15658,7263870366,500000
15659,106696020664,15520
15660,127461776300,83840
15661,54608383980,26960
15662,171980788754,20840
15663,111561213709,87440
15664,106483291976,29440
15665,43141296723,258480
15666,3690992210,51760
15667,31353758719,21600
15668,22699484924,8800
15669,74984686754,21920
15670,125960024810,31680
15671,9348453956,1600
15672,5684346990,800
15673,89020507201,28560
15674,6392283143,880
15675,43874233927,12240
15676,22854197794,4400
15677,31833253865,5200
15678,56630523360,1000
15679,167340654706,17600
15680,16706492151,8880
15681,20009728863,41040
15682,8388023291,61640
15683,6936597692,43280
15684,23784008333,5280
15685,15880493699,2640
15686,19334631611,5680
15687,116952318536,15880
15688,61170508641,26720
15689,100029400677,14120
15690,297698451149,21000
15691,22075897957,6720
15692,175460321467,28680
15693,380753008893,26120
15694,19100052299,36880
15695,2687684012,160
15696,41629150757,20080
15697,17733400848,8320
15698,1374358440,80
15699,34962645101,89440
15700,15999718356,11920
15701,937922512928,29480
15702,23689211270,7200
15703,31833253865,5200
15704,252670597801,85720
15705,15831651663,40960
15706,16060169283,8080
15707,618809120108,31940
15708,7023715921,720
15709,190773543538,19000
15710,17521721748,4720
15711,66836593710,29600
15712,1374358440,80
15713,21150045435,5920
15714,206363489143,17040
15715,2768401314,68240
15716,15478861463,4800
15717,13522123195,46000
15718,9658571893,9600
15719,46951788913,241760
15720,23689211270,7200
15721,173523501031,18000
15722,60302320298,216880
15723,1038746415,56080
15724,1374358440,80
15725,1485652037,76160
15726,135616036603,32520
15727,3995949102,58360
15728,5716274929,49000
15729,3296732139,44400
15730,2600008094,240
15731,18857244689,4160
15732,17671764981,2800
15733,28467545219,37280
15734,2356370051,50720
15735,15050577109,1920
15736,1134761090,57360
15737,134963432808,80800
15738,2380343298,75200
15739,2503492794,55000
15740,46302098074,36640
15741,17638044180,3760
15742,34535377619,12960
15743,106483291976,29440
15744,9856418914,42400
15745,15912070617,9520
15746,96720420035,8440
15747,36760673045,13360
15748,2600008094,240
15749,21150045435,5920
15750,113622675289,37320
15751,47199251058,20000
15752,20682211119,3280
15753,37103553962,14240
15754,102166884075,97360
15755,2687684012,160
15756,172316024801,17440
15757,49508725386,8520
15758,19738763180,9120
15759,1374358440,80
15760,47199251058,20000
15761,7023715921,720
15762,23101733842,9200
15763,167026087858,134640
15764,1374358440,80
15765,15870396402,3360
15766,9660640502,640
15767,28704931708,120
15768,26505612170,10240
15769,20168245720,9440
15770,22699484924,8800
15771,74662945500,24880
15772,25465476609,13120
15773,63141782810,32960
15774,91596769747,2760
15775,238633168559,81840
15776,70036933083,26560
15777,58116159615,23440
15778,17110344820,4240
15779,2687684012,160
15780,179921849138,19640
15781,77953094991,19200
15782,2687684012,160
15783,22828112359,300040
15784,6194347287,960
15785,115581178853,24560
15786,169590899994,19320
15787,87205743816,7720
15788,1149002711,72800
15789,44022784873,132160
15790,246205362920,33840
15791,33451249985,25840
15792,46233938156,14080
15793,38914243620,26000
15794,12623505456,1760
15795,10994443315,10400
15796,188981627937,17520
15797,2439125054,54960
15798,179830031635,126960
15799,2063671238,60960
15800,56559231264,40640
15801,22656554835,11600
15802,10994443315,10400
15803,6799206835,1040
15804,29210106841,6880
15805,6929996421,49600
15806,77061360583,98080
15807,46368039679,93280
15808,17110344820,4240
15809,15912070617,9520
15810,6202102830,480
15811,7292823540,45360
15812,74205419552,30840
15813,17011420553,8000
15814,4191733916,56440
15815,4051362907,48880
15816,9812826787,46560
15817,16142556994,5760
15818,1374358440,80
15819,2171938345,65600
15820,78460728199,21040
15821,175460321467,28680
15822,113677203587,85440
15823,28909029183,7120
15824,79522632203,25680
15825,48144528606,230560
15826,6392283143,880
15827,34896110353,3120
15828,5684346990,800
15829,22854197794,4400
15830,51601936871,21440
15831,9983132801,3200
15832,67613338563,29360
15833,23101733842,9200
15834,143759676465,31200
15835,201271097697,108160
15836,11670237789,2400
15837,97779926787,182320
15838,21610292380,5600
15839,49795945085,19600
15840,43727825588,37120
15841,56209218247,24000
15842,84796426163,7480
15843,17521721748,4720
15844,9348453956,1600
15845,22344929187,6400
15846,15050577109,1920
15847,2687684012,160
15848,11741037049,8560
15849,83425233550,35560
15850,20672883414,12560
15851,430841169311,23160
15852,63968323880,22800
15853,7023715921,720
15854,2687684012,160
15855,18522672847,6000
15856,87386008327,85200
15857,4460888269,46720
15858,126057778947,85640
15859,50277985399,36000
15860,28467545219,37280
15861,26914551763,3920
15862,21618919613,10640
15863,1750714313,60160
15864,64435192093,26480
15865,23853271916,13040
15866,50109757968,15040
15867,198631419076,4840
15868,85714345197,17760
15869,74662945500,24880
15870,17011420553,8000
15871,94992152601,33120
15872,11897435850,53000
15873,21074044089,12480
15874,21150045435,5920
15875,58131531355,20640
15876,53165155438,22400
15877,14876319705,4080
15878,1791978308,67400
15879,15050577109,1920
15880,2600008094,240
15881,53873275287,22240
15882,2199531279,61760
15883,55021698026,20400
15884,14878979296,4960
15885,1148016890,69360
15886,14876319705,4080
15887,2828425999,47680
15888,17625197496,2480
15889,393680428458,17320
15890,58180382513,20720
15891,57863690694,3160
15892,183934684740,129360
15893,8950573644,55360
15894,6194347287,960
15895,6194347287,960
15896,106793466580,27280
15897,7023715921,720
15898,6194347287,960
15899,1374358440,80
15900,13608026520,11120
15901,71721169463,153840
15902,10083363298,42800
15903,5983179417,47760
15904,146830854506,19280
15905,3296732139,44400
15906,76253196184,2520
15907,1635480655,58560
15908,33667550874,10560
15909,62168932959,14640
15910,50835212081,92960
15911,74662945500,24880
15912,17638044180,3760
15913,47516385227,26800
15914,22699484924,8800
15915,17625197496,2480
15916,5143708328,1680
15917,1374358440,80
15918,7023715921,720
15919,28553090739,284400
15920,100441197168,26160
15921,64510046983,128000
15922,412299830104,18440
15923,26505612170,10240
15924,13608026520,11120
15925,830175603545,19400
15926,34896110353,3120
15927,79247415130,680
15928,1374358440,80
15929,204968778415,99160
15930,23853271916,13040
15931,535158422445,21800
15932,7023715921,720
15933,12623505456,1760
15934,5684346990,800
15935,7266281843,68120
15936,66385127551,113200
15937,206363489143,17040
15938,12623505456,1760
15939,54145510118,24960
15940,28777512035,12160
15941,2197395360,60000
15942,154243510642,16800
15943,32662672538,8240
15944,1374358440,80
15945,6392283143,880
15946,57902505113,3640
15947,25013359587,11280
15948,26882172573,4480
15949,24185268356,10080
15950,22321478484,307680
15951,93211990935,80640
15952,2600008094,240
15953,26914551763,3920
15954,22709224020,313760
15955,96037404846,96800
15956,31833253865,5200
15957,10911635053,1280
15958,82696808458,23040
15959,297188233116,23240
15960,1501994734,66800
15961,6799206835,1040
15962,13891355234,1520
15963,132511829431,24080
15964,19986639189,7600
15965,54849935273,29520
15966,29210106841,6880
15967,92627045335,15600
15968,2622725560,72320
15969,62694246268,223600
15970,26914551763,3920
15971,9733899004,45680
15972,47080146754,14480
15973,56630523360,1000
15974,17625197496,2480
15975,14350982604,2160
15976,681524592363,18360
15977,5143708328,1680
15978,23689211270,7200
15979,64534146299,87680
15980,14876319705,4080
15981,19986639189,7600
15982,118339186553,160400
15983,24347887664,39080
15984,20431947730,10880
15985,27916461349,6080
15986,133297080933,77760
15987,29210106841,6880
15988,28155105231,298120
15989,96477124176,19360
15990,15478861463,4800
15991,69000677650,93440
15992,12623505456,1760
15993,74662945500,24880
15994,1838542350,75120
15995,20788222625,7520
15996,47348102633,15680
15997,11642005252,560
15998,31744536064,6800
15999,85714345197,17760
16000,118109290404,14600
16001,11959949948,41840
16002,50340489760,31360
16003,29346663777,7280
16004,90304991400,34800
16005,12623505456,1760
16006,28704931708,120
16007,191178003619,94440
16008,21618919613,10640
16009,102899676983,27760
16010,3296732139,44400
16011,3095037110,59920
16012,1374358440,80
16013,19738763180,9120
16014,212967222133,32200
16015,5684346990,800
16016,15050577109,1920
16017,19268050737,38080
16018,447571513369,24600
16019,20682211119,3280
16020,90204001157,23360
16021,132889774062,28280
16022,23101733842,9200
16023,70373621373,20560
16024,33245691455,5360
16025,472514243393,19880
16026,42569554114,28960
16027,3466723235,52320
16028,109901174323,175560
16029,16060169283,8080
16030,41062466079,172800
16031,113496178279,38520
16032,1374358440,80
16033,16636224580,8960
16034,58205391409,1720
16035,57019559581,86800
16036,7840368066,499040
16037,17095927859,6240
16038,15456552623,7840
16039,438209537888,33960
16040,939301808,59440
16041,32816849117,159360
16042,21122030042,3680
16043,17733400848,8320
16044,22854197794,4400
16045,11824091548,2560
16046,106967899853,19120
16047,54126365306,245440
16048,65746553499,79200
16049,154243510642,16800
16050,29210106841,6880
16051,47199251058,20000
16052,27385179375,39360
16053,58287429922,6920
16054,25581146360,13840
16055,17671764981,2800
16056,43548505348,20320
16057,231505474275,18840
16058,21618919613,10640
16059,47444218344,110000
16060,9221830002,1120
16061,92086296268,18720
16062,10911635053,1280
16063,12376659642,1840
16064,10341860339,41520
16065,101425898022,102120
16066,9350411589,1200
16067,1374358440,80
16068,5333770564,320
16069,21074044089,12480
16070,17625197496,2480
16071,34535377619,12960
16072,22344929187,6400
16073,237383098258,99360
16074,23101733842,9200
16075,303656026232,27240
16076,78021305512,127200
16077,64241169929,205600
16078,22376593198,10960
16079,15999718356,11920
16080,23689211270,7200
16081,19334631611,5680
16082,2600008094,240
16083,138668034648,135200
16084,16087583322,10480
16085,85714345197,17760
16086,56630523360,1000
16087,27968803724,34480
16088,110136854661,19760
16089,167703430085,26280
16090,40573860630,24240
16091,13604356594,40480
16092,30606949963,6480
16093,1594859271,53920
16094,125832807407,19440
16095,2188156910,73840
16096,56630523360,1000
16097,10083363298,42800
16098,27165561015,43640
16099,33204682642,37760
16100,61889565213,169600
16101,31095841385,5040
16102,48574112765,24480
16103,20168245720,9440
16104,65746553499,79200
16105,21520625332,12880
16106,1374358440,80
16107,73476677757,82440
16108,2687684012,160
16109,19641589584,13280
16110,6194347287,960
16111,57902505113,3640
16112,3608052587,400
16113,92290006805,122080
16114,23656910588,3040
16115,49610347804,142960
16116,10890794218,45120
16117,12432461986,8400
16118,1844353457,51600
16119,136120363488,18560
16120,74629868607,28080
16121,19873871526,2320
16122,226764352131,5480
16123,134234693613,22640
16124,42988152011,33920
16125,111561213709,87440
16126,48574112765,24480
16127,14878979296,4960
16128,10083363298,42800
16129,31744536064,6800
16130,97407531634,100000
16131,3827684466,57520
16132,100177834359,103440
16133,436612328008,16280
16134,23875429670,3520
16135,123747373587,18400
16136,508012779788,16360
16137,28053384383,3600
16138,46098432850,14000
16139,2524679115,64680
16140,22617782219,313320
16141,10911635053,1280
16142,17077868903,7920
16143,18910982041,2960
16144,106077369914,2360
16145,2498791688,59480
16146,75596244502,120560
16147,9983132801,3200
16148,15050577109,1920
16149,16142556994,5760
16150,1374358440,80
16151,6656542971,70920
16152,23856642424,9920
16153,368292612136,25000
16154,2168097260,74240
16155,60305999704,14960
16156,25581146360,13840
16157,9983132801,3200
16158,160033808641,117280
16159,1750714313,60160
16160,53873275287,22240
16161,78460728199,21040
16162,96408860234,2680
16163,78021305512,127200
16164,22075897957,6720
16165,16946126060,8720
16166,50972251467,25440
16167,194835388707,33560
16168,59640316295,31280
16169,154321171045,32360
16170,11567757747,1360
16171,13332088199,2080
16172,1372630699,72000
16173,3203043412,48000
16174,22075897957,6720
16175,56985563015,13440
16176,187494940983,109520
16177,56630523360,1000
16178,40872733498,100800
16179,2387072914,53040
16180,11824091548,2560
16181,143648985401,3880
16182,5143708328,1680
16183,52195903666,81600
16184,72642954732,15360
16185,202201283022,101040
16186,7388919877,46800
16187,111367466716,18320
16188,5333770564,320
16189,18857244689,4160
16190,6960413075,58160
16191,67174237024,34080
16192,231537955906,20360
16193,19738763180,9120
16194,23656910588,3040
16195,76083489313,204080
16196,2930747303,58960
16197,48785715777,259360
16198,16706492151,8880
16199,15478861463,4800
16200,16946126060,8720
16201,21610292380,5600
16202,1374358440,80
16203,121441850839,31920
16204,2687684012,160
16205,42649942002,34720
16206,105282968937,94200
16207,87205743816,7720
16208,1722237937,61040
16209,45979883803,90080
16210,37235220341,38280
16211,9348453956,1600
16212,151855243660,35240
16213,11824091548,2560
16214,529893275545,18200
16215,20166661638,9840
16216,148512722872,16720
16217,77509557932,199720
16218,53873275287,22240
16219,7263870366,500000
16220,9221830002,1120
16221,2687684012,160
16222,212618540423,29400
16223,140497270038,12120
16224,17186276929,5440
16225,7263870366,500000
16226,110816695172,30880
16227,101972051207,13320
16228,17733400848,8320
16229,85422022929,16960
16230,40968185875,250640
16231,7891525111,64040
16232,83425233550,35560
16233,356737061611,15400
16234,5333770564,320
16235,34535377619,12960
16236,19272314234,37040
16237,133657978984,21560
16238,92086296268,18720
16239,16087583322,10480
16240,28402204871,33520
16241,188508143299,79360
16242,11642005252,560
16243,20672883414,12560
16244,134468104306,11560
16245,65747473442,89200
16246,15478861463,4800
16247,42649942002,34720
16248,4583671825,57320
16249,88317833156,38760
16250,22376593198,10960
16251,15546887796,6560
16252,2155925558,50240
16253,15591358874,3840
16254,2687684012,160
16255,20431947730,10880
16256,56209218247,24000
16257,42649942002,34720
16258,89020507201,28560
16259,108624484213,108640
16260,19334631611,5680
16261,14350982604,2160
16262,3968275932,65280
16263,11951841178,9280
16264,13608026520,11120
16265,38998990035,12000
16266,2593943587,49920
16267,17625197496,2480
16268,43509083266,8840
16269,79091062060,141760
16270,223759278991,13160
16271,2687684012,160
16272,82854102150,94400
16273,3986624393,54760
16274,19287375973,38640
16275,23408140626,3440
16276,22376593198,10960
16277,3086533515,53280
16278,11393388470,43920
16279,17077868903,7920
16280,25118102990,6160
16281,23656910588,3040
16282,1608929718,57840
16283,24434172459,35360
16284,11670237789,2400
16285,23408140626,3440
16286,95845389522,15920
16287,10994443315,10400
16288,5143708328,1680
16289,14791458062,43360
16290,43548505348,20320
16291,35979013909,33280
16292,303618006125,19800
16293,14578863196,12320
16294,16060169283,8080
16295,56209218247,24000
16296,92086296268,18720
16297,7263870366,500000
16298,1374358440,80
16299,14876319705,4080
16300,14876319705,4080
16301,32375736126,36960
16302,5333770564,320
16303,156141544481,12520
16304,5684346990,800
16305,72642954732,15360
16306,27750055303,35760
16307,12576156285,10720
16308,82449703075,23120
16309,54789580858,10600
16310,3338506577,50000
16311,15776737500,4000
16312,43874233927,12240
16313,7023715921,720
16314,167703430085,26280
16315,1374358440,80
16316,51600786113,21280
16317,20168245720,9440
16318,10994443315,10400
16319,3934924684,75520
16320,20682211119,3280
16321,53920552345,14560
16322,108019910962,177840
16323,118305046784,3560
16324,12384318263,2880
16325,163031419907,112880
16326,20431947730,10880
16327,35117865222,34160
16328,2687684012,160
16329,30363027112,41240
16330,13953517473,10320
16331,23784008333,5280
16332,15050577109,1920
16333,144728908001,15280
16334,54234970873,16560
16335,6884285866,72080
16336,96477124176,19360
16337,257314178615,13960
16338,126649546373,17360
16339,62898897307,21120
16340,9348453956,1600
16341,129057320601,12040
16342,22349548968,326560
16343,21122030042,3680
16344,242404947750,17120
16345,53873275287,22240
16346,32313318503,11520
16347,85761989581,28800
16348,5548067290,45280
16349,3608052587,400
16350,52036744754,20160
16351,12432461986,8400
16352,9983132801,3200
16353,70036933083,26560
16354,100920225259,107160
16355,29945835516,4640
16356,16085758222,10800
16357,23158988748,12080
16358,1374358440,80
16359,24960585720,43800
16360,2687684012,160
16361,53977086116,16000
16362,65620446843,80320
16363,16359497198,41120
16364,2219288718,50320
16365,81863628496,198520
16366,87402531989,96480
16367,17011420553,8000
16368,11670237789,2400
16369,82866602445,16640
16370,21520625332,12880
16371,2540128680,46480
16372,55836880556,31120
16373,5684346990,800
16374,89020507201,28560
16375,2003502962,55760
16376,2124445948,66400
16377,34289033548,39200
16378,52993250630,6360
16379,17110344820,4240
16380,9983132801,3200
16381,200132661937,81240
16382,1220817852,71120
16383,36941700728,13920
16384,9348453956,1600
16385,15870396402,3360
16386,8277550870,69680
16387,141291988706,143600
16388,13089134698,41280
16389,13046061511,2240
16390,53873275287,22240
16391,73383772649,11640
16392,36223920257,29280
16393,81230959361,14720
16394,11642005252,560
16395,50702341558,243640
16396,12385960793,47800
16397,96408860234,2680
16398,106992945346,25280
16399,11824091548,2560
16400,50277985399,36000
16401,172316024801,17440
16402,9350411589,1200
16403,7263870366,500000
16404,22075897957,6720
16405,49795945085,19600
16406,13891355234,1520
16407,1310728365,64080
16408,196093214920,21240
16409,6799206835,1040
16410,238401921218,30760
16411,15546887796,6560
16412,51600786113,21280
16413,75560243289,27200
16414,178817488908,9080
16415,19986639189,7600
16416,410514746992,25640
16417,126649546373,17360
16418,243849653950,28360
16419,185780387134,30600
16420,149138151203,119760
16421,208650972487,19960
16422,15456552623,7840
16423,1220817852,71120
16424,193111682652,121120
16425,855879382977,9270
16426,4091578076,71800
16427,136120363488,18560
16428,79247415130,680
16429,5684346990,800
16430,57863690694,3160
16431,4182916420,59760
16432,5143708328,1680
16433,183317206989,1160
16434,2594129812,65680
16435,47516385227,26800
16436,59640316295,31280
16437,9660640502,640
16438,5548067290,45280
16439,126016473060,19680
16440,20690663682,48840
16441,14350982604,2160
16442,23875429670,3520
16443,29945835516,4640
16444,2600008094,240
16445,23101733842,9200
16446,194835388707,33560
16447,16706492151,8880
16448,6194347287,960
16449,4051362907,48880
16450,459044721980,18680
16451,39946885460,207280
16452,113737758062,36600
16453,11567757747,1360
16454,188905729061,16240
16455,16142556994,5760
16456,20712513489,9360
16457,412299830104,18440
16458,12384318263,2880
16459,3784579606,51560
16460,3985773631,73680
16461,21074044089,12480
16462,881831234522,17160
16463,15912070617,9520
16464,82696808458,23040
16465,2687684012,160
16466,9856418914,42400
16467,4691985254,67640
16468,63968323880,22800
16469,13891355234,1520
16470,280553003111,19080
16471,39947890230,6320
16472,53492650581,1240
16473,30251746999,34880
16474,19334631611,5680
16475,83390278198,19520
16476,12384318263,2880
16477,97441079550,25120
16478,207727827020,108120
16479,56554128087,14880
16480,96408860234,2680
16481,113909141874,148200
16482,39754282327,24640
16483,30793914017,13520
16484,25465476609,13120
16485,10585783424,43760
16486,43715004472,260720
16487,11434739069,410600
16488,89202998466,23760
16489,43874233927,12240
16490,69913120991,99840
16491,32253145536,12800
16492,45610307327,440
16493,6194347287,960
16494,554783894553,20760
16495,16060169283,8080
16496,53703213948,85920
16497,9660640502,640
16498,47330199602,29920
16499,46302098074,36640
16500,14876319705,4080
16501,30251746999,34880
16502,48802443297,20800
16503,104720380714,18480
16504,47348102633,15680
16505,19334631611,5680
16506,5684346990,800
16507,95887941524,17200
16508,82854102150,94400
16509,26882172573,4480
16510,3608052587,400
16511,61889259771,30960
16512,22699484924,8800
16513,87250808681,16880
16514,17638044180,3760
16515,6799206835,1040
16516,57902505113,3640
16517,4336136966,56960
16518,21150045435,5920
16519,76820790896,30080
16520,43509083266,8840
16521,46462314729,32560
16522,7263870366,500000
16523,13953517473,10320
16524,15912070617,9520
16525,188981627937,17520
16526,48234750446,14160
16527,85741621290,26400
16528,87794368921,10840
16529,50244828827,22080
16530,3608052587,400
16531,60656071894,32800
16532,12576156285,10720
16533,3262936394,64960
16534,97072813266,81680
16535,16636224580,8960
16536,17625197496,2480
16537,90611404195,3240
16538,123747373587,18400
16539,1987200067,63360
16540,43874233927,12240
16541,242624795670,14760
16542,2059330834,57440
16543,146634028475,16160
16544,9660640502,640
16545,13953517473,10320
16546,18857244689,4160
16547,16087583322,10480
16548,1638257951,52400
16549,31833253865,5200
16550,13092241585,7760
16551,50277985399,36000
16552,32313318503,11520
16553,19986639189,7600
16554,396026254552,22040
16555,23408140626,3440
16556,1972664856,69440
16557,22920582078,2720
16558,22920582078,2720
16559,95845389522,15920
16560,160890764346,15480
16561,21610292380,5600
16562,14000220703,44240
16563,54120570873,28640
16564,20168245720,9440
16565,60503190142,40080
16566,56985563015,13440
16567,88736468195,3480
16568,108773318569,19040
16569,51295189316,27040
16570,53165155438,22400
16571,2687684012,160
16572,29174547652,13680
16573,13046061511,2240
16574,25118102990,6160
16575,76458335176,4120
16576,97523077832,187080
16577,108600685428,31760
16578,52036744754,20160
16579,72029484384,24800
16580,36506643138,14320
16581,30805131540,360
16582,18910982041,2960
16583,16976316359,9760
16584,39200715323,14400
16585,179957320382,25480
16586,30071437553,32160
16587,12376659642,1840
16588,2687684012,160
16589,15478861463,4800
16590,50109757968,15040
16591,17625197496,2480
16592,12376659642,1840
16593,2342085341,67880
16594,14791458062,43360
16595,36941700728,13920
16596,40732318937,21360
16597,118109290404,14600
16598,73239793598,137680
16599,7023715921,720
16600,3608052587,400
16601,34538092491,11840
16602,17733400848,8320
16603,1374358440,80
16604,69000677650,93440
16605,586074435431,20440
16606,133068852455,79760
16607,1374358440,80
16608,42509906534,240640
16609,1374358440,80
16610,24096684991,11760
16611,16085758222,10800
16612,53820665247,7360
16613,26914551763,3920
16614,72642954732,15360
16615,23669933410,4320
16616,96408860234,2680
16617,23669933410,4320
16618,72712095790,30240
16619,1972664856,69440
16620,67815706672,29200
16621,11567757747,1360
16622,47348102633,15680
16623,39200715323,14400
16624,18910982041,2960
16625,355813988040,28840
16626,22656554835,11600
16627,61958770793,20240
16628,85677631939,7400
16629,131970278806,82120
16630,15362541596,6640
16631,1207801791,65920
16632,239416078539,33080
16633,21074044089,12480
16634,90376657141,3320
16635,98546872417,93840
16636,29023740645,44720
16637,7995029831,47440
16638,16636224580,8960
16639,106904921633,29040
16640,76458335176,4120
16641,1374358440,80
16642,19641589584,13280
16643,239001100710,30800
16644,93193820980,39480
16645,60788262155,34400
16646,118305046784,3560
16647,44801448186,24160
16648,121803750356,18640
16649,25118102990,6160
16650,33204682642,37760
16651,84098071061,23520
16652,2005321426,55440
16653,2243941891,62800
16654,12432461986,8400
16655,22854197794,4400
16656,31183271091,6960
16657,15456552623,7840
16658,23158988748,12080
16659,57596705364,20960
16660,22920582078,2720
16661,7263870366,500000
16662,2356370051,50720
16663,54271625832,1880
16664,25465476609,13120
16665,69955541545,6840
16666,13272425141,41200
16667,34538092491,11840
16668,17077868903,7920
16669,82696808458,23040
16670,7263870366,500000
16671,209341332041,24360
16672,35803981480,13200
16673,89620029641,122640
16674,78460728199,21040
16675,51601936871,21440
16676,5333770564,320
16677,455797709469,17240
16678,36760673045,13360
16679,269735678645,15000
16680,173178294510,109280
16681,36282290691,37200
16682,153333901269,25240
16683,412299830104,18440
16684,1374358440,80
16685,85072392230,14800
16686,436612328008,16280
16687,12576156285,10720
16688,35979013909,33280
16689,2277269568,51520
16690,22699484924,8800
16691,9348453956,1600
16692,5143708328,1680
16693,6392283143,880
16694,76200782586,204000
16695,57351401453,92720
16696,1322457631,57600
16697,65677929417,32320
16698,2269613922,51120
16699,14578863196,12320
16700,15362541596,6640
16701,154071370305,16400
16702,4912704872,47520
16703,6202102830,480
16704,75288727545,78960
16705,26882172573,4480
16706,17383825758,39040
16707,97407531634,100000
16708,25013359587,11280
16709,21509414556,9040
16710,58779812811,97200
16711,229302851357,25800
16712,49795945085,19600
16713,43063259553,246320
16714,23856642424,9920
16715,90304991400,34800
16716,150021792686,16080
16717,6194347287,960
16718,15870396402,3360
16719,18910982041,2960
16720,17383825758,39040
16721,2687684012,160
16722,66836593710,29600
16723,61170508641,26720
16724,14791458062,43360
16725,9892193006,2000
16726,27562438485,11040
16727,24424102909,7680
16728,34896110353,3120
16729,9983132801,3200
16730,92792023344,113560
16731,19641589584,13280
16732,63521860220,78080
16733,124707135646,91320
16734,2687684012,160
16735,58180382513,20720
16736,5333770564,320
16737,32253145536,12800
16738,21122030042,3680
16739,3922171917,50480
16740,31353758719,21600
16741,108773318569,19040
16742,21150045435,5920
16743,6202102830,480
16744,5684346990,800
16745,41629150757,20080
16746,50850692429,84640
16747,12340652589,1440
16748,95933971711,5800
16749,90611404195,3240
16750,19873871526,2320
16751,57596705364,20960
16752,36362045738,20480
16753,15362541596,6640
16754,195120080174,33240
16755,17110344820,4240
16756,74806535448,22000
16757,33667550874,10560
16758,1075238142016,24520
16759,111614939138,164240
16760,20682211119,3280
16761,2612634369,50400
16762,9348453956,1600
16763,23875429670,3520
16764,111715843386,15840
16765,7023715921,720
16766,50109757968,15040
16767,20788222625,7520
16768,3827684466,57520
16769,22656554835,11600
16770,23784008333,5280
16771,29288016031,12720
16772,29616534813,29760
16773,6202102830,480
16774,1374358440,80
16775,23082724763,85280
16776,144728908001,15280
16777,97441079550,25120
16778,16706492151,8880
16779,17733400848,8320
16780,23689211270,7200
16781,25465476609,13120
16782,295278881377,16680
16783,11670237789,2400
16784,17110344820,4240
16785,15776737500,4000
16786,124632969111,22200
16787,31353758719,21600
16788,146830854506,19280
16789,1374358440,80
16790,1177022982,69520
16791,7023715921,720
16792,5446806754,52200
16793,27968803724,34480
16794,23689211270,7200
16795,12376659642,1840
16796,137498194074,17920
16797,31833253865,5200
16798,47199251058,20000
16799,52993250630,6360
16800,22075897957,6720
16801,15019316972,10000
16802,67743340351,21840
16803,94276849540,176680
16804,152244080271,1320
16805,142441771055,2280
16806,54648839383,26320
16807,1374358440,80
16808,6895873007,43040
16809,37103553962,14240
16810,15478861463,4800
16811,8878761598,62680
16812,4046622827,66760
16813,93433311171,9400
16814,56630523360,1000
16815,9660640502,640
16816,64023289643,8200
16817,33667550874,10560
16818,6915909192,43520
16819,28909029183,7120
16820,13332088199,2080
16821,62972904412,88320
16822,52036744754,20160
16823,50850692429,84640
16824,26094464918,5520
16825,83390278198,19520
16826,24130341046,38960
16827,54608383980,26960
16828,29945835516,4640
16829,12340652589,1440
16830,24424102909,7680
16831,118305046784,3560
16832,90304991400,34800
16833,49191332981,22160
16834,12340652589,1440
16835,15776737500,4000
16836,10564265550,42320
16837,21610292380,5600
16838,17077868903,7920
16839,5894921198,47200
16840,77472764723,9880
16841,165765227206,131680
16842,5333770564,320
16843,29945835516,4640
16844,7838364765,46760
16845,15478861463,4800
16846,169590899994,19320
16847,28704931708,120
16848,1722237937,61040
16849,17110344820,4240
16850,5333770564,320
16851,66801572348,153160
16852,29288016031,12720
16853,76038837678,130080
16854,56603367581,42200
16855,47199251058,20000
16856,91596769747,2760
16857,20788222625,7520
16858,2600008094,240
16859,15456552623,7840
16860,1469248008,63040
16861,14048202201,40320
16862,17389026734,8160
16863,18910982041,2960
16864,56554128087,14880
16865,6202102830,480
16866,13891355234,1520
16867,15362541596,6640
16868,11642005252,560
16869,3754881138,54000
16870,244327937612,32120
16871,106300045086,181200
16872,80791577806,31600
16873,11615533562,375960
16874,17011420553,8000
16875,15880493699,2640
16876,2687684012,160
16877,125832807407,19440
16878,19334631611,5680
16879,16060169283,8080
16880,171637931946,3720
16881,53165155438,22400
16882,17077868903,7920
16883,29616534813,29760
16884,12384318263,2880
16885,11670237789,2400
16886,53165155438,22400
16887,114987914666,174560
16888,21074044089,12480
16889,106861925802,177440
16890,83911502891,198080
16891,30606949963,6480
16892,5333770564,320
16893,46098432850,14000
16894,7023715921,720
16895,3038825132,75280
16896,9350411589,1200
16897,53977086116,16000
16898,27916461349,6080
16899,116952318536,15880
16900,76501364623,8120
16901,76406488221,96240
16902,22854197794,4400
16903,29945835516,4640
16904,15478861463,4800
16905,20967286685,242480
16906,76501364623,8120
16907,336960345310,19560
16908,9658571893,9600
16909,69955541545,6840
16910,21150045435,5920
16911,13332088199,2080
16912,16060169283,8080
16913,53977086116,16000
16914,661639506595,15960
16915,20682211119,3280
16916,7023715921,720
16917,257314178615,13960
16918,5684346990,800
16919,2402913857,67360
16920,12340652589,1440
16921,9181193253,42000
16922,20168245720,9440
16923,22376593198,10960
16924,14048202201,40320
16925,15456552623,7840
16926,415725988956,18920
16927,324075212432,17000
16928,50439157857,31440
16929,31183271091,6960
16930,58180382513,20720
16931,200110143606,13640
16932,212561774855,78800
16933,17625197496,2480
16934,33151173146,202800
16935,1469248008,63040
16936,50693651831,34240
16937,115386934011,85800
16938,26465861661,35040
16939,29958489473,39440
16940,16085758222,10800
16941,11670237789,2400
16942,9350411589,1200
16943,2361975159,49040
16944,15870396402,3360
16945,90750197496,178080
16946,105233767861,6600
16947,6799206835,1040
16948,9221830002,1120
16949,9892193006,2000
16950,64456928447,10760
16951,50043397940,25520
16952,5143708328,1680
16953,3907939339,52120
16954,80546942401,11960
16955,30740777755,232720
16956,15999718356,11920
16957,9348453956,1600
16958,36539997940,40
16959,9983132801,3200
16960,77829774743,28400
16961,6202102830,480
16962,19166571833,44520
16963,19334631611,5680
16964,79522632203,25680
16965,33667550874,10560
16966,12576156285,10720
16967,108333426681,2920
16968,70036933083,26560
16969,106992945346,25280
16970,12623505456,1760
16971,71179243290,210280
16972,24434172459,35360
16973,54608383980,26960
16974,15591358874,3840
16975,26505612170,10240
16976,52742271939,183360
16977,150021792686,16080
16978,9378480507,61440
16979,26882172573,4480
16980,9350411589,1200
16981,82907053364,105600
16982,9660640502,640
16983,27320739252,11360
16984,49191332981,22160
16985,2687684012,160
16986,111715843386,15840
16987,7023715921,720
16988,17625197496,2480
16989,126447105724,90160
16990,20009728863,41040
16991,23158988748,12080
16992,18301282243,276320
16993,25465476609,13120
16994,13046061511,2240
16995,22376593198,10960
16996,25762440814,7040
16997,5684346990,800
16998,27750055303,35760
16999,1374358440,80
17000,58123010201,15200
17001,26094464918,5520
17002,15489598358,8480
17003,117008091738,13000
17004,26914551763,3920
17005,8071553825,441920
17006,145254961327,17840
17007,455797709469,17240
17008,17671764981,2800
17009,26094464918,5520
17010,87418925450,24720
17011,23856642424,9920
17012,6799206835,1040
17013,296632992156,17080
17014,50037919078,40040
17015,4786911449,413080
17016,32662672538,8240
17017,6202102830,480
17018,21610292380,5600
17019,111367466716,18320
17020,144201667061,15560
17021,206363489143,17040
17022,20712513489,9360
17023,182340277628,106560
17024,48234750446,14160
17025,101279816772,179680
17026,93433311171,9400
17027,13092241585,7760
17028,86341915224,81440
17029,64456928447,10760
17030,8453879976,74760
17031,2079273312,67680
17032,89202998466,23760
17033,7023715921,720
17034,28383168956,5840
17035,15546887796,6560
17036,2707964625,64320
17037,22376593198,10960
17038,12340652589,1440
17039,29314973658,38320
17040,2687684012,160
17041,15546887796,6560
17042,16087583322,10480
17043,42137479897,244240
17044,71486398660,123040
17045,107830664044,168640
17046,3203043412,48000
17047,28282827998,36160
17048,26882172573,4480
17049,1374358440,80
17050,58123010201,15200
17051,9733899004,45680
17052,22075897957,6720
17053,23158988748,12080
17054,82690235546,23200
17055,9221830002,1120
17056,146634028475,16160
17057,11851673519,42480
17058,53254715072,1800
17059,10911635053,1280
17060,29958489473,39440
17061,2600008094,240
17062,14876319705,4080
17063,48616889143,23920
17064,112974286118,34560
17065,6194347287,960
17066,89202998466,23760
17067,219849722009,81000
17068,13126555101,360000
17069,20168245720,9440
17070,41629150757,20080
17071,26094464918,5520
17072,15478861463,4800
17073,249539108371,26600
17074,12432461986,8400
17075,17625197496,2480
17076,17186276929,5440
17077,100029400677,14120
17078,9660640502,640
17079,28909029183,7120
17080,20166661638,9840
17081,5333770564,320
17082,105503358695,160240
17083,67613338563,29360
17084,2277269568,51520
17085,3867563155,75800
17086,28777512035,12160
17087,13332088199,2080
17088,20431947730,10880
17089,85714345197,17760
17090,103045755018,18800
17091,14350982604,2160
17092,50972251467,25440
17093,7023715921,720
17094,89202998466,23760
17095,143211156061,5400
17096,6392283143,880
17097,12826818257,40800
17098,167703430085,26280
17099,3608052587,400
17100,50972251467,25440
17101,41322889979,99760
17102,53977086116,16000
17103,1281115122,62400
17104,11670237789,2400
17105,97339506540,18880
17106,5684346990,800
17107,11824091548,2560
17108,51509791655,2040
17109,134468104306,11560
17110,61889259771,30960
17111,50340489760,31360
17112,46152821379,15440
17113,2687684012,160
17114,21150045435,5920
17115,25407375100,22560
17116,103732039931,97920
17117,49795945085,19600
17118,371149174234,7320
17119,103121983721,88480
17120,65661361817,79480
17121,85072392230,14800
17122,22854197794,4400
17123,24434172459,35360
17124,177032156025,116080
17125,9892193006,2000
17126,1374358440,80
17127,17962511433,330440
17128,47348102633,15680
17129,130956690778,30320
17130,54120570873,28640
17131,48802443297,20800
17132,138340269306,134080
17133,58180382513,20720
17134,95933971711,5800
17135,5143708328,1680
17136,17671764981,2800
17137,50479979642,78720
17138,2600008094,240
17139,9794895765,59320
17140,9660640502,640
17141,60156757195,28160
17142,50972251467,25440
17143,17625197496,2480
17144,65677929417,32320
17145,89510787845,95120
17146,19496868508,42520
17147,7263870366,500000
17148,14878979296,4960
17149,9181193253,42000
17150,31744536064,6800
17151,8279310503,44200
17152,131960900677,18240
17153,117008091738,13000
17154,15880493699,2640
17155,54234970873,16560
17156,31353758719,21600
17157,1374358440,80
17158,43548505348,20320
17159,9348453956,1600
17160,53920552345,14560
17161,64544608567,15760
17162,20168245720,9440
17163,6799206835,1040
17164,52036744754,20160
17165,5333770564,320
17166,54145510118,24960
17167,95036586510,26240
17168,36223920257,29280
17169,938904422,76320
17170,194139747268,22360
17171,15912070617,9520
17172,3608052587,400
17173,42649942002,34720
17174,2687684012,160
17175,108279347535,4680
17176,219636082328,104840
17177,105233767861,6600
17178,1453665873,52080
17179,23408140626,3440
17180,48077472984,37440
17181,19619513947,331920
17182,13332088199,2080
17183,28704931708,120
17184,34535377619,12960
17185,83390278198,19520
17186,19873871526,2320
17187,13046061511,2240
17188,229427032396,21880
17189,17625197496,2480
17190,60305999704,14960
17191,33245691455,5360
17192,1453665873,52080
17193,50835212081,92960
17194,46664558727,253840
17195,2074031437,56720
17196,14578863196,12320
17197,23689211270,7200
17198,1703624314,70160
17199,13678261359,280
17200,137498194074,17920
17201,190773543538,19000
17202,26882172573,4480
17203,7747223392,42160
17204,53920552345,14560
17205,1374358440,80
17206,10911635053,1280
17207,11824091548,2560
17208,9205444153,55320
17209,27224553891,38800
17210,29210106841,6880
17211,681524592363,18360
17212,234396851032,29000
17213,57863690694,3160
17214,104801026591,6040
17215,57907566954,147520
17216,110061080644,10040
17217,34896110353,3120
17218,18114803018,4880
17219,5143708328,1680
17220,47348102633,15680
17221,114797821078,142560
17222,3608052587,400
17223,2612634369,50400
17224,64039606685,35600
17225,5684346990,800
17226,22376593198,10960
17227,72189060951,107600
17228,25581146360,13840
17229,1374358440,80
17230,51120103267,158800
17231,42649942002,34720
17232,11567757747,1360
17233,19738763180,9120
17234,43548505348,20320
17235,30141398925,38480
17236,502024271496,28040
17237,1996416132,59680
17238,7292823540,45360
17239,3608052587,400
17240,416364639139,13880
17241,23656910588,3040
17242,28383168956,5840
17243,85422022929,16960
17244,35803981480,13200
17245,95887941524,17200
17246,79522632203,25680
17247,123747373587,18400
17248,1374358440,80
17249,92086296268,18720
17250,53254715072,1800
17251,96477124176,19360
17252,3600808444,51480
17253,21520625332,12880
17254,150668459433,138760
17255,33204682642,37760
17256,39200715323,14400
17257,155085957948,34520
17258,154243510642,16800
17259,103840844106,2200
17260,162697904904,115440
17261,984588129,70720
17262,5684346990,800
17263,48234750446,14160
17264,79465899127,25600
17265,10156553167,47000
17266,8812171924,44320
17267,16893157313,50360
17268,2365616675,72560
17269,43076668133,37920
17270,13046061511,2240
17271,90204001157,23360
17272,2488226540,64880
17273,35117865222,34160
17274,23689211270,7200
17275,13891355234,1520
17276,29694957429,294360
17277,104262413606,82640
17278,3977557978,67240
17279,153333901269,25240
17280,76047284087,28880
17281,137087790711,154480
17282,36837541468,9680
17283,12376659642,1840
17284,27562438485,11040
17285,67743340351,21840
17286,15546887796,6560
17287,95933971711,5800
17288,18522672847,6000
17289,123747373587,18400
17290,15591358874,3840
17291,51601936871,21440
17292,15546887796,6560
17293,18114803018,4880
17294,11670237789,2400
17295,9348453956,1600
17296,72988307024,213200
17297,16359497198,41120
17298,75288727545,78960
17299,40573860630,24240
17300,2219288718,50320
17301,273827183350,13400
17302,18522672847,6000
17303,74984686754,21920
17304,103940392925,174640
17305,93339544114,84160
17306,24096684991,11760
17307,2600008094,240
17308,15870396402,3360
17309,95036586510,26240
17310,26505612170,10240
17311,62089601255,218000
17312,36941700728,13920
17313,21477425170,43120
17314,1592112676,60560
17315,70384029426,37560
17316,139449557126,121080
17317,31576145667,45400
17318,13891355234,1520
17319,2960858218,71680
17320,292413156797,15640
17321,90890727821,190680
17322,54608383980,26960
17323,83390278198,19520
17324,32375736126,36960
17325,2828425999,47680
17326,242303378841,86560
17327,11741037049,8560
17328,2418241478,65400
17329,1374358440,80
17330,15862334328,350480
17331,9047753330,42720
17332,83390278198,19520
17333,2687684012,160
17334,13953517473,10320
17335,29346663777,7280
17336,17625197496,2480
17337,106696020664,15520
17338,188981627937,17520
17339,21696338923,38160
17340,13678261359,280
17341,11567757747,1360
17342,65493899978,32240
17343,16359497198,41120
17344,173586862414,128320
17345,19986639189,7600
17346,32209109090,231440
17347,53820665247,7360
17348,27916461349,6080
17349,862385106853,22680
17350,153333901269,25240
17351,19334631611,5680
17352,1910149740,75680
17353,12576156285,10720
17354,356737061611,15400
17355,26882172573,4480
17356,2830545551,47600
17357,91787209973,12760
17358,2013400870,57280
17359,250530784153,81040
17360,209766519375,94520
17361,63968323880,22800
17362,158693705580,143680
17363,2295024691,50800
17364,106077369914,2360
17365,156937752285,119480
17366,217582975483,15720
17367,15050577109,1920
17368,13046061511,2240
17369,4045992060,60760
17370,53492650581,1240
17371,67251737867,39240
17372,335759611572,18280
17373,11642005252,560
17374,23875429670,3520
17375,4110078846,72120
17376,100441197168,26160
17377,19873871526,2320
17378,40629430729,274760
17379,12095920634,48200
17380,137498194074,17920
17381,49036516299,600
17382,46152821379,15440
17383,15362541596,6640
17384,153988968328,37960
17385,62044629116,16320
17386,1608929718,57840
17387,3608052587,400
17388,356737061611,15400
17389,1374358440,80
17390,17186276929,5440
17391,108474992913,21760
17392,15456552623,7840
17393,60023203699,35200
17394,13438380970,385920
17395,104801026591,6040
17396,92086296268,18720
17397,16706492151,8880
17398,18857244689,4160
17399,7539649488,51440
17400,1258488203,69840
17401,36506643138,14320
17402,443792274323,28920
17403,126057778947,85640
17404,115501695900,17680
17405,2727747053,59600
17406,191730649580,17280
17407,2600008094,240
17408,24185268356,10080
17409,3875472681,50560
17410,15776737500,4000
17411,70804954004,222640
17412,2687684012,160
17413,242404947750,17120
17414,436612328008,16280
17415,6765188702,63760
17416,23689211270,7200
17417,9350411589,1200
17418,17077868903,7920
17419,13608026520,11120
17420,52506691524,113120
17421,5333770564,320
17422,64748284853,127440
17423,54145510118,24960
17424,58239397734,89840
17425,188981627937,17520
17426,12340652589,1440
17427,6202102830,480
17428,72642954732,15360
17429,15019316972,10000
17430,61929371189,41160
17431,5143708328,1680
17432,11741037049,8560
17433,29945835516,4640
17434,14876319705,4080
17435,169703573783,102560
17436,70036933083,26560
17437,22699484924,8800
17438,73476677757,82440
17439,96048231591,6200
17440,125960024810,31680
17441,16777093837,353680
17442,26580021250,39760
17443,29288016031,12720
17444,222107860153,109640
17445,25465476609,13120
17446,44022784873,132160
17447,17521721748,4720
17448,160605942491,104560
17449,110136854661,19760
17450,14876319705,4080
17451,2687684012,160
17452,7023715921,720
17453,188981627937,17520
17454,28777512035,12160
17455,113273333693,146760
17456,83560792793,122160
17457,214001062837,83640
17458,3485126875,48480
17459,19873871526,2320
17460,7023715921,720
17461,34722111340,7440
17462,955540983,66160
17463,87483580512,192320
17464,547537684270,4600
17465,30793914017,13520
17466,50439157857,31440
17467,333061496180,28200
17468,15456552623,7840
17469,13608026520,11120
17470,1288318480,54080
17471,2420004136,66440
17472,53492650581,1240
17473,278453352170,21720
17474,136132896223,18960
17475,3608052587,400
17476,2683598171,48160
17477,1227796415000,14040
17478,83110391246,20880
17479,15489598358,8480
17480,148512722872,16720
17481,2219288718,50320
17482,97339506540,18880
17483,53820665247,7360
17484,20712513489,9360
17485,75330607451,21520
17486,43509083266,8840
17487,27750055303,35760
17488,2594129812,65680
17489,20788222625,7520
17490,143648985401,3880
17491,1374358440,80
17492,81230959361,14720
17493,84098071061,23520
17494,14878979296,4960
17495,36941700728,13920
17496,23689211270,7200
17497,16142556994,5760
17498,17638044180,3760
17499,18910982041,2960
17500,106904921633,29040
17501,67743340351,21840
17502,23656910588,3040
17503,2361975159,49040
17504,1374358440,80
17505,39947890230,6320
17506,30805131540,360
17507,177156074510,124320
17508,48234750446,14160
17509,8181563043,71200
17510,16060169283,8080
17511,79262880472,5640
17512,62168932959,14640
17513,7747223392,42160
17514,25581146360,13840
17515,29210106841,6880
17516,10911635053,1280
17517,35263376528,12640
17518,3349307885,65760
17519,12340652589,1440
17520,9350411589,1200
17521,15050577109,1920
17522,4737689740,46320
17523,140882855231,32040
17524,18857244689,4160
17525,28383168956,5840
17526,72472396059,26640
17527,104185200254,76960
17528,9892193006,2000
17529,25762440814,7040
17530,29288016031,12720
17531,45356641336,93120
17532,136120363488,18560
17533,114608296420,101720
17534,6194347287,960
17535,65200157558,204720
17536,42974784230,43080
17537,4502982781,49960
17538,18114803018,4880
17539,112939029370,7880
17540,96090595567,32480
17541,1818803978,53520
17542,48075093637,82000
17543,52637118669,23680
17544,11670237789,2400
17545,87596758188,121200
17546,21509414556,9040
17547,68600087328,101280
17548,6202102830,480
17549,143141951502,4280
17550,5684346990,800
17551,25465476609,13120
17552,59843078367,28000
17553,107534067990,5080
17554,108333426681,2920
17555,15776737500,4000
17556,36223920257,29280
17557,89020507201,28560
17558,28704931708,120
17559,242404947750,17120
17560,2830545551,47600
17561,21610292380,5600
17562,30071437553,32160
17563,145720586297,16480
17564,3244480130,74320
17565,21100749160,311280
17566,27968803724,34480
17567,19248589086,8640
17568,13678261359,280
17569,9495136607,40240
17570,97328315078,36560
17571,202188283259,116320
17572,32375736126,36960
17573,92785103320,89280
17574,9221830002,1120
17575,74662945500,24880
17576,57869483431,94960
17577,59640316295,31280
17578,137498194074,17920
17579,37103553962,14240
17580,54234970873,16560
17581,14622688551,359680
17582,15489598358,8480
17583,71139012017,22960
17584,96408860234,2680
17585,124632969111,22200
17586,1453665873,52080
17587,188981627937,17520
17588,1899835645,74720
17589,3608052587,400
17590,9350411589,1200
17591,206363489143,17040
17592,47199251058,20000
17593,14876319705,4080
17594,2687684012,160
17595,20682211119,3280
17596,3347045712,48960
17597,44738206330,33040
17598,15776737500,4000
17599,57902505113,3640
17600,9350411589,1200
17601,74806535448,22000
17602,331762103070,6440
17603,13332088199,2080
17604,31482218738,5120
17605,58180382513,20720
17606,43548505348,20320
17607,78190301708,840
17608,56209218247,24000
17609,33245691455,5360
17610,17638044180,3760
17611,75360346624,920
17612,23784008333,5280
17613,28053384383,3600
17614,955540983,66160
17615,2687684012,160
17616,5333770564,320
17617,20682211119,3280
17618,113037457694,92880
17619,446518441134,19720
17620,52036744754,20160
17621,76253196184,2520
17622,4526127605,50080
17623,31482218738,5120
17624,2687684012,160
17625,6226334764,494680
17626,24424102909,7680
17627,17011420553,8000
17628,6381824027,52000
17629,87771823420,101760
17630,145934380744,21160
17631,3995949102,58360
17632,1326653301,50960
17633,6895873007,43040
17634,295278881377,16680
17635,14578863196,12320
17636,18522672847,6000
17637,64534146299,87680
17638,53165155438,22400
17639,1538463551,62480
17640,119139398770,25200
17641,57596705364,20960
17642,5333770564,320
17643,83992375237,143040
17644,24096684991,11760
17645,9221830002,1120
17646,163102819110,4760
17647,32662672538,8240
17648,108030236074,3000
17649,11824091548,2560
17650,90204001157,23360
17651,6392283143,880
17652,68672378117,34000
17653,39775852090,157280
17654,5333770564,320
17655,17077868903,7920
17656,1374358440,80
17657,27916461349,6080
17658,33304512514,228160
17659,13046061511,2240
17660,11567757747,1360
17661,74984686754,21920
17662,28704931708,120
17663,12382968556,51640
17664,9348453956,1600
17665,30793914017,13520
17666,320968714470,16920
17667,52494005405,32000
17668,105041362756,6120
17669,13891355234,1520
17670,23875429670,3520
17671,9892193006,2000
17672,43076668133,37920
17673,4460888269,46720
17674,2269613922,51120
17675,57596705364,20960
17676,26505612170,10240
17677,85422022929,16960
17678,81230959361,14720
17679,77061360583,98080
17680,93396523132,25920
17681,77643318085,212760
17682,1899835645,74720
17683,11824091548,2560
17684,1374358440,80
17685,212047938804,96560
17686,27968803724,34480
17687,25581146360,13840
17688,20788222625,7520
17689,13891355234,1520
17690,110136854661,19760
17691,89693684746,1400
17692,12576156285,10720
17693,94335297791,9960
17694,1708198710,68720
17695,23876354012,37360
17696,2178111532,49440
17697,93363555570,26080
17698,2171938345,65600
17699,111715843386,15840
17700,43674397868,136880
17701,3608052587,400
17702,23853271916,13040
17703,67322585159,211760
17704,39947890230,6320
17705,172316024801,17440
17706,60480767247,149920
17707,52036744754,20160
17708,2558552727,60640
17709,35263376528,12640
17710,375929157133,15160
17711,8168138762,64920
17712,63774673835,12920
17713,1616852541,54720
17714,47080146754,14480
17715,28777512035,12160
17716,69779962265,36080
17717,15478861463,4800
17718,113406041328,89520
17719,9221830002,1120
17720,211352792789,94240
17721,48266529371,242880
17722,222367344960,102360
17723,12623505456,1760
17724,9221830002,1120
17725,10994443315,10400
17726,136774068640,11800
17727,36941700728,13920
17728,7023715921,720
17729,2102530685,54400
17730,85540561319,138720
17731,11741037049,8560
17732,8221758543,68320
17733,42988152011,33920
17734,139317380285,5960
17735,529893275545,18200
17736,19166571833,44520
17737,9660640502,640
17738,5143708328,1680
17739,26882172573,4480
17740,674320536183,30680
17741,1181386495,60480
17742,11642005252,560
17743,2687684012,160
17744,4306313753,44480
17745,6080292946,51720
17746,62972904412,88320
17747,115581178853,24560
17748,13891355234,1520
17749,146634028475,16160
17750,145934380744,21160
17751,80791577806,31600
17752,146634028475,16160
17753,104720380714,18480
17754,149421743806,11160
17755,13608026520,11120
17756,20682211119,3280
17757,20682211119,3280
17758,21074044089,12480
17759,82849602913,104480
17760,31744536064,6800
17761,132889774062,28280
17762,45514306536,266320
17763,13037370249,43680
17764,11824091548,2560
17765,7023715921,720
17766,29697064265,12400
17767,34896110353,3120
17768,25118102990,6160
17769,52269571276,236960
17770,29346663777,7280
17771,11670237789,2400
17772,7382772678,76080
17773,11567757747,1360
17774,7624393231,46400
17775,38488472394,4560
17776,1240402609,74880
17777,60156757195,28160
17778,42898884843,520
17779,73954259020,6760
17780,6799206835,1040
17781,1755623844,59200
17782,4915881027,46640
17783,60305999704,14960
17784,88308477693,28320
17785,111367466716,18320
17786,72472396059,26640
17787,132061620127,144640
17788,1374358440,80
17789,88308477693,28320
17790,12623505456,1760
17791,15478861463,4800
17792,2452779615,58400
17793,43707823982,4440
17794,87928884093,35400
17795,13092241585,7760
17796,83142530790,84880
17797,19287375973,38640
17798,60656071894,32800
17799,91568721921,176080
17800,47199251058,20000
17801,22854197794,4400
17802,30141398925,38480
17803,57375867660,108240
17804,153696068072,117040
17805,2687684012,160
17806,11741037049,8560
17807,1469248008,63040
17808,618695440144,2740
17809,74662945500,24880
17810,27310476897,37680
17811,100029400677,14120
17812,3338506577,50000
17813,92792023344,113560
17814,106967899853,19120
17815,170774387482,21480
17816,18857244689,4160
17817,23853271916,13040
17818,13092241585,7760
17819,142069538494,7160
17820,14073056770,40720
17821,177726782601,101840
17822,28053384383,3600
17823,36837541468,9680
17824,15050577109,1920
17825,12384318263,2880
17826,23856642424,9920
17827,6605981561,49880
17828,82866602445,16640
17829,11951841178,9280
17830,4067839492,66680
17831,21520625332,12880
17832,43707823982,4440
17833,123575357926,139080
17834,5684346990,800
17835,13332088199,2080
17836,15546887796,6560
17837,76501364623,8120
17838,10341860339,41520
17839,1384287141,65040
17840,19334631611,5680
17841,5684346990,800
17842,3608052587,400
17843,43874233927,12240
17844,2631546696,73920
17845,13678261359,280
17846,53977086116,16000
17847,82690235546,23200
17848,2558552727,60640
17849,103936410656,760
17850,42320824807,35120
17851,86944047147,98400
17852,1374358440,80
17853,142441771055,2280
17854,2971572073,48600
17855,63521860220,78080
17856,143759676465,31200
17857,52036744754,20160
17858,26505612170,10240
17859,41629150757,20080
17860,30606949963,6480
17861,10994443315,10400
17862,7933521247,54920
17863,53977086116,16000
17864,142544899746,139040
17865,101257737681,94800
17866,60503190142,40080
17867,2600008094,240
17868,23408140626,3440
17869,2277571415,75720
17870,72276039930,82400
17871,15591358874,3840
17872,123471173465,137000
17873,176451113865,114600
17874,48574112765,24480
17875,5684346990,800
17876,125902787354,86400
17877,2600008094,240
17878,1526031526,56240
17879,56209218247,24000
17880,30270525932,40760
17881,50972251467,25440
17882,25013359587,11280
17883,35803981480,13200
17884,69655242489,25360
17885,17625197496,2480
17886,67086114945,110080
17887,6392283143,880
17888,125511416259,145920
17889,9221830002,1120
17890,18910982041,2960
17891,2439125054,54960
17892,1343925107,50640
17893,105303142041,78160
17894,17671764981,2800
17895,36760673045,13360
17896,26693916977,35840
17897,11642005252,560
17898,24424102909,7680
17899,12340652589,1440
17900,58180382513,20720
17901,23408140626,3440
17902,28053384383,3600
17903,50830437738,108880
17904,10911635053,1280
17905,171779365072,110320
17906,26094464918,5520
17907,30141398925,38480
17908,939301808,59440
17909,15546887796,6560
17910,113156882317,101640
17911,3625776935,74840
17912,22656554835,11600
17913,23669933410,4320
17914,63779660684,30560
17915,24347887664,39080
17916,103592826363,108800
17917,113069912245,9160
17918,9149951836,43200
17919,48574112765,24480
17920,17095927859,6240
17921,146634028475,16160
17922,3608052587,400
17923,21150045435,5920
17924,37103553962,14240
17925,102496722278,38440
17926,2687684012,160
17927,20712513489,9360
17928,2519441896,63920
17929,87386008327,85200
17930,16087583322,10480
17931,144728908001,15280
17932,168850377967,25560
17933,34289033548,39200
17934,63968323880,22800
17935,15546887796,6560
17936,9350411589,1200
17937,154243510642,16800
17938,18910982041,2960
17939,6799206835,1040
17940,25746253687,37520
17941,17521721748,4720
17942,115501695900,17680
17943,10994443315,10400
17944,20682211119,3280
17945,144201667061,15560
17946,53820665247,7360
17947,1374358440,80
17948,124941336622,78560
17949,278448460186,28520
17950,24185268356,10080
17951,28383168956,5840
17952,100029400677,14120
17953,1207654539,55280
17954,1374358440,80
17955,6462940049,49720
17956,25746253687,37520
17957,49663236733,32400
17958,38914243620,26000
17959,17671764981,2800
17960,15880493699,2640
17961,57902505113,3640
17962,11642005252,560
17963,12340652589,1440
17964,12432461986,8400
17965,81410958411,200160
17966,18857244689,4160
17967,93396523132,25920
17968,7023715921,720
17969,22699484924,8800
17970,3533735170,51960
17971,48802443297,20800
17972,2544174234,68640
17973,6202102830,480
17974,12384318263,2880
17975,26882172573,4480
17976,62898897307,21120
17977,19873871526,2320
17978,64544608567,15760
17979,1374358440,80
17980,75360346624,920
17981,101972051207,13320
17982,1910149740,75680
17983,9300016534,55640
17984,48336562771,125280
17985,21122030042,3680
17986,156873405396,112080
17987,115501695900,17680
17988,2640392712,68560
17989,29288016031,12720
17990,297662217547,24040
17991,23101733842,9200
17992,5684346990,800
17993,10617893259,55560
17994,56209218247,24000
17995,6202102830,480
17996,1374358440,80
17997,54107851629,103120
17998,20649080394,41400
17999,25118102990,6160
18000,88361133286,134720
18001,278448460186,28520
18002,210842775503,39800
18003,7263870366,500000
18004,31641251380,209680
18005,17011420553,8000
18006,53254715072,1800
18007,163926332095,145400
18008,73383772649,11640
18009,30071437553,32160
18010,9348453956,1600
18011,188905729061,16240
18012,87418925450,24720
18013,59099009441,27120
18014,127408599151,9320
18015,34722111340,7440
18016,13678261359,280
18017,24960585720,43800
18018,87185996589,76800
18019,11567757747,1360
18020,77829774743,28400
18021,2600008094,240
18022,74984686754,21920
18023,21150045435,5920
18024,164572019353,20120
18025,258854814450,21640
18026,42898884843,520
18027,97054656469,8680
18028,32253145536,12800
18029,2356370051,50720
18030,92627045335,15600
18031,5429857176,45440
18032,5393785316,44640
18033,93934833036,88880
18034,57608209812,24320
18035,79522632203,25680
18036,402324229134,25880
18037,2687684012,160
18038,2687684012,160
18039,167340654706,17600
18040,169649825984,110960
18041,133237407763,166240
18042,104171338035,3400
18043,2687684012,160
18044,100232288529,81320
18045,669743748572,31960
18046,156700416195,4520
18047,5333770564,320
18048,90611404195,3240
18049,29174547652,13680
18050,5333770564,320
18051,8812171924,44320
18052,20649080394,41400
18053,2540128680,46480
18054,529893275545,18200
18055,146634028475,16160
18056,9983132801,3200
18057,1374358440,80
18058,118188915198,12600
18059,32662672538,8240
18060,148092632087,127040
18061,10083363298,42800
18062,89930241671,122320
18063,217488161971,23320
18064,5333770564,320
18065,56554128087,14880
18066,6799206835,1040
18067,70036933083,26560
18068,11824091548,2560
18069,25762440814,7040
18070,15776737500,4000
18071,10911635053,1280
18072,148512722872,16720
18073,36004203903,13600
18074,1384287141,65040
18075,16976316359,9760
18076,103840844106,2200
18077,56391178393,230720
18078,82690235546,23200
18079,104068096154,101360
18080,108773318569,19040
18081,74984686754,21920
18082,108333426681,2920
18083,11567757747,1360
18084,45559667875,22880
18085,53820665247,7360
18086,3608052587,400
18087,442006249162,24680
18088,273827183350,13400
18089,1134761090,57360
18090,21696338923,38160
18091,46233938156,14080
18092,269580869739,82320
18093,23656910588,3040
18094,2687684012,160
18095,16060169283,8080
18096,85540561319,138720
18097,2600008094,240
18098,34945367694,282800
18099,11670237789,2400
18100,28282827998,36160
18101,197609840035,82600
18102,42419472941,207120
18103,126649546373,17360
18104,23408140626,3440
18105,15999718356,11920
18106,1438237187,73360
18107,52921612353,41000
18108,168561625807,118280
18109,2687684012,160
18110,66940128302,19920
18111,19183476914,11680
18112,3608052587,400
18113,53920552345,14560
18114,154071370305,16400
18115,296632992156,17080
18116,55021698026,20400
18117,15456552623,7840
18118,15591358874,3840
18119,32253145536,12800
18120,2600008094,240
18121,27320739252,11360
18122,15050577109,1920
18123,48802443297,20800
18124,17095927859,6240
18125,21772899223,200
18126,12340652589,1440
18127,1374358440,80
18128,104720380714,18480
18129,50043397940,25520
18130,23669933410,4320
18131,15591358874,3840
18132,45610307327,440
18133,96477124176,19360
18134,188905729061,16240
18135,13332088199,2080
18136,121803750356,18640
18137,43509083266,8840
18138,39947890230,6320
18139,94992152601,33120
18140,29174547652,13680
18141,2036741222,56640
18142,54789580858,10600
18143,123747373587,18400
18144,85799337443,107280
18145,57151491447,225720
18146,15776737500,4000
18147,17671764981,2800
18148,62898897307,21120
18149,3095829856,49200
18150,11567757747,1360
18151,7023715921,720
18152,7263870366,500000
18153,28909029183,7120
18154,76842735979,83680
18155,83390278198,19520
18156,1838542350,75120
18157,179921849138,19640
18158,9983132801,3200
18159,106005308983,12280
18160,27224553891,38800
18161,4519098648,58480
18162,2514916276,56400
18163,50340489760,31360
18164,19183476914,11680
18165,180643434410,135120
18166,20682211119,3280
18167,60128624529,27360
18168,256386667533,23640
18169,21772899223,200
18170,60156757195,28160
18171,2013400870,57280
18172,11670237789,2400
18173,23875429670,3520
18174,2142471428,59280
18175,28282827998,36160
18176,19144532808,13760
18177,28909029183,7120
18178,15489598358,8480
18179,16706492151,8880
18180,963002444,60080
18181,17671764981,2800
18182,39947890230,6320
18183,154132488583,129680
18184,3311082131,48400
18185,24424102909,7680
18186,5333770564,320
18187,58095986012,24400
18188,18857244689,4160
18189,60788262155,34400
18190,93396523132,25920
18191,26094464918,5520
18192,19144532808,13760
18193,13358964831,357280
18194,63241875154,30000
18195,27562438485,11040
18196,47348102633,15680
18197,36004203903,13600
18198,789336157320,22520
18199,22699484924,8800
18200,22854197794,4400
18201,33667550874,10560
18202,2600008094,240
18203,43874233927,12240
18204,53977086116,16000
18205,52637118669,23680
18206,50439157857,31440
18207,147283879454,34200
18208,31915278477,186320
18209,1374358440,80
18210,125273033689,168000
18211,180264887956,132200
18212,171980788754,20840
18213,80546942401,11960
18214,19144532808,13760
18215,106005308983,12280
18216,64544608567,15760
18217,13604356594,40480
18218,8000246783,69240
18219,58131531355,20640
18220,14876319705,4080
18221,9495136607,40240
18222,19738763180,9120
18223,16706492151,8880
18224,26094464918,5520
18225,50109757968,15040
18226,25407375100,22560
18227,21074044089,12480
18228,18522672847,6000
18229,48771542050,28240
18230,2074031437,56720
18231,20431947730,10880
18232,23408140626,3440
18233,63753660289,25760
18234,28053384383,3600
18235,7023715921,720
18236,4042636359,66360
18237,23158988748,12080
18238,67815706672,29200
18239,17186276929,5440
18240,25013359587,11280
18241,146634028475,16160
18242,104068096154,101360
18243,11670237789,2400
18244,16085758222,10800
18245,17671764981,2800
18246,28053384383,3600
18247,15293892394,46120
18248,17521721748,4720
18249,88658701999,108400
18250,26465861661,35040
18251,25762440814,7040
18252,9660640502,640
18253,133918402293,152480
18254,9348453956,1600
18255,3852302568,69920
18256,21122030042,3680
18257,14350982604,2160
18258,26693916977,35840
18259,23408140626,3440
18260,31183271091,6960
18261,7263870366,500000
18262,188981627937,17520
18263,1490971923,49520
18264,2687684012,160
18265,19738763180,9120
18266,46302098074,36640
18267,1343925107,50640
18268,7263870366,500000
18269,5333770564,320
18270,9983132801,3200
18271,5333770564,320
18272,17625197496,2480
18273,32375736126,36960
18274,3608052587,400
18275,76253196184,2520
18276,91274112338,125520
18277,57596705364,20960
18278,46462314729,32560
18279,58497521282,98040
18280,11208853325,400880
18281,85741621290,26400
18282,6335530665,51320
18283,15478861463,4800
18284,145720586297,16480
18285,19144532808,13760
18286,19639145621,270960
18287,12623505456,1760
18288,14350982604,2160
18289,81375523076,18080
18290,2687684012,160
18291,39754282327,24640
18292,206967556780,103800
18293,18917901145,11200
18294,2600008094,240
18295,85761989581,28800
18296,95373339295,33440
18297,48077472984,37440
18298,20788222625,7520
18299,7263870366,500000
18300,2687684012,160
18301,70373621373,20560
18302,144596918959,157760
18303,62642425934,21680
18304,95647187008,85840
18305,31482218738,5120
18306,94760932279,32720
18307,140965054822,18160
18308,26914551763,3920
18309,21772899223,200
18310,144728908001,15280
18311,22920582078,2720
18312,18857244689,4160
18313,2683598171,48160
18314,43674397868,136880
18315,113069912245,9160
18316,13948875703,39520
18317,2612634369,50400
18318,279418614314,27640
18319,15489598358,8480
18320,16142556994,5760
18321,36941700728,13920
18322,126649546373,17360
18323,25762440814,7040
18324,21772899223,200
18325,105233767861,6600
18326,2514916276,56400
18327,3276658161,61000
18328,1374358440,80
18329,19738763180,9120
18330,21122030042,3680
18331,11824091548,2560
18332,111715843386,15840
18333,49731456998,223680
18334,7263870366,500000
18335,372483439724,27720
18336,29346663777,7280
18337,3608052587,400
18338,21520625332,12880
18339,23856642424,9920
18340,2687684012,160
18341,32662672538,8240
18342,681524592363,18360
18343,11670237789,2400
18344,7471416384,48520
18345,13891355234,1520
18346,13046061511,2240
18347,66729172444,15120
18348,17625197496,2480
18349,74415030632,2840
18350,5684346990,800
18351,2687684012,160
18352,12623505456,1760
18353,6202102830,480
18354,45559667875,22880
18355,33667550874,10560
18356,92086296268,18720
18357,34962645101,89440
18358,26914551763,3920
18359,24424102909,7680
18360,22376593198,10960
18361,14878979296,4960
18362,45356641336,93120
18363,12454516442,10160
18364,6194347287,960
18365,26003255263,43600
18366,105233767861,6600
18367,10911635053,1280
18368,88679277807,123600
18369,46233938156,14080
18370,23876354012,37360
18371,126046434907,148320
18372,39947890230,6320
18373,24080926918,299520
18374,173090546385,110720
18375,29945835516,4640
18376,51829925018,223280
18377,1830988170,51040
18378,75155138346,111840
18379,61546504076,83040
18380,5716274929,49000
18381,267457559004,5720
18382,16946126060,8720
18383,53977086116,16000
18384,33245691455,5360
18385,152287326217,4200
18386,38681805779,46040
18387,45559667875,22880
18388,10873314768,41440
18389,1374358440,80
18390,15591358874,3840
18391,3608052587,400
18392,13604356594,40480
18393,51600786113,21280
18394,82924689759,26880
18395,85677631939,7400
18396,15912070617,9520
18397,191015333524,26520
18398,27916461349,6080
18399,96477124176,19360
18400,1374358440,80
18401,7023715921,720
18402,5333770564,320
18403,28909029183,7120
18404,3784579606,51560
18405,179175280250,14520
18406,127903473183,24760
18407,76443837745,98880
18408,10911635053,1280
18409,13332088199,2080
18410,3608052587,400
18411,108333426681,2920
18412,6202102830,480
18413,15019316972,10000
18414,103595022023,100960
18415,14876319705,4080
18416,89877146445,203200
18417,2067534491,59840
18418,23669933410,4320
18419,103592826363,108800
18420,19144532808,13760
18421,21610292380,5600
18422,33245691455,5360
18423,3203043412,48000
18424,1374358440,80
18425,35288503603,275680
18426,30071437553,32160
18427,72918674418,19840
18428,33057916647,122560
18429,5143708328,1680
18430,47199251058,20000
18431,57015551370,27840
18432,87205743816,7720
18433,50043397940,25520
18434,2361975159,49040
18435,97441079550,25120
18436,33052931449,270440
18437,67815706672,29200
18438,20682211119,3280
18439,58123010201,15200
18440,76092390971,133440
18441,23408140626,3440
18442,7023715921,720
18443,14350982604,2160
18444,84970841554,21200
18445,58116159615,23440
18446,33667550874,10560
18447,4808710985,61520
18448,63753660289,25760
18449,38488472394,4560
18450,54487213194,33680
18451,58828993119,226800
18452,105597252794,101880
18453,39631649739,40160
18454,27562438485,11040
18455,7263870366,500000
18456,388330698455,26040
18457,103500811591,87800
18458,6202102830,480
18459,11393388470,43920
18460,21610292380,5600
18461,104801026591,6040
18462,72029484384,24800
18463,66257892779,216600
18464,244327937612,32120
18465,1277264059,55120
18466,9983132801,3200
18467,171637931946,3720
18468,29945835516,4640
18469,15362541596,6640
18470,59176266335,120960
18471,3711217356,49680
18472,830175603545,19400
18473,5143708328,1680
18474,7023715921,720
18475,2737543491,49360
18476,35263376528,12640
18477,15050577109,1920
18478,74806535448,22000
18479,54065510301,42440
18480,30606949963,6480
18481,17186276929,5440
18482,19986639189,7600
18483,65795968674,215040
18484,2155925558,50240
18485,38488472394,4560
18486,2651174198,62000
18487,29638694208,38600
18488,62168932959,14640
18489,2687684012,160
18490,9350411589,1200
18491,28402204871,33520
18492,36362045738,20480
18493,15870396402,3360
18494,231579646583,97120
18495,9221830002,1120
18496,16085758222,10800
18497,22656554835,11600
18498,3824026617,46080
18499,23101733842,9200
18500,16706492151,8880
18501,19183476914,11680
18502,74806535448,22000
18503,15478861463,4800
18504,7207771462,49640
18505,23853271916,13040
18506,15478861463,4800
18507,2361975159,49040
18508,6202102830,480
18509,28053384383,3600
18510,67431881097,125600
18511,19668450133,42120
18512,34538092491,11840
18513,70384029426,37560
18514,22075897957,6720
18515,6202102830,480
18516,64544608567,15760
18517,5333770564,320
18518,29346663777,7280
18519,6194347287,960
18520,87418925450,24720
18521,24185268356,10080
18522,33451249985,25840
18523,48802443297,20800
18524,32662672538,8240
18525,643991925322,17640
18526,11670237789,2400
18527,2651174198,62000
18528,43983928964,32640
18529,1374358440,80
18530,154243510642,16800
18531,1374358440,80
18532,19182190063,270160
18533,8279310503,44200
18534,1435205715,65840
18535,22344929187,6400
18536,47348102633,15680
18537,19986639189,7600
18538,304264908407,19480
18539,24347887664,39080
18540,23201586631,310080
18541,77829774743,28400
18542,26465861661,35040
18543,40399840840,38560
18544,15362541596,6640
18545,189044503737,77600
18546,90376657141,3320
18547,12384318263,2880
18548,2154773798,72640
18549,6202102830,480
18550,76488656644,10280
18551,126649546373,17360
18552,28383168956,5840
18553,44022784873,132160
18554,2452580182,76240
18555,11670237789,2400
18556,15546887796,6560
18557,104122527630,86840
18558,52036744754,20160
18559,7216513171,67600
18560,21150045435,5920
18561,267215966763,38460
18562,56554128087,14880
18563,9892193006,2000
18564,23587601303,45480
18565,2627188653,66040
18566,83390278198,19520
18567,939301808,59440
18568,31744536064,6800
18569,34535377619,12960
18570,35263376528,12640
18571,140965054822,18160
18572,14073056770,40720
18573,33667550874,10560
18574,15280928704,336240
18575,85714345197,17760
18576,13891355234,1520
18577,57207402886,1640
18578,2687684012,160
18579,17440799047,354480
18580,21696338923,38160
18581,14350982604,2160
18582,84970841554,21200
18583,146634028475,16160
18584,84970841554,21200
18585,9660640502,640
18586,11567757747,1360
18587,39947890230,6320
18588,2687684012,160
18589,9983132801,3200
18590,12623505456,1760
18591,1485652037,76160
18592,6194347287,960
18593,29174547652,13680
18594,15362541596,6640
18595,136774068640,11800
18596,6194347287,960
18597,19334631611,5680
18598,9348453956,1600
18599,5333770564,320
18600,93363085041,90120
18601,410514746992,25640
18602,91008531754,78320
18603,31095841385,5040
18604,13891355234,1520
18605,48771542050,28240
18606,95373339295,33440
18607,1374358440,80
18608,54608383980,26960
18609,19873871526,2320
18610,123747373587,18400
18611,36539997940,40
18612,65747473442,89200
18613,92086296268,18720
18614,15489598358,8480
18615,101333104455,6680
18616,222354155961,84200
18617,16060169283,8080
18618,13332088199,2080
18619,6799206835,1040
18620,3569748669,45840
18621,6202102830,480
18622,1310728365,64080
18623,7263870366,500000
18624,102933208823,5000
18625,29314973658,38320
18626,61889565213,169600
18627,109313723342,182000
18628,107534067990,5080
18629,21150045435,5920
18630,19144532808,13760
18631,42988152011,33920
18632,304614404710,30280
18633,62044629116,16320
18634,333061496180,28200
18635,9495136607,40240
18636,4701479877,49760
18637,66794076588,32880
18638,58180382513,20720
18639,2609916071,56160
18640,18522672847,6000
18641,135610907787,30640
18642,97528621856,95520
18643,43262321975,251520
18644,9350411589,1200
18645,23669933410,4320
18646,54849935273,29520
18647,23669933410,4320
18648,12340652589,1440
18649,2687684012,160
18650,2582911753,60720
18651,17521721748,4720
18652,260835587440,14200
18653,30606949963,6480
18654,69243476975,202720
18655,32313318503,11520
18656,74662945500,24880
18657,5143708328,1680
18658,61170508641,26720
18659,126649546373,17360
18660,57863690694,3160
18661,22067929088,325840
18662,55021698026,20400
18663,2102530685,54400
18664,57015551370,27840
18665,23656910588,3040
18666,15880493699,2640
18667,487193713971,17400
18668,107690125100,27520
18669,3608052587,400
18670,49795945085,19600
18671,71479075448,27600
18672,29970368407,225840
18673,128763375614,41560
18674,11824091548,2560
18675,1374358440,80
18676,1374358440,80
18677,101187293413,102880
18678,58287429922,6920
18679,54234970873,16560
18680,19641589584,13280
18681,64159182487,215120
18682,138989687323,134760
18683,18917901145,11200
18684,36760673045,13360
18685,316298810806,23560
18686,14350982604,2160
18687,71848505371,33200
18688,34896110353,3120
18689,2687684012,160
18690,15776737500,4000
18691,47080146754,14480
18692,17625197496,2480
18693,82449703075,23120
18694,85422022929,16960
18695,89359501273,200040
18696,1153691481,59120
18697,18857244689,4160
18698,54065510301,42440
18699,105233767861,6600
18700,1374358440,80
18701,2278309685,70320
18702,25762440814,7040
18703,18522672847,6000
18704,32253145536,12800
18705,15591358874,3840
18706,23101733842,9200
18707,60656071894,32800
18708,14578863196,12320
18709,23101733842,9200
18710,9658571893,9600
18711,58116159615,23440
18712,76609022968,124720
18713,29346663777,7280
18714,12345408784,46240
18715,2178111532,49440
18716,76047284087,28880
18717,18857244689,4160
18718,21477425170,43120
18719,49036516299,600
18720,1526031526,56240
18721,2488226540,64880
18722,23158988748,12080
18723,2683598171,48160
18724,393311299046,23080
18725,54849935273,29520
18726,13891355234,1520
18727,25013359587,11280
18728,3804021308,56680
18729,96240839884,115560
18730,35803981480,13200
18731,54276974852,178200
18732,4104689250,70880
18733,67613338563,29360
18734,91787209973,12760
18735,46098432850,14000
18736,15478861463,4800
18737,70379688911,142280
18738,67743340351,21840
18739,60203587256,84320
18740,10326086861,57000
18741,88668807314,109840
18742,19144532808,13760
18743,19144532808,13760
18744,84796426163,7480
18745,1374358440,80
18746,6202102830,480
18747,3608052587,400
18748,83748735982,90800
18749,62642425934,21680
18750,16636224580,8960
18751,13092241585,7760
18752,136132896223,18960
18753,16636224580,8960
18754,1374358440,80
18755,11642005252,560
18756,2452779615,58400
18757,64594251644,27920
18758,6194347287,960
18759,13604356594,40480
18760,67743340351,21840
18761,34538092491,11840
18762,68876123190,25040
18763,52494005405,32000
18764,19873871526,2320
18765,14878979296,4960
18766,32375736126,36960
18767,39200715323,14400
18768,5333770564,320
18769,1374358440,80
18770,33833831359,278800
18771,57207402886,1640
18772,9660640502,640
18773,2600008094,240
18774,13678261359,280
18775,53820665247,7360
18776,1374358440,80
18777,85467122659,84240
18778,11567757747,1360
18779,58123010201,15200
18780,58497521282,98040
18781,84970841554,21200
18782,6194347287,960
18783,19183476914,11680
18784,84306523046,99920
18785,11824091548,2560
18786,52637118669,23680
18787,17671764981,2800
18788,1817342219,67040
18789,58123010201,15200
18790,6698588118,45760
18791,117334909326,41320
18792,252448497689,22760
18793,191317325961,5160
18794,3608052587,400
18795,31482218738,5120
18796,10911635053,1280
18797,54608383980,26960
18798,12391906109,51840
18799,14878979296,4960
18800,56311590007,246160
18801,74415030632,2840
18802,2475151387,65080
18803,53492650581,1240
18804,36223920257,29280
18805,67174237024,34080
18806,69268763881,222480
18807,217582975483,15720
18808,58205391409,1720
18809,109691920329,87760
18810,174427266741,127760
18811,23689211270,7200
18812,123747373587,18400
18813,60156757195,28160
18814,1374284073,66240
18815,108776465041,28720
18816,60409082220,22480
18817,29288016031,12720
18818,83074533595,206440
18819,54234970873,16560
18820,13046061511,2240
18821,121441850839,31920
18822,42187256931,35280
18823,1213595447,72400
18824,11567757747,1360
18825,53820665247,7360
18826,57608209812,24320
18827,295278881377,16680
18828,10911635053,1280
18829,95933971711,5800
18830,20788222625,7520
18831,249539108371,26600
18832,53165155438,22400
18833,34172485305,260400
18834,125715688146,76640
18835,1844353457,51600
18836,1374358440,80
18837,152417714233,137400
18838,17920030204,345480
18839,19268050737,38080
18840,5429857176,45440
18841,22075897957,6720
18842,2295024691,50800
18843,17186276929,5440
18844,187253746508,98200
18845,2540128680,46480
18846,78460728199,21040
18847,28383168956,5840
18848,13332088199,2080
18849,1149002711,72800
18850,9348453956,1600
18851,19334631611,5680
18852,1526031526,56240
18853,22656554835,11600
18854,21122030042,3680
18855,19873871526,2320
18856,12384318263,2880
18857,33204682642,37760
18858,6392283143,880
18859,136120363488,18560
18860,1908633520,74960
18861,31482218738,5120
18862,1374358440,80
18863,5333770564,320
18864,18114803018,4880
18865,21150045435,5920
18866,192217709426,121920
18867,1435205715,65840
18868,1557940877,75920
18869,1916163926,51280
18870,46233938156,14080
18871,127145580096,88760
18872,12830341443,47880
18873,74415030632,2840
18874,25762440814,7040
18875,11670237789,2400
18876,10172807613,412640
18877,20788222625,7520
18878,11741037049,8560
18879,5143708328,1680
18880,1374358440,80
18881,20712513489,9360
18882,129353598564,25960
18883,194673777065,115800
18884,25118102990,6160
18885,9892193006,2000
18886,58123010201,15200
18887,12384318263,2880
18888,80585093032,202080
18889,48771542050,28240
18890,38488472394,4560
18891,1216687922,60240
18892,23853271916,13040
18893,6194347287,960
18894,48616889143,23920
18895,2154773798,72640
18896,172466120040,139760
18897,29945835516,4640
18898,21520625332,12880
18899,34722111340,7440
18900,14878979296,4960
18901,20166661638,9840
18902,55604746942,34640
18903,11670237789,2400
18904,64748284853,127440
18905,60128624529,27360
18906,2600008094,240
18907,2442332289,64800
18908,12384318263,2880
18909,17521721748,4720
18910,278309738343,21960
18911,188905729061,16240
18912,85422022929,16960
18913,135161566275,34920
18914,12623505456,1760
18915,70658180998,40360
18916,93396523132,25920
18917,35803981480,13200
18918,2620536692,71040
18919,16706492151,8880
18920,15880493699,2640
18921,13332088199,2080
18922,3608052587,400
18923,885394898,52880
18924,159289711164,136800
18925,81230959361,14720
18926,117969420303,34360
18927,6202102830,480
18928,106383641062,1480
18929,18114803018,4880
18930,48771542050,28240
18931,188356367942,108760
18932,20166661638,9840
18933,40732318937,21360
18934,15776737500,4000
18935,95036586510,26240
18936,94992152601,33120
18937,40732318937,21360
18938,15019316972,10000
18939,118305046784,3560
18940,2600008094,240
18941,74806535448,22000
18942,172316024801,17440
18943,6141294965,74440
18944,31744536064,6800
18945,10438670798,62760
18946,15999718356,11920
18947,37345732823,43720
18948,212137976710,105000
18949,2687684012,160
18950,12454516442,10160
18951,72642954732,15360
18952,13037370249,43680
18953,15912070617,9520
18954,102496722278,38440
18955,53820665247,7360
18956,106904921633,29040
18957,19738763180,9120
18958,68886269571,211120
18959,20788222625,7520
18960,5684346990,800
18961,57557532865,83360
18962,106696020664,15520
18963,75360346624,920
18964,13332088199,2080
18965,2380343298,75200
18966,6202102830,480
18967,51120103267,158800
18968,62834166430,106880
18969,145254961327,17840
18970,50244828827,22080
18971,108333426681,2920
18972,9348453956,1600
18973,58180382513,20720
18974,17186276929,5440
18975,10911635053,1280
18976,145254961327,17840
18977,1899835645,74720
18978,543238008762,24440
18979,38914243620,26000
18980,29697064265,12400
18981,58594618016,38840
18982,43707823982,4440
18983,84569617886,37240
18984,18081356074,11440
18985,206363489143,17040
18986,38488472394,4560
18987,31482218738,5120
18988,76047284087,28880
18989,64456928447,10760
18990,5333770564,320
18991,3485126875,48480
18992,54487213194,33680
18993,85761989581,28800
18994,14350982604,2160
18995,24185268356,10080
18996,106967899853,19120
18997,15880493699,2640
18998,34538092491,11840
18999,18081356074,11440
19000,110136854661,19760
19001,2591019770,58520
19002,114042064745,3800
19003,102473726282,107840
19004,46520056427,35440
19005,32775958764,31040
19006,9856418914,42400
19007,9983132801,3200
19008,17638044180,3760
19009,21074044089,12480
19010,17186276929,5440
19011,17095927859,6240
19012,50340489760,31360
19013,31183271091,6960
19014,156700416195,4520
19015,15776737500,4000
19016,56630523360,1000
19017,231537955906,20360
19018,103394575571,191680
19019,69663194306,121640
19020,49191332981,22160
19021,179921849138,19640
19022,47348102633,15680
19023,39947890230,6320
19024,3600808444,51480
19025,81230959361,14720
19026,48771542050,28240
19027,66729172444,15120
19028,97339506540,18880
19029,6392283143,880
19030,10873314768,41440
19031,70036933083,26560
19032,15050577109,1920
19033,109233749806,172240
19034,24096684991,11760
19035,19986639189,7600
19036,12340652589,1440
19037,9348453956,1600
19038,39754282327,24640
19039,16087583322,10480
19040,63141782810,32960
19041,2600008094,240
19042,191730649580,17280
19043,4453438110,58800
19044,46228550293,31520
19045,17625197496,2480
19046,145720586297,16480
19047,53820665247,7360
19048,23875429670,3520
19049,75155138346,111840
19050,11670237789,2400
19051,2452779615,58400
19052,33245691455,5360
19053,17389026734,8160
19054,17110344820,4240
19055,9983132801,3200
19056,36837541468,9680
19057,36760673045,13360
19058,18857244689,4160
19059,1374358440,80
19060,117665964247,84400
19061,76047284087,28880
19062,7471416384,48520
19063,140377247757,153960
19064,9983132801,3200
19065,88698883343,107440
19066,917241349641,29800
19067,28402204871,33520
19068,21772899223,200
19069,9350411589,1200
19070,29346663777,7280
19071,81857607350,27440
19072,20932795659,42240
19073,29945835516,4640
19074,78460728199,21040
19075,106696020664,15520
19076,2687684012,160
19077,6194347287,960
19078,104185200254,76960
19079,43548505348,20320
19080,3312517017,60400
19081,23784008333,5280
19082,12340652589,1440
19083,14578863196,12320
19084,95373339295,33440
19085,15912070617,9520
19086,1374358440,80
19087,106383641062,1480
19088,18081356074,11440
19089,23408140626,3440
19090,48234750446,14160
19091,103121983721,88480
19092,115501695900,17680
19093,20672883414,12560
19094,11670237789,2400
19095,19873871526,2320
19096,17095927859,6240
19097,23856642424,9920
19098,12376659642,1840
19099,28777512035,12160
19100,29346663777,7280
19101,34722111340,7440
19102,21772899223,200
19103,42569554114,28960
19104,162942157128,146680
19105,2524679115,64680
19106,97339506540,18880
19107,19738763180,9120
19108,7263870366,500000
19109,33667550874,10560
19110,16976316359,9760
19111,47348102633,15680
19112,53165155438,22400
19113,9348453956,1600
19114,50439157857,31440
19115,137998967312,146480
19116,4460888269,46720
19117,5684346990,800
19118,14876319705,4080
19119,8308840501,68920
19120,7087509975,48800
19121,21122030042,3680
19122,31482218738,5120
19123,121118772278,26360
19124,140965054822,18160
19125,6917352690,73960
19126,66729172444,15120
19127,65677929417,32320
19128,9658571893,9600
19129,20932795659,42240
19130,22376593198,10960
19131,26693916977,35840
19132,36004203903,13600
19133,4336500208,44560
19134,18081356074,11440
19135,23656910588,3040
19136,22699484924,8800
19137,23082724763,85280
19138,1374358440,80
19139,50693651831,34240
19140,1374358440,80
19141,58131531355,20640
19142,9892193006,2000
19143,12623505456,1760
19144,29346663777,7280
19145,459044721980,18680
19146,6202102830,480
19147,170774387482,21480
19148,70721016252,224520
19149,16359497198,41120
19150,49795945085,19600
19151,31183271091,6960
19152,60656071894,32800
19153,27562438485,11040
19154,32253145536,12800
19155,31353758719,21600
19156,18081356074,11440
19157,22344929187,6400
19158,2687684012,160
19159,9221830002,1120
19160,6202102830,480
19161,3735693999,58240
19162,10873314768,41440
19163,22376593198,10960
19164,1374358440,80
19165,148512722872,16720
19166,86945585381,32600
19167,19183476914,11680
19168,1374358440,80
19169,28909029183,7120
19170,17011420553,8000
19171,61170508641,26720
19172,24434172459,35360
19173,93995415587,118160
19174,410543061956,20680
19175,29697064265,12400
19176,79262880472,5640
19177,14878979296,4960
19178,26914551763,3920
19179,9892193006,2000
19180,22920582078,2720
19181,18917901145,11200
19182,23669933410,4320
19183,38998990035,12000
19184,34896110353,3120
19185,3569748669,45840
19186,49795945085,19600
19187,106904921633,29040
19188,3347045712,48960
19189,78190301708,840
19190,156602548484,118800
19191,436612328008,16280
19192,34538092491,11840
19193,5143708328,1680
19194,6202102830,480
19195,49764858157,89360
19196,131960900677,18240
19197,2600008094,240
19198,34896110353,3120
19199,75916944318,112640
19200,5143708328,1680
19201,12454516442,10160
19202,25118102990,6160
19203,18910982041,2960
19204,19873871526,2320
19205,108773318569,19040
19206,193001017520,113080
19207,101972051207,13320
19208,47330199602,29920
19209,272675036997,27560
19210,81472489417,126160
19211,68644160389,40680
19212,230026594964,33880
19213,7452732699,60200
19214,7023715921,720
19215,89693684746,1400
19216,204297662306,77480
19217,9221830002,1120
19218,827747476437,22600
19219,12491687726,48640
19220,41454417779,38720
19221,103045755018,18800
19222,29697064265,12400
19223,188981627937,17520
19224,11951841178,9280
19225,35263376528,12640
19226,2600008094,240
19227,15546887796,6560
19228,9983132801,3200
19229,9348453956,1600
19230,15870396402,3360
19231,17638044180,3760
19232,64985759625,30480
19233,34535377619,12960
19234,3331713210,60880
19235,2600008094,240
19236,15456552623,7840
19237,3608052587,400
19238,48802443297,20800
19239,106696020664,15520
19240,111968290345,182280
19241,137746096730,150720
19242,19738763180,9120
19243,18910982041,2960
19244,12623505456,1760
19245,4786911449,413080
19246,20431947730,10880
19247,6799206835,1040
19248,19641589584,13280
19249,17389026734,8160
19250,3608052587,400
19251,10252907969,56560
19252,144262958877,148160
19253,1916099215,75360
19254,2600008094,240
19255,56225312944,1080
19256,53977086116,16000
19257,34896110353,3120
19258,167374518851,121040
19259,15776737500,4000
19260,1374358440,80
19261,8232253663,57720
19262,104720380714,18480
19263,31833253865,5200
19264,6085543688,49280
19265,57207402886,1640
19266,963002444,60080
19267,8812171924,44320
19268,15546887796,6560
19269,412299830104,18440
19270,33057916647,122560
19271,89020507201,28560
19272,2600008094,240
19273,126447105724,90160
19274,9350411589,1200
19275,1374358440,80
19276,11741037049,8560
19277,2600008094,240
19278,48075093637,82000
19279,9983132801,3200
19280,18522672847,6000
19281,49663236733,32400
19282,46233938156,14080
19283,134234693613,22640
19284,89939377795,29680
19285,54234970873,16560
19286,66836593710,29600
19287,15362541596,6640
19288,1547179648,52960
19289,28467545219,37280
19290,21150045435,5920
19291,14578863196,12320
19292,47348102633,15680
19293,108776465041,28720
19294,380547122627,36680
19295,21122030042,3680
19296,9350411589,1200
19297,150125637013,29960
19298,3608052587,400
19299,24185268356,10080
19300,4515057201,48720
19301,5143708328,1680
19302,10911635053,1280
19303,59099009441,27120
19304,15019316972,10000
19305,76458335176,4120
19306,82924689759,26880
19307,54234970873,16560
19308,36004203903,13600
19309,269988578606,81200
19310,36506643138,14320
19311,25562442906,36320
19312,61958770793,20240
19313,135610907787,30640
19314,110061080644,10040
19315,145254961327,17840
19316,3822022315,51200
19317,54734937854,100560
19318,9348453956,1600
19319,206363489143,17040
19320,56985563015,13440
19321,3038825132,75280
19322,66836593710,29600
19323,13678261359,280
19324,10911635053,1280
19325,12340652589,1440
19326,60305999704,14960
19327,2600008094,240
19328,63779660684,30560
19329,38914243620,26000
19330,36760673045,13360
19331,60788262155,34400
19332,25407375100,22560
19333,57902505113,3640
19334,108868981123,10440
19335,46450382120,249840
19336,63968323880,22800
19337,35803981480,13200
19338,2687684012,160
19339,66836593710,29600
19340,9350411589,1200
19341,21122030042,3680
19342,324075212432,17000
19343,57015551370,27840
19344,3608052587,400
19345,200110143606,13640
19346,23408140626,3440
19347,62898897307,21120
19348,17733400848,8320
19349,47348102633,15680
19350,26693916977,35840
19351,77472764723,9880
19352,20166661638,9840
19353,13037370249,43680
19354,46233938156,14080
19355,413956314849,31000
19356,12623505456,1760
19357,7023715921,720
19358,35998339239,36240
19359,28704931708,120
19360,3312517017,60400
19361,38488472394,4560
19362,13953517473,10320
19363,6202102830,480
19364,130228183835,86040
19365,3608052587,400
19366,1343925107,50640
19367,32775958764,31040
19368,95933971711,5800
19369,13608026520,11120
19370,11951841178,9280
19371,5333770564,320
19372,121803750356,18640
19373,3608052587,400
19374,36362045738,20480
19375,58594618016,38840
19376,140965054822,18160
19377,1818803978,53520
19378,217582975483,15720
19379,7263870366,500000
19380,15050577109,1920
19381,51601936871,21440
19382,1711395309,73200
19383,17110344820,4240
19384,17521721748,4720
19385,2687684012,160
19386,91109372702,27680
19387,40108531669,40920
19388,20538039704,308560
19389,9983132801,3200
19390,30793914017,13520
19391,10994443315,10400
19392,58180382513,20720
19393,89693684746,1400
19394,324544966570,16760
19395,36941700728,13920
19396,11567757747,1360
19397,10911635053,1280
19398,104720380714,18480
19399,2600008094,240
19400,30606949963,6480
19401,23784008333,5280
19402,58123010201,15200
19403,50972251467,25440
19404,191015333524,26520
19405,9221830002,1120
19406,3824026617,46080
19407,21520625332,12880
19408,9047753330,42720
19409,9350411589,1200
19410,47348102633,15680
19411,23853271916,13040
19412,21520625332,12880
19413,2603812750,63600
19414,63241875154,30000
19415,21074044089,12480
19416,179175280250,14520
19417,15546887796,6560
19418,85072392230,14800
19419,3236709245,53120
19420,168830836416,7560
19421,19334631611,5680
19422,1322457631,57600
19423,32253145536,12800
19424,203853467927,7960
19425,63753660289,25760
19426,280553003111,19080
19427,54608383980,26960
19428,50244828827,22080
19429,199785134675,34440
19430,15456552623,7840
19431,9782858516,421680
19432,29231774598,42640
19433,91008531754,78320
19434,50043397940,25520
19435,12340652589,1440
19436,13332088199,2080
19437,2295024691,50800
19438,53165155438,22400
19439,89081768937,99720
19440,4082479741,45920
19441,145254961327,17840
19442,18857244689,4160
19443,103936410656,760
19444,8103451647,354800
19445,26534414659,42360
19446,54487213194,33680
19447,2600008094,240
19448,108868981123,10440
19449,11959949948,41840
19450,149978935219,119200
19451,1750714313,60160
19452,19287375973,38640
19453,19334631611,5680
19454,23856642424,9920
19455,10911635053,1280
19456,177519448812,107000
19457,15591358874,3840
19458,96479201569,113840
19459,9660640502,640
19460,11824091548,2560
19461,74984686754,21920
19462,19248589086,8640
19463,5684346990,800
19464,23408140626,3440
19465,152455765739,143920
19466,9348453956,1600
19467,22699484924,8800
19468,85677631939,7400
19469,11322340821,41600
19470,98840128406,1560
19471,3193648058,46880
19472,18857244689,4160
19473,49191332981,22160
19474,2066529857,72960
19475,96408860234,2680
19476,26914551763,3920
19477,135610907787,30640
19478,38488472394,4560
19479,12340652589,1440
19480,5684346990,800
19481,80486721603,104400
19482,16976316359,9760
19483,34535377619,12960
19484,3722102648,76000
19485,3608052587,400
19486,2828425999,47680
19487,10994443315,10400
19488,15776737500,4000
19489,2830545551,47600
19490,51295189316,27040
19491,15870396402,3360
19492,2593943587,49920
19493,104720380714,18480
19494,38998990035,12000
19495,3249072778,71760
19496,3608052587,400
19497,3259205703,63200
19498,25562442906,36320
19499,49764858157,89360
19500,9660640502,640
19501,121803750356,18640
19502,324544966570,16760
19503,36004203903,13600
19504,14197262841,44080
19505,53703213948,85920
19506,209341332041,24360
19507,12384318263,2880
19508,20431947730,10880
19509,4319898586,59560
19510,30606949963,6480
19511,7263870366,500000
19512,4104689250,70880
19513,462386284873,12680
19514,63241875154,30000
19515,29210106841,6880
19516,2118658897,64160
19517,11642005252,560
19518,1281115122,62400
19519,87402531989,96480
19520,19873871526,2320
19521,65493899978,32240
19522,46098432850,14000
19523,20672883414,12560
19524,13332088199,2080
19525,149569701365,2440
19526,14578863196,12320
19527,86593739695,116160
19528,42569554114,28960
19529,24242830819,43440
19530,26693916977,35840
19531,27320739252,11360
19532,32313318503,11520
19533,18027132322,332400
19534,96048231591,6200
19535,13046061511,2240
19536,97328315078,36560
19537,91109372702,27680
19538,121441850839,31920
19539,132511829431,24080
19540,76488656644,10280
19541,84098071061,23520
19542,23101733842,9200
19543,13553319214,352080
19544,20712513489,9360
19545,22876248759,326480
19546,20788222625,7520
19547,16085758222,10800
19548,13332088199,2080
19549,9660640502,640
19550,7192767682,59240
19551,2600008094,240
19552,21122030042,3680
19553,68672378117,34000
19554,134278230388,130040
19555,97036049645,99320
19556,15880493699,2640
19557,15456552623,7840
19558,154071370305,16400
19559,22656554835,11600
19560,87548393748,193920
19561,66729172444,15120
19562,1165137150,70640
19563,61856398042,35480
19564,38914243620,26000
19565,3608052587,400
19566,6194347287,960
19567,18857244689,4160
19568,6194347287,960
19569,63428298910,32080
19570,329464561185,12840
19571,6202102830,480
19572,3098763981,73600
19573,316298810806,23560
19574,54120570873,28640
19575,187723514036,92160
19576,16636224580,8960
19577,85422022929,16960
19578,20166661638,9840
19579,105743409645,10920
19580,5393785316,44640
19581,11609447743,42880
19582,80613673293,29120
19583,1805161817,66560
19584,18114803018,4880
19585,48802443297,20800
19586,17671764981,2800
19587,63779660684,30560
19588,60409082220,22480
19589,19183476914,11680
19590,11146299720,51680
19591,20672883414,12560
19592,6936597692,43280
19593,11642005252,560
19594,23669933410,4320
19595,5684346990,800
19596,15591358874,3840
19597,21610292380,5600
19598,22344929187,6400
19599,13092241585,7760
19600,31833253865,5200
19601,25118102990,6160
19602,955540983,66160
19603,19248589086,8640
19604,83110391246,20880
19605,21076005390,328280
19606,2594129812,65680
19607,100441197168,26160
19608,44738206330,33040
19609,24424102909,7680
19610,15362541596,6640
19611,3608052587,400
19612,21618919613,10640
19613,53492650581,1240
19614,36506643138,14320
19615,11959949948,41840
19616,88308477693,28320
19617,5333770564,320
19618,48771542050,28240
19619,3676192465,66720
19620,72918674418,19840
19621,7263870366,500000
19622,125373721239,9240
19623,172626806679,107120
19624,1374358440,80
19625,2600008094,240
19626,17186276929,5440
19627,10994443315,10400
19628,1374358440,80
19629,101053129705,10120
19630,15776737500,4000
19631,72918674418,19840
19632,38998990035,12000
19633,12432461986,8400
19634,49795945085,19600
19635,83390278198,19520
19636,34722111340,7440
19637,23408140626,3440
19638,14775886420,372560
19639,11951841178,9280
19640,118328072216,156240
19641,17110344820,4240
19642,230026594964,33880
19643,147969873846,31640
19644,55104185747,246560
19645,64023289643,8200
19646,23408140626,3440
19647,15478861463,4800
19648,149569701365,2440
19649,25407375100,22560
19650,65677929417,32320
19651,93433311171,9400
19652,19334631611,5680
19653,246676814286,13240
19654,12340652589,1440
19655,487193713971,17400
19656,76047284087,28880
19657,85422022929,16960
19658,42074950101,246960
19659,10564265550,42320
19660,2599499966,74160
19661,1374358440,80
19662,16060169283,8080
19663,51509791655,2040
19664,29174547652,13680
19665,91787209973,12760
19666,21618919613,10640
19667,17110344820,4240
19668,209298502522,22120
19669,2687684012,160
19670,296632992156,17080
19671,17011420553,8000
19672,50340489760,31360
19673,35803981480,13200
19674,2768401314,68240
19675,14878979296,4960
19676,42320824807,35120
19677,28053384383,3600
19678,17389026734,8160
19679,31482218738,5120
19680,15870396402,3360
19681,20788222625,7520
19682,144728908001,15280
19683,67743340351,21840
19684,15546887796,6560
19685,22854197794,4400
19686,23733663328,309760
19687,12432461986,8400
19688,31183271091,6960
19689,1310728365,64080
19690,5684346990,800
19691,154071370305,16400
19692,11951841178,9280
19693,19873871526,2320
19694,35998339239,36240
19695,8139577712,66600
19696,78460728199,21040
19697,45610307327,440
19698,1322457631,57600
19699,9221830002,1120
19700,136132896223,18960
19701,76501364623,8120
19702,19268050737,38080
19703,10911635053,1280
19704,95845389522,15920
19705,23656910588,3040
19706,17389026734,8160
19707,62284620430,85680
19708,15019316972,10000
19709,33245691455,5360
19710,75560243289,27200
19711,46520056427,35440
19712,3312517017,60400
19713,5684346990,800
19714,57598378170,100240
19715,82866602445,16640
19716,1438237187,73360
19717,19183476914,11680
19718,12623505456,1760
19719,250007980547,7080
19720,9348453956,1600
19721,32253145536,12800
19722,3608052587,400
19723,9348453956,1600
19724,91109372702,27680
19725,63753660289,25760
19726,9733899004,45680
19727,56615851525,89920
19728,28383168956,5840
19729,11567757747,1360
19730,2687684012,160
19731,461662889894,18120
19732,1374358440,80
19733,12376659642,1840
19734,3852302568,69920
19735,2600008094,240
19736,15880493699,2640
19737,99784557249,4920
19738,63774673835,12920
19739,88736468195,3480
19740,137498194074,17920
19741,169590899994,19320
19742,18114803018,4880
19743,14350982604,2160
19744,45107434734,98560
19745,28053384383,3600
19746,10156553167,47000
19747,9733899004,45680
19748,30141398925,38480
19749,31744536064,6800
19750,181226213020,115840
19751,56639390619,176880
19752,63144762560,204320
19753,7023715921,720
19754,29945835516,4640
19755,106967899853,19120
19756,38488472394,4560
19757,23656910588,3040
19758,85072392230,14800
19759,25013359587,11280
19760,154243510642,16800
19761,82696808458,23040
19762,23408140626,3440
19763,135616036603,32520
19764,938904422,76320
19765,23944376463,233600
19766,7388919877,46800
19767,4259419104,66520
19768,67815706672,29200
19769,148512722872,16720
19770,3355756429,74640
19771,128327037540,38040
19772,74806535448,22000
19773,24096684991,11760
19774,11670237789,2400
19775,39200715323,14400
19776,794183105324,17880
19777,14876319705,4080
19778,22699484924,8800
19779,77953094991,19200
19780,14876319705,4080
19781,69955541545,6840
19782,23669933410,4320
19783,57015551370,27840
19784,2600008094,240
19785,23656910588,3040
19786,2687684012,160
19787,15880493699,2640
19788,43076668133,37920
19789,29697064265,12400
19790,2687684012,160
19791,3347045712,48960
19792,6392283143,880
19793,48234750446,14160
19794,14073056770,40720
19795,41809171636,30400
19796,242465400775,79640
19797,1374358440,80
19798,127461776300,83840
19799,29945835516,4640
19800,11670237789,2400
19801,70373621373,20560
19802,31353758719,21600
19803,10994443315,10400
19804,16706492151,8880
19805,1844353457,51600
19806,218626732473,14360
19807,19738763180,9120
19808,9983132801,3200
19809,1374358440,80
19810,60156757195,28160
19811,57207402886,1640
19812,15456552623,7840
19813,13953517473,10320
19814,145720586297,16480
19815,17733400848,8320
19816,17521721748,4720
19817,279418614314,27640
19818,48802443297,20800
19819,34896110353,3120
19820,64544608567,15760
19821,146830854506,19280
19822,17095927859,6240
19823,71848505371,33200
19824,9557409680,47640
19825,17671764981,2800
19826,147969873846,31640
19827,3822022315,51200
19828,131960900677,18240
19829,17638044180,3760
19830,58095986012,24400
19831,54849935273,29520
19832,324075212432,17000
19833,24424102909,7680
19834,1908633520,74960
19835,15546887796,6560
19836,32050785144,35520
19837,208629535550,106240
19838,49086002473,231680
19839,2503648610,67760
19840,22075897957,6720
19841,58885830345,214320
19842,82866602445,16640
19843,22344929187,6400
19844,14578863196,12320
19845,143141951502,4280
19846,27579777130,43480
19847,11824091548,2560
19848,231537955906,20360
19849,7263870366,500000
19850,13046061511,2240
19851,8668774638,50200
19852,52993250630,6360
19853,7263870366,500000
19854,62762275769,221200
19855,140882855231,32040
19856,167340654706,17600
19857,20649080394,41400
19858,11609447743,42880
19859,135161566275,34920
19860,4915881027,46640
19861,2687684012,160
19862,58239397734,89840
19863,47444218344,110000
19864,2687684012,160
19865,132215689361,142080
19866,3064276086,58080
19867,23875429670,3520
19868,175654030004,124280
19869,84970841554,21200
19870,68997074931,128480
19871,14876319705,4080
19872,46233938156,14080
19873,58131531355,20640
19874,54145510118,24960
19875,15546887796,6560
19876,106967899853,19120
19877,76047284087,28880
19878,81375523076,18080
19879,76922338775,125160
19880,6194347287,960
19881,17638044180,3760
19882,7016745481,68600
19883,22344929187,6400
19884,54849935273,29520
19885,242624795670,14760
19886,141186545274,124520
19887,121441850839,31920
19888,54608383980,26960
19889,3747746678,47040
19890,21772899223,200
19891,48234750446,14160
19892,1207654539,55280
19893,66794076588,32880
19894,1374358440,80
19895,14048202201,40320
19896,32050785144,35520
19897,18694290611,41760
19898,47199251058,20000
19899,9348453956,1600
19900,27916461349,6080
19901,22075897957,6720
19902,1374358440,80
19903,66801572348,153160
19904,2600008094,240
19905,23669933410,4320
19906,59640316295,31280
19907,12454516442,10160
19908,15912070617,9520
19909,5264285556,53720
19910,23784008333,5280
19911,21772899223,200
19912,29697064265,12400
19913,13953517473,10320
19914,5333770564,320
19915,21074044089,12480
19916,412299830104,18440
19917,60128624529,27360
19918,18910982041,2960
19919,31353758719,21600
19920,3193648058,46880
19921,109693758133,81120
19922,5143708328,1680
19923,204938590346,8360
19924,1277264059,55120
19925,18857244689,4160
19926,29288016031,12720
19927,159605690198,131600
19928,56575094546,105200
19929,14878979296,4960
19930,15591358874,3840
19931,106005308983,12280
19932,59843078367,28000
19933,13608026520,11120
19934,15489598358,8480
19935,6392283143,880
19936,156700416195,4520
19937,9350411589,1200
19938,79247415130,680
19939,66940128302,19920
19940,28053384383,3600
19941,19873871526,2320
19942,38488472394,4560
19943,4507444803,49840
19944,34722111340,7440
19945,3569748669,45840
19946,32775958764,31040
19947,55755921320,23600
19948,6613761242,64840
19949,39947890230,6320
19950,2858795220,57680
19951,60618080877,33760
19952,6369236491,50680
19953,54608383980,26960
19954,22699484924,8800
19955,221123678953,88340
19956,27320739252,11360
19957,13332088199,2080
19958,12376659642,1840
19959,82690235546,23200
19960,14350982604,2160
19961,54487213194,33680
19962,39947890230,6320
19963,65677929417,32320
19964,2687684012,160
19965,66157949116,11000
19966,2687684012,160
19967,5333770564,320
19968,85812512964,22320
19969,1638257951,52400
19970,226764352131,5480
19971,95887941524,17200
19972,20168245720,9440
19973,2614932466,68160
19974,2600008094,240
19975,104999344916,109200
19976,16976316359,9760
19977,1374358440,80
19978,16706492151,8880
19979,155699828081,29880
19980,46520056427,35440
19981,25013359587,11280
19982,22699484924,8800
19983,19334631611,5680
19984,36760673045,13360
19985,21772899223,200
19986,22854197794,4400
19987,10994443315,10400
19988,88736468195,3480
19989,6799206835,1040
19990,30805131540,360
19991,90304991400,34800
19992,178817488908,9080
19993,6799206835,1040
19994,43548505348,20320
19995,1374358440,80
19996,33451249985,25840
19997,17389026734,8160
19998,17110344820,4240
19999,356737061611,15400
