0,210576129005,2840
1,32423277556,63340
2,642463108,20
3,3155297787,30
4,113146677197,4000
5,1460081663,10
6,642463108,20
7,2131112755,120
8,2700711032,200
9,41614828914,105430
10,2131112755,120
11,20533334047,5650
12,53067740046,1080
13,2680666674,100
14,642463108,20
15,2129728871,80
16,5004700354,300
17,3248511615,70
18,35334586170,5680
19,13503009596,170
20,53637805687,820
21,154206497816,57080
22,10125666868,220
23,115469428174,2940
24,952043004,443430
25,199554263892,34010
26,162016747642,12860
27,285189992413,3270
28,182747867130,4200
29,11168928718,320
30,29491905716,660
31,11685752060,280
32,4750466533,180
33,2129728871,80
34,1410951772,60
35,1989408758,40
36,7632138894,150
37,17461846483,210
38,2129728871,80
39,49736015129,1440
40,1460081663,10
41,2700711032,200
42,5325216397,240
43,5004700354,300
44,1410951772,60
45,642463108,20
46,10125666868,220
47,1233976240,244870
48,336945195012,16100
49,81218848569,8280
50,996366004,441460
51,11685752060,280
52,2131112755,120
53,1410951772,60
54,169078418254,3720
55,18962906803,2000
56,3155297787,30
57,8771610191,140
58,31270159083,104950
59,182036969171,17600
60,3155297787,30
61,1989408758,40
62,72251914867,1480
63,8160380638,800
64,43821441387,7920
65,642463108,20
66,1460081663,10
67,58955902197,7200
68,3248511615,70
69,177327354721,10590
70,12501136590,260
71,25659113930,124180
72,107356367,500000
73,52603264488,3600
74,30113995370,109640
75,3155297787,30
76,358831913153,25430
77,220225676402,3400
78,26148963904,1240
79,7632138894,150
80,3498963678,400
81,142362827679,40410
82,1460081663,10
83,2700711032,200
84,196786967069,36210
85,107356367,500000
86,31957226762,680
87,83532074855,1300
88,31672662363,840
89,642463108,20
90,8890640708,50
91,8369703851,180250
92,8890640708,50
93,269934067049,38240
94,3155297787,30
95,1410951772,60
96,63012407342,5040
97,15230320883,500
98,1410951772,60
99,37675978129,8880
100,1028642979,382040
101,25715559667,440
102,3498963678,400
103,7632138894,150
104,35082637617,1040
105,13503009596,170
106,1460081663,10
107,741576500,387000
108,2129728871,80
109,642463108,20
110,50020304629,460
111,49181019185,430
112,300064267948,4030
113,214688546396,3340
114,16628626764,130
115,1460081663,10
116,642463108,20
117,642463108,20
118,642463108,20
119,17461846483,210
120,1460081663,10
121,1989408758,40
122,2700711032,200
123,31231102416,5780
124,16628626764,130
125,642463108,20
126,511095060421,2310
127,3155297787,30
128,146616877072,1670
129,1989408758,40
130,5325216397,240
131,1460081663,10
132,2129728871,80
133,32392093595,4900
134,642463108,20
135,13503009596,170
136,3498963678,400
137,3155297787,30
138,15149273275,230
139,3503794356,206560
140,1460081663,10
141,78393088242,3200
142,2680666674,100
143,2700711032,200
144,11168928718,320
145,2700711032,200
146,17113849351,101400
147,241798423648,810
148,1410951772,60
149,5004700354,300
150,82816160235,1640
151,372552288405,7860
152,50799511083,5420
153,39784733383,117200
154,10125666868,220
155,642463108,20
156,2680666674,100
157,12501136590,260
158,55845212249,1360
159,33336156346,380
160,642463108,20
161,3769389781,183460
162,52172536529,5730
163,3248511615,70
164,107356367,500000
165,642463108,20
166,30567251497,920
167,3498963678,400
168,8771610191,140
169,95185346891,6380
170,642463108,20
171,7632138894,150
172,33336156346,380
173,883341642,356900
174,5107117908,217900
175,31957226762,680
176,118018387128,5470
177,73169373677,1620
178,2131112755,120
179,240299366447,7400
180,3248511615,70
181,1410951772,60
182,71720042109,1220
183,314149487712,20120
184,16663604145,250
185,171229564096,3100
186,111177962277,1540
187,642463108,20
188,2131112755,120
189,2700711032,200
190,4750466533,180
191,8771610191,140
192,16663604145,250
193,10125666868,220
194,642463108,20
195,107356367,500000
196,59192250382,310
197,53067740046,1080
198,2700711032,200
199,3155297787,30
200,15230320883,500
201,3248511615,70
202,22947144105,540
203,369681360,371950
204,107356367,500000
205,37445101835,9600
206,31957226762,680
207,1460081663,10
208,642463108,20
209,74650898404,54990
210,4101675363,160
211,642463108,20
212,8890640708,50
213,1314049100,294030
214,642463108,20
215,83532074855,1300
216,9405702726,90
217,130364661735,3840
218,234119754503,24820
219,4101675363,160
220,162291545051,10720
221,107815389228,2200
222,70170852619,2320
223,148501026506,39120
224,788983007,430440
225,107356367,500000
226,642463108,20
227,210758216174,26510
228,642463108,20
229,136300868488,5130
230,642463108,20
231,90107705426,5880
232,9405702726,90
233,26878024615,960
234,28481466122,420
235,642463108,20
236,642463108,20
237,4101675363,160
238,53637805687,820
239,32998588839,10000
240,50977340686,620
241,5325216397,240
242,5325216397,240
243,207046321825,49320
244,29491905716,660
245,641897964,485360
246,4101675363,160
247,2700711032,200
248,25118415259,720
249,4101675363,160
250,1989408758,40
251,8890640708,50
252,339864372696,4420
253,348296415427,1590
254,165169020477,2960
255,8160380638,800
256,2700711032,200
257,122758736466,1060
258,642463108,20
259,4101675363,160
260,22947144105,540
261,1460081663,10
262,69062235443,3040
263,53637805687,820
264,642463108,20
265,2131112755,120
266,2129728871,80
267,23717057018,270
268,7632138894,150
269,236331466937,3020
270,2700711032,200
271,2700711032,200
272,642463108,20
273,174546942072,14700
274,2700711032,200
275,504825863770,4630
276,18962906803,2000
277,122120692610,2500
278,1410951772,60
279,1460081663,10
280,175676536142,5570
281,166616916635,23490
282,5004700354,300
283,642463108,20
284,2129728871,80
285,18536928071,1600
286,107356367,500000
287,2700711032,200
288,80838899373,10880
289,3155297787,30
290,71720042109,1220
291,2131112755,120
292,864242834,308690
293,2700711032,200
294,107356367,500000
295,18536928071,1600
296,22841573218,1800
297,4101675363,160
298,406677363963,1070
299,2700711032,200
300,1460081663,10
301,400423733161,14110
302,2129728871,80
303,21258475540,5240
304,1460081663,10
305,16404063520,5400
306,1460081663,10
307,11685752060,280
308,115469428174,2940
309,1410951772,60
310,90107705426,5880
311,2700711032,200
312,1410951772,60
313,39237349975,1120
314,27619497645,410
315,18717417554,7040
316,16704191328,10500
317,2700711032,200
318,101205010846,78540
319,1460081663,10
320,166366568226,15640
321,58306342031,101680
322,13998415485,190
323,13503009596,170
324,1410951772,60
325,642463108,20
326,19618372147,640
327,59326627443,1760
328,468048001,312290
329,9405702726,90
330,31318271419,126800
331,242464481741,1900
332,573360086416,2170
333,3155297787,30
334,19838462280,148900
335,642463108,20
336,642463108,20
337,35366449843,77540
338,1460081663,10
339,4101675363,160
340,2680666674,100
341,53637805687,820
342,3155297787,30
343,59806392317,14490
344,1989408758,40
345,642463108,20
346,27818723522,1280
347,1460081663,10
348,288001819702,4520
349,642463108,20
350,5004700354,300
351,13503009596,170
352,27818723522,1280
353,125657143080,21000
354,15230320883,500
355,22947144105,540
356,56003782975,12000
357,11999169782,360
358,205686587805,50200
359,1989408758,40
360,5325216397,240
361,323812100320,20810
362,192806953470,3280
363,31377036712,900
364,1410951772,60
365,47727873071,3000
366,2680666674,100
367,1989408758,40
368,642463108,20
369,1410951772,60
370,150586531437,1840
371,1989408758,40
372,3155297787,30
373,2700711032,200
374,192237825632,2520
375,2680666674,100
376,307421705360,3680
377,107356367,500000
378,1460081663,10
379,4101675363,160
380,2131112755,120
381,2700711032,200
382,25715559667,440
383,70937215902,1320
384,2131112755,120
385,625820228,420250
386,642463108,20
387,2129728871,80
388,69097605880,9840
389,541334506772,1690
390,30567251497,920
391,2131112755,120
392,12467529875,92000
393,83130397074,2280
394,2566300705,242020
395,642463108,20
396,42635005721,1920
397,37159752956,1500
398,37159752956,1500
399,642463108,20
400,31672662363,840
401,4101675363,160
402,1460081663,10
403,18962906803,2000
404,98123032171,15180
405,148963651289,1660
406,1410951772,60
407,17461846483,210
408,49736015129,1440
409,1460081663,10
410,1460081663,10
411,113146677197,4000
412,114136706572,78000
413,1410951772,60
414,2680666674,100
415,2700711032,200
416,1460081663,10
417,203696818523,590
418,9128426838,600
419,9405702726,90
420,3155297787,30
421,107356367,500000
422,107356367,500000
423,103991243691,13620
424,2680666674,100
425,28481466122,420
426,1404278672,289510
427,1082929842,363790
428,12629152195,127290
429,4101675363,160
430,14773975557,152080
431,162140169911,32160
432,11685752060,280
433,79821372396,1350
434,7632138894,150
435,2680666674,100
436,3155297787,30
437,13998415485,190
438,642463108,20
439,2700711032,200
440,2131112755,120
441,58470667554,6430
442,3248511615,70
443,335522158227,2010
444,5325216397,240
445,25118415259,720
446,7632138894,150
447,22841573218,1800
448,760874198655,1130
449,30567251497,920
450,642463108,20
451,642463108,20
452,95372704666,76300
453,81513870704,1260
454,8771610191,140
455,498949678660,1810
456,2131112755,120
457,119938063081,2150
458,1410951772,60
459,3248511615,70
460,107356367,500000
461,23717057018,270
462,125657143080,21000
463,152332105369,5440
464,40517663010,10860
465,107356367,500000
466,2131112755,120
467,4101675363,160
468,2129728871,80
469,1410951772,60
470,26988989205,750
471,107356367,500000
472,2680666674,100
473,1989408758,40
474,1460081663,10
475,1188629787,305700
476,76683638316,78420
477,2131112755,120
478,3155297787,30
479,9405702726,90
480,2700711032,200
481,13175843055,480
482,18962906803,2000
483,29491905716,660
484,47727873071,3000
485,11685752060,280
486,64324031020,5540
487,11999169782,360
488,2129728871,80
489,107356367,500000
490,32902663700,1020
491,188736604890,4500
492,2129728871,80
493,107356367,500000
494,78741178761,9720
495,3155297787,30
496,7632138894,150
497,3155297787,30
498,49181019185,430
499,13998415485,190
500,145008101845,3320
501,2700711032,200
502,1410951772,60
503,5004700354,300
504,3248511615,70
505,1989408758,40
506,4750466533,180
507,18536928071,1600
508,1410951772,60
509,1460081663,10
510,125468572871,45910
511,101793693596,6390
512,1460081663,10
513,70761338602,8000
514,10093778100,110
515,3248511615,70
516,2680666674,100
517,7632138894,150
518,3892183753,200120
519,2680666674,100
520,13998415485,190
521,107815389228,2200
522,198392860961,14280
523,2129728871,80
524,8771610191,140
525,107356367,500000
526,642463108,20
527,642463108,20
528,10093778100,110
529,10125666868,220
530,57421466052,11060
531,37625811344,1400
532,3155297787,30
533,3155297787,30
534,28481466122,420
535,185468143475,3700
536,107356367,500000
537,1410951772,60
538,184862306526,6130
539,26878024615,960
540,1410951772,60
541,107356367,500000
542,2700711032,200
543,2131112755,120
544,33336156346,380
545,1460081663,10
546,174026483422,3240
547,14724129042,143420
548,29690685032,120990
549,31377036712,900
550,7389868499,1000
551,69062235443,3040
552,31957226762,680
553,26822028754,129450
554,29667246712,112220
555,341307235955,3010
556,753100998,322520
557,152589316481,2380
558,2131112755,120
559,642463108,20
560,172389532321,31280
561,57189421428,7770
562,79148335760,11260
563,305138224065,26340
564,8890640708,50
565,11168928718,320
566,107356367,500000
567,83532074855,1300
568,78393088242,3200
569,72662092656,7600
570,18962906803,2000
571,5325216397,240
572,29491905716,660
573,2680666674,100
574,9405702726,90
575,642463108,20
576,1460081663,10
577,1989408758,40
578,7632138894,150
579,841465754,235950
580,272310310368,3140
581,118732834863,11920
582,5325216397,240
583,22841573218,1800
584,179373569891,33720
585,11685752060,280
586,397465654200,6250
587,107356367,500000
588,642463108,20
589,9405702726,90
590,3248511615,70
591,2131112755,120
592,1410951772,60
593,5325216397,240
594,4750466533,180
595,29778520137,58530
596,107356367,500000
597,893007206595,3790
598,28481030422,520
599,126607260112,7670
600,25118415259,720
601,242464481741,1900
602,3155297787,30
603,1989408758,40
604,1050143945870,3710
605,13805813254,350
606,11168928718,320
607,17461846483,210
608,3155297787,30
609,2700711032,200
610,5325216397,240
611,642463108,20
612,13805813254,350
613,3248511615,70
614,1989408758,40
615,107356367,500000
616,17461846483,210
617,48446638081,2600
618,28481466122,420
619,101708932252,980
620,10093778100,110
621,642463108,20
622,642463108,20
623,29561264791,8320
624,3155297787,30
625,1460081663,10
626,456481580,452010
627,642463108,20
628,100041901271,9920
629,38062709610,760
630,169056974485,21510
631,1057558223,229090
632,1989408758,40
633,13998415485,190
634,2700711032,200
635,3591417678,231860
636,252432649,396140
637,26988989205,750
638,53067740046,1080
639,4101675363,160
640,30827214048,16850
641,105095572145,9140
642,1049261498,313400
643,107356367,500000
644,35484487501,2560
645,31957226762,680
646,107356367,500000
647,8890640708,50
648,83018462314,2800
649,3333468912,184840
650,376684982,495820
651,1460081663,10
652,2680666674,100
653,1410951772,60
654,290842233155,1310
655,13805813254,350
656,41921819600,16420
657,11168928718,320
658,8160380638,800
659,33336156346,380
660,49177343723,8700
661,1460081663,10
662,67717573064,14340
663,5325216397,240
664,94522636237,670
665,1460081663,10
666,642463108,20
667,92104116759,39090
668,11168928718,320
669,62230305739,450
670,170254487513,910
671,1410951772,60
672,13393178095,135290
673,107356367,500000
674,5325216397,240
675,78393088242,3200
676,28481466122,420
677,46266450120,880
678,69037376985,2060
679,3248511615,70
680,2700711032,200
681,240968175243,13520
682,3155297787,30
683,5325216397,240
684,82189529449,16860
685,642463108,20
686,334360076199,9980
687,49736015129,1440
688,1410951772,60
689,2680666674,100
690,11999169782,360
691,384398669791,15870
692,29179337851,6400
693,122758736466,1060
694,16628626764,130
695,642463108,20
696,2680666674,100
697,81513870704,1260
698,13503009596,170
699,4101675363,160
700,317879638132,17120
701,8771610191,140
702,12501136590,260
703,357043046954,28240
704,3155297787,30
705,107356367,500000
706,2680666674,100
707,40642282735,370
708,3498963678,400
709,26878024615,960
710,1989408758,40
711,48728730693,101910
712,44964107008,330
713,36400328167,105800
714,156138698209,3360
715,193491298968,1580
716,7632138894,150
717,15230320883,500
718,642463108,20
719,1460081663,10
720,3498963678,400
721,62230305739,450
722,1460081663,10
723,1460081663,10
724,2680666674,100
725,8160380638,800
726,2129728871,80
727,2700711032,200
728,26878024615,960
729,25118415259,720
730,2680666674,100
731,642463108,20
732,128299740136,7960
733,3155297787,30
734,11168928718,320
735,37159752956,1500
736,9405702726,90
737,1989408758,40
738,2680666674,100
739,8771610191,140
740,2131112755,120
741,2338667558,250820
742,5325216397,240
743,2680666674,100
744,2129728871,80
745,30526647185,6940
746,69335711435,2220
747,8890640708,50
748,1410951772,60
749,27874789577,8150
750,642463108,20
751,108167728020,71300
752,50977340686,620
753,12326907870,139380
754,2129728871,80
755,4750466533,180
756,98675456188,2020
757,10929378056,133890
758,104554120890,14300
759,19618372147,640
760,8771610191,140
761,33652981256,73400
762,2700711032,200
763,11875557595,163920
764,89504378304,630
765,25941016146,340
766,7632138894,150
767,3155297787,30
768,19618372147,640
769,3894684237,192000
770,10125666868,220
771,2700711032,200
772,5325216397,240
773,89884823647,2480
774,2129728871,80
775,134322118527,6040
776,55162147963,12040
777,41633656026,290
778,2129728871,80
779,642463108,20
780,46266450120,880
781,10093778100,110
782,11999169782,360
783,1410951772,60
784,434278052,345950
785,37675978129,8880
786,8771610191,140
787,28423629096,700
788,54765665696,10120
789,259565768262,40230
790,1410951772,60
791,8890640708,50
792,642463108,20
793,5325216397,240
794,17231374945,560
795,236331466937,3020
796,34463873995,114250
797,3155297787,30
798,7389868499,1000
799,209934235089,2350
800,642463108,20
801,1410951772,60
802,13175843055,480
803,96397107272,1460
804,28481466122,420
805,3498963678,400
806,1410951772,60
807,35082637617,1040
808,720486093021,3300
809,10093778100,110
810,31957226762,680
811,642463108,20
812,22412000627,79020
813,11168928718,320
814,36612710488,110600
815,193893387232,51780
816,248671121919,19830
817,272949798044,30350
818,642463108,20
819,1989408758,40
820,1410951772,60
821,1242904737,318570
822,11168928718,320
823,41322300579,41680
824,2666265891,246700
825,107356367,500000
826,186256602039,8680
827,18405098557,1200
828,152462765409,17770
829,25941016146,340
830,2131112755,120
831,107356367,500000
832,5004700354,300
833,255531304207,15570
834,107356367,500000
835,154990333876,4380
836,91253084478,10440
837,2129728871,80
838,105146302361,26300
839,642463108,20
840,19618372147,640
841,25715559667,440
842,5325216397,240
843,642463108,20
844,99250112107,1940
845,185468143475,3700
846,1989408758,40
847,42635005721,1920
848,2700711032,200
849,10125666868,220
850,10125666868,220
851,501174089865,3890
852,5325216397,240
853,890837225,389310
854,1410951772,60
855,1989408758,40
856,642463108,20
857,642463108,20
858,3248511615,70
859,24296273346,144070
860,10125666868,220
861,26878024615,960
862,1410951772,60
863,33336156346,380
864,2700711032,200
865,12501136590,260
866,8771610191,140
867,191772999341,11750
868,28481030422,520
869,109278493537,7180
870,126101337696,2700
871,29768191790,19200
872,35484487501,2560
873,59326627443,1760
874,294751080091,3960
875,81513870704,1260
876,3248511615,70
877,32392093595,4900
878,25941016146,340
879,2508404418,223040
880,12501136590,260
881,107356367,500000
882,642463108,20
883,50977340686,620
884,114461131575,21200
885,392919528559,4530
886,117521242923,3920
887,31957226762,680
888,1460081663,10
889,1989408758,40
890,17231374945,560
891,146616877072,1670
892,3155297787,30
893,13175843055,480
894,1410951772,60
895,322144556635,27750
896,2129728871,80
897,107356367,500000
898,13805813254,350
899,1410951772,60
900,1008297041137,4150
901,137548906446,6720
902,3498963678,400
903,107356367,500000
904,309560433031,21050
905,107356367,500000
906,63551217216,1160
907,50595288503,72770
908,75708503239,1960
909,13998415485,190
910,208472906831,25330
911,1460081663,10
912,12665382267,4920
913,25118415259,720
914,1460081663,10
915,94522636237,670
916,40058785915,1100
917,198387141671,5530
918,37445101835,9600
919,4101675363,160
920,1410951772,60
921,129936548133,1700
922,11999169782,360
923,40058785915,1100
924,8771610191,140
925,642463108,20
926,71755428944,26750
927,18405098557,1200
928,12501136590,260
929,79821372396,1350
930,82343551297,5950
931,13175843055,480
932,35082637617,1040
933,13503009596,170
934,111177962277,1540
935,642463108,20
936,7632138894,150
937,8771610191,140
938,31672662363,840
939,49875810790,1680
940,120397689630,2160
941,5004700354,300
942,642463108,20
943,107356367,500000
944,184059609830,9150
945,2700711032,200
946,2129728871,80
947,1460081663,10
948,18717417554,7040
949,2700711032,200
950,1410951772,60
951,8160380638,800
952,35484487501,2560
953,18962906803,2000
954,335082250712,4700
955,642463108,20
956,27818723522,1280
957,642463108,20
958,11999169782,360
959,5004700354,300
960,124375194560,1180
961,8771610191,140
962,82971013378,19420
963,7389868499,1000
964,2131112755,120
965,13805813254,350
966,418217050481,11670
967,2129728871,80
968,2700711032,200
969,283013874994,13800
970,13805813254,350
971,40183417397,5840
972,2700711032,200
973,209404312573,9020
974,642463108,20
975,89884823647,2480
976,36719113154,16670
977,161082269082,1980
978,59326627443,1760
979,2680666674,100
980,2131112755,120
981,9918738584,151070
982,107356367,500000
983,3155297787,30
984,1989408758,40
985,46663626192,10960
986,107356367,500000
987,8771610191,140
988,2680666674,100
989,137522884224,2080
990,642463108,20
991,98123032171,15180
992,107356367,500000
993,7389868499,1000
994,10093778100,110
995,642463108,20
996,1267920306,352160
997,1410951772,60
998,233784239588,28430
999,107356367,500000
1000,35484487501,2560
1001,1989408758,40
1002,4101675363,160
1003,2680666674,100
1004,96397107272,1460
1005,373044508019,3750
1006,49736015129,1440
1007,203578942322,3380
1008,30567251497,920
1009,10125666868,220
1010,8771610191,140
1011,1444319439,323450
1012,5004700354,300
1013,28481466122,420
1014,145008101845,3320
1015,41633656026,290
1016,642463108,20
1017,200437080340,14040
1018,9128426838,600
1019,2129728871,80
1020,48173707138,7520
1021,2680666674,100
1022,49721752695,50930
1023,25223263621,15060
1024,25118415259,720
1025,18405098557,1200
1026,334266589188,1570
1027,1410951772,60
1028,2131112755,120
1029,28481030422,520
1030,1989408758,40
1031,4101675363,160
1032,2129728871,80
1033,27310762814,127610
1034,5004700354,300
1035,37159752956,1500
1036,17443241049,110380
1037,642463108,20
1038,1410951772,60
1039,1989408758,40
1040,945454420,273730
1041,150705938391,1630
1042,5325216397,240
1043,16628626764,130
1044,3498963678,400
1045,186478669059,4280
1046,22841573218,1800
1047,1989408758,40
1048,1460081663,10
1049,18405098557,1200
1050,101708932252,980
1051,25223263621,15060
1052,3248511615,70
1053,681952331607,3570
1054,25118415259,720
1055,1690833171327,3190
1056,66676200660,79660
1057,1460081663,10
1058,2131112755,120
1059,65849979103,10370
1060,721809445428,3690
1061,79596760205,35850
1062,26878024615,960
1063,2700711032,200
1064,21695934599,6480
1065,357833618667,4100
1066,25715559667,440
1067,186676223273,27210
1068,4101675363,160
1069,35082637617,1040
1070,200043033315,4540
1071,17231374945,560
1072,5004700354,300
1073,3155297787,30
1074,2700711032,200
1075,5945655147,171020
1076,97509121996,7240
1077,3155297787,30
1078,8771610191,140
1079,2129728871,80
1080,4101675363,160
1081,300315372,398440
1082,8771610191,140
1083,17461846483,210
1084,22841573218,1800
1085,1535346628,208260
1086,833090966,433050
1087,3155297787,30
1088,2680666674,100
1089,642463108,20
1090,107356367,500000
1091,1989408758,40
1092,2700711032,200
1093,2129728871,80
1094,1460081663,10
1095,25715559667,440
1096,107356367,500000
1097,8890640708,50
1098,173349614530,4020
1099,2129728871,80
1100,13998415485,190
1101,1410951772,60
1102,76003942536,1860
1103,11260904014,164500
1104,225450325940,3830
1105,11685752060,280
1106,5325216397,240
1107,107356367,500000
1108,153827495750,2250
1109,107356367,500000
1110,2680666674,100
1111,106514864326,490
1112,1460081663,10
1113,224387748893,4560
1114,291550928032,3260
1115,13998415485,190
1116,107356367,500000
1117,1460081663,10
1118,109999233238,650
1119,93133032635,64000
1120,642463108,20
1121,78393088242,3200
1122,2131112755,120
1123,107356367,500000
1124,1460081663,10
1125,746307859914,3650
1126,63551217216,1160
1127,93461006223,11820
1128,25801847636,580
1129,642463108,20
1130,161196732466,15520
1131,451911498604,2490
1132,3498963678,400
1133,13175843055,480
1134,10125666868,220
1135,53067740046,1080
1136,15230320883,500
1137,3248511615,70
1138,642463108,20
1139,5325216397,240
1140,1989408758,40
1141,261119521201,2820
1142,272045084649,29990
1143,39547755853,90440
1144,1410951772,60
1145,642463108,20
1146,188271688429,3940
1147,50020304629,460
1148,285189992413,3270
1149,1410951772,60
1150,642463108,20
1151,107356367,500000
1152,2700711032,200
1153,28481466122,420
1154,107356367,500000
1155,156138698209,3360
1156,69037376985,2060
1157,9405702726,90
1158,8771610191,140
1159,25941016146,340
1160,1410951772,60
1161,8771610191,140
1162,1460081663,10
1163,1410951772,60
1164,2131112755,120
1165,642463108,20
1166,27619497645,410
1167,3248511615,70
1168,2131112755,120
1169,107356367,500000
1170,2700711032,200
1171,23717057018,270
1172,154187647593,3560
1173,2129728871,80
1174,5325216397,240
1175,16663604145,250
1176,2700711032,200
1177,2131112755,120
1178,31957226762,680
1179,1437356619396,4760
1180,76003942536,1860
1181,3248511615,70
1182,1989408758,40
1183,217010712174,3520
1184,642463108,20
1185,59192250382,310
1186,642463108,20
1187,241798423648,810
1188,11608342682,132770
1189,15230320883,500
1190,76003942536,1860
1191,87282774306,30380
1192,28423629096,700
1193,107356367,500000
1194,39237349975,1120
1195,75566779630,4800
1196,642463108,20
1197,3248511615,70
1198,2866832334727,4190
1199,50289662356,10180
1200,50020304629,460
1201,12998938150,6100
1202,1989408758,40
1203,1410951772,60
1204,642463108,20
1205,107356367,500000
1206,15149273275,230
1207,49181019185,430
1208,665392356,390570
1209,5004700354,300
1210,642463108,20
1211,661131109,278140
1212,107356367,500000
1213,47581210552,6220
1214,642463108,20
1215,2131112755,120
1216,3155297787,30
1217,1989408758,40
1218,21998144274,139990
1219,642463108,20
1220,45037630446,29640
1221,2131112755,120
1222,642463108,20
1223,1319010315,232360
1224,2273151709,190260
1225,13503009596,170
1226,7389868499,1000
1227,2680666674,100
1228,642463108,20
1229,107356367,500000
1230,181030900496,8670
1231,48919355344,6880
1232,642463108,20
1233,2700711032,200
1234,107356367,500000
1235,1989408758,40
1236,12501136590,260
1237,8160380638,800
1238,16663604145,250
1239,19618372147,640
1240,166627165515,14780
1241,27818723522,1280
1242,343994138283,4340
1243,1989408758,40
1244,42635005721,1920
1245,28423629096,700
1246,363643926192,11390
1247,49736015129,1440
1248,2680666674,100
1249,93566041452,17680
1250,1460081663,10
1251,26148963904,1240
1252,170802375235,12650
1253,154605920387,1720
1254,7632138894,150
1255,52603264488,3600
1256,11168928718,320
1257,3498963678,400
1258,82658042365,830
1259,4101675363,160
1260,760874198655,1130
1261,173931198010,1510
1262,210576129005,2840
1263,642463108,20
1264,8890640708,50
1265,642463108,20
1266,642463108,20
1267,1410951772,60
1268,2700711032,200
1269,8890640708,50
1270,2700711032,200
1271,107356367,500000
1272,18536928071,1600
1273,1460081663,10
1274,1410951772,60
1275,107356367,500000
1276,33336156346,380
1277,5004700354,300
1278,11685752060,280
1279,2700711032,200
1280,11227801484,4960
1281,38907977116,2400
1282,2700711032,200
1283,2700711032,200
1284,28481030422,520
1285,18405098557,1200
1286,473390088664,3330
1287,69062235443,3040
1288,5325216397,240
1289,7632138894,150
1290,263306795635,2550
1291,13998415485,190
1292,268042675436,32180
1293,642463108,20
1294,642463108,20
1295,107356367,500000
1296,73169373677,1620
1297,192570220428,46720
1298,3498963678,400
1299,126147942816,990
1300,642463108,20
1301,56757000936,860
1302,15230320883,500
1303,1410951772,60
1304,3248511615,70
1305,2131112755,120
1306,1410951772,60
1307,225450325940,3830
1308,165760151198,1340
1309,70125742858,550
1310,181839283341,52550
1311,1410951772,60
1312,1460081663,10
1313,2131112755,120
1314,642463108,20
1315,330684439463,3760
1316,47665070292,17940
1317,9128426838,600
1318,26988989205,750
1319,7632138894,150
1320,2129728871,80
1321,1460081663,10
1322,1460081663,10
1323,2700711032,200
1324,642463108,20
1325,642463108,20
1326,69514252417,59240
1327,51461786699,103000
1328,27466659792,780
1329,4101675363,160
1330,22947144105,540
1331,642463108,20
1332,5325216397,240
1333,527213783046,2410
1334,2680666674,100
1335,2680666674,100
1336,107356367,500000
1337,28772683235,6780
1338,150376618518,1880
1339,1371909477,261020
1340,165169020477,2960
1341,11168928718,320
1342,2700711032,200
1343,3248511615,70
1344,170254487513,910
1345,9128426838,600
1346,87101909929,67270
1347,188736604890,4500
1348,2131112755,120
1349,2680666674,100
1350,56857114258,71800
1351,107356367,500000
1352,94015020155,17240
1353,4101675363,160
1354,1410951772,60
1355,263219425932,20140
1356,11999169782,360
1357,2700711032,200
1358,3248511615,70
1359,3498963678,400
1360,642463108,20
1361,1989408758,40
1362,46266450120,880
1363,2131112755,120
1364,460241450790,1870
1365,642463108,20
1366,40050120614,6200
1367,13503009596,170
1368,1989408758,40
1369,1989408758,40
1370,1989408758,40
1371,1460081663,10
1372,1410951772,60
1373,7632138894,150
1374,2680666674,100
1375,2700711032,200
1376,5004700354,300
1377,173931198010,1510
1378,1410951772,60
1379,42635005721,1920
1380,5004700354,300
1381,11999169782,360
1382,4750466533,180
1383,8890640708,50
1384,400396776492,9700
1385,1460081663,10
1386,1460081663,10
1387,1410951772,60
1388,3248511615,70
1389,13805813254,350
1390,16663604145,250
1391,2680666674,100
1392,4750466533,180
1393,642463108,20
1394,31672662363,840
1395,2131112755,120
1396,107356367,500000
1397,458070207,411000
1398,13503009596,170
1399,5004700354,300
1400,3248511615,70
1401,263174987852,24760
1402,2700711032,200
1403,1989408758,40
1404,3248511615,70
1405,173931198010,1510
1406,98675456188,2020
1407,4101675363,160
1408,130029866754,2440
1409,3155297787,30
1410,92113773424,30880
1411,1410951772,60
1412,74532248886,6660
1413,40183417397,5840
1414,7632138894,150
1415,642463108,20
1416,1605868750,220550
1417,56003782975,12000
1418,35854513022,6900
1419,31957226762,680
1420,1989408758,40
1421,214603162854,23880
1422,15230320883,500
1423,15694159587,140650
1424,13175843055,480
1425,53067740046,1080
1426,2129728871,80
1427,11999169782,360
1428,98675456188,2020
1429,21011183343,5940
1430,1410951772,60
1431,642463108,20
1432,107356367,500000
1433,642463108,20
1434,9128426838,600
1435,75773982547,95810
1436,642463108,20
1437,2700711032,200
1438,138275366070,6530
1439,8890640708,50
1440,28481466122,420
1441,8890640708,50
1442,63847318425,18280
1443,42635005721,1920
1444,5004700354,300
1445,384128128643,3870
1446,3498963678,400
1447,2131112755,120
1448,1410951772,60
1449,2680666674,100
1450,3155297787,30
1451,375686625258,3630
1452,18962906803,2000
1453,6762371429,194730
1454,302479465599,2860
1455,8890640708,50
1456,2131112755,120
1457,642463108,20
1458,2129728871,80
1459,3498963678,400
1460,107356367,500000
1461,3248511615,70
1462,1410951772,60
1463,57732532632,9660
1464,107356367,500000
1465,2700711032,200
1466,3498963678,400
1467,2629880483,242300
1468,1460081663,10
1469,3248511615,70
1470,40642282735,370
1471,1488771234,243650
1472,642463108,20
1473,107356367,500000
1474,2700711032,200
1475,642463108,20
1476,126101337696,2700
1477,4101675363,160
1478,2131112755,120
1479,115469428174,2940
1480,2129728871,80
1481,126147942816,990
1482,62230305739,450
1483,7632138894,150
1484,6875115737,194780
1485,4113501710,197760
1486,642463108,20
1487,107356367,500000
1488,187338969534,42470
1489,1460081663,10
1490,74740470743,17100
1491,1038486578,356400
1492,203696818523,590
1493,3155297787,30
1494,642463108,20
1495,890874007,271880
1496,9128426838,600
1497,3498963678,400
1498,2129728871,80
1499,224708167996,6310
1500,642463108,20
1501,31377036712,900
1502,21695934599,6480
1503,2129728871,80
1504,13503009596,170
1505,245032347735,3160
1506,13226418960,108360
1507,974832891,295800
1508,24994490644,108960
1509,1410951772,60
1510,4750466533,180
1511,42635005721,1920
1512,142132732595,36250
1513,26148963904,1240
1514,98675456188,2020
1515,37159752956,1500
1516,3248511615,70
1517,37625811344,1400
1518,8771610191,140
1519,642463108,20
1520,77236156537,8100
1521,31672662363,840
1522,642463108,20
1523,3248511615,70
1524,107356367,500000
1525,190355985406,1150
1526,8160380638,800
1527,25715559667,440
1528,2131112755,120
1529,81826610387,7740
1530,107356367,500000
1531,4101675363,160
1532,1989408758,40
1533,5004700354,300
1534,141143676802,11580
1535,107356367,500000
1536,29179337851,6400
1537,19618372147,640
1538,153827495750,2250
1539,1410951772,60
1540,107356367,500000
1541,11685752060,280
1542,1460081663,10
1543,13998415485,190
1544,77236156537,8100
1545,318358665109,7590
1546,642463108,20
1547,378255485978,3970
1548,79052679945,15510
1549,104249026508,10320
1550,88670441383,8440
1551,37130883368,21120
1552,244660561532,18430
1553,17461846483,210
1554,245032347735,3160
1555,107356367,500000
1556,26878024615,960
1557,642463108,20
1558,1989408758,40
1559,107356367,500000
1560,642463108,20
1561,3155297787,30
1562,1989408758,40
1563,99250112107,1940
1564,1460081663,10
1565,2700711032,200
1566,4101675363,160
1567,1989408758,40
1568,131386845432,58510
1569,446045203,304320
1570,5325216397,240
1571,118732834863,11920
1572,5325216397,240
1573,194345861443,4160
1574,26988989205,750
1575,2680666674,100
1576,642463108,20
1577,50977340686,620
1578,32581665945,6240
1579,500431027,499700
1580,9128426838,600
1581,642463108,20
1582,130364661735,3840
1583,1460081663,10
1584,642463108,20
1585,2131112755,120
1586,320883901352,3860
1587,8890640708,50
1588,107356367,500000
1589,38062709610,760
1590,162026801081,46050
1591,11064114367,165680
1592,73169373677,1620
1593,423301590279,3150
1594,107356367,500000
1595,26988989205,750
1596,203696818523,590
1597,50977340686,620
1598,3248511615,70
1599,642463108,20
1600,2131112755,120
1601,11168928718,320
1602,26988989205,750
1603,82816160235,1640
1604,40577179818,116460
1605,82668915823,13460
1606,2700711032,200
1607,8771610191,140
1608,5004700354,300
1609,642463108,20
1610,2149910184,243850
1611,18405098557,1200
1612,1460081663,10
1613,642463108,20
1614,241620203447,3060
1615,4101675363,160
1616,7632138894,150
1617,5325216397,240
1618,20200076345,141380
1619,4750466533,180
1620,11168928718,320
1621,272630862267,32570
1622,8771610191,140
1623,5004700354,300
1624,23717057018,270
1625,107356367,500000
1626,70125742858,550
1627,2700711032,200
1628,1410951772,60
1629,23567462996,104040
1630,17339398633,5720
1631,1410951772,60
1632,7632138894,150
1633,1989408758,40
1634,7632138894,150
1635,107356367,500000
1636,13503009596,170
1637,149164164468,2180
1638,1989408758,40
1639,642463108,20
1640,6713454808,157320
1641,13175843055,480
1642,170338471106,44880
1643,1410951772,60
1644,130029866754,2440
1645,11716656232,90110
1646,642463108,20
1647,26148963904,1240
1648,69062235443,3040
1649,48702635772,22890
1650,25118415259,720
1651,3248511615,70
1652,76864215402,730
1653,642463108,20
1654,11168928718,320
1655,2680666674,100
1656,642463108,20
1657,174026483422,3240
1658,40058785915,1100
1659,35082637617,1040
1660,2129728871,80
1661,10125666868,220
1662,31957226762,680
1663,9128426838,600
1664,125657143080,21000
1665,2131112755,120
1666,3498963678,400
1667,31231102416,5780
1668,2680666674,100
1669,7389868499,1000
1670,3248511615,70
1671,9128426838,600
1672,63551217216,1160
1673,139518877538,790
1674,642463108,20
1675,28481466122,420
1676,707702067,403500
1677,12615114183,158170
1678,67457979182,54750
1679,2129728871,80
1680,319501492157,3780
1681,11999169782,360
1682,4101675363,160
1683,16663604145,250
1684,8771610191,140
1685,89504378304,630
1686,35484487501,2560
1687,1410951772,60
1688,18070015473,7760
1689,25941016146,340
1690,642463108,20
1691,101708932252,980
1692,5325216397,240
1693,2680666674,100
1694,207251540017,35900
1695,180905470906,7700
1696,1460081663,10
1697,59326627443,1760
1698,1460081663,10
1699,16404063520,5400
1700,202688283700,22220
1701,295142807613,32300
1702,28481466122,420
1703,2129728871,80
1704,42945444408,7880
1705,642463108,20
1706,41974677196,63980
1707,1460081663,10
1708,1989408758,40
1709,150586531437,1840
1710,27619497645,410
1711,1989408758,40
1712,3428759701,169870
1713,1460081663,10
1714,38907977116,2400
1715,15149273275,230
1716,2131112755,120
1717,11685752060,280
1718,7389868499,1000
1719,19618372147,640
1720,4750466533,180
1721,22841573218,1800
1722,160012209211,7560
1723,18962906803,2000
1724,3248511615,70
1725,3155297787,30
1726,15230320883,500
1727,56757000936,860
1728,67774165811,770
1729,40058785915,1100
1730,139199060932,15420
1731,73169373677,1620
1732,9128426838,600
1733,2700711032,200
1734,642463108,20
1735,2680666674,100
1736,8890640708,50
1737,26988989205,750
1738,3155297787,30
1739,50258614469,7800
1740,2700711032,200
1741,1410951772,60
1742,642463108,20
1743,642463108,20
1744,163533763168,50480
1745,642463108,20
1746,11168928718,320
1747,1410951772,60
1748,12501136590,260
1749,1460081663,10
1750,77800241054,6280
1751,76389082717,390
1752,12501136590,260
1753,1989408758,40
1754,3155297787,30
1755,31377036712,900
1756,474785553642,890
1757,114347350752,44760
1758,10081202521,149240
1759,2131112755,120
1760,107356367,500000
1761,56757000936,860
1762,38941691457,1520
1763,3155297787,30
1764,3155297787,30
1765,86837164025,64370
1766,82522879634,61490
1767,47727873071,3000
1768,2131112755,120
1769,4101675363,160
1770,163308059697,4400
1771,39237349975,1120
1772,219909588200,3980
1773,2129728871,80
1774,2129728871,80
1775,2131112755,120
1776,107356367,500000
1777,70125742858,550
1778,2700711032,200
1779,642463108,20
1780,642463108,20
1781,9128426838,600
1782,642463108,20
1783,1158377404,298470
1784,8160380638,800
1785,129079268164,8690
1786,4750466533,180
1787,11168928718,320
1788,2700711032,200
1789,107356367,500000
1790,239610671466,20800
1791,762716367446,2650
1792,1410951772,60
1793,136815065774,610
1794,5004700354,300
1795,51507158410,29060
1796,150705938391,1630
1797,174026483422,3240
1798,88254749232,7460
1799,9405702726,90
1800,642463108,20
1801,13805813254,350
1802,2680666674,100
1803,38062709610,760
1804,3248511615,70
1805,5004700354,300
1806,15230320883,500
1807,50289662356,10180
1808,3155297787,30
1809,8771610191,140
1810,21174806400,83070
1811,41633656026,290
1812,26148963904,1240
1813,184581311080,850
1814,107356367,500000
1815,37159752956,1500
1816,319843335044,1770
1817,8890640708,50
1818,319843335044,1770
1819,2131112755,120
1820,22951236770,133490
1821,46879250683,4860
1822,2129728871,80
1823,25715559667,440
1824,2700711032,200
1825,573518144,309540
1826,1410951772,60
1827,1989408758,40
1828,3498963678,400
1829,274808506649,8450
1830,28423629096,700
1831,285189992413,3270
1832,22947144105,540
1833,642463108,20
1834,19618372147,640
1835,39237349975,1120
1836,8160380638,800
1837,3248511615,70
1838,642463108,20
1839,2680666674,100
1840,2680666674,100
1841,48446638081,2600
1842,1410951772,60
1843,107356367,500000
1844,9128426838,600
1845,70574985524,34370
1846,74592744096,67440
1847,27818723522,1280
1848,642463108,20
1849,2129728871,80
1850,107352834553,7710
1851,2131112755,120
1852,50977340686,620
1853,282879636968,27970
1854,642463108,20
1855,37577976852,107090
1856,642463108,20
1857,1410951772,60
1858,15149273275,230
1859,1460081663,10
1860,1989408758,40
1861,58588804933,5980
1862,115469428174,2940
1863,10125666868,220
1864,1410951772,60
1865,181399082968,10380
1866,7500432447,201790
1867,1460081663,10
1868,10093778100,110
1869,375686625258,3630
1870,28481466122,420
1871,1989408758,40
1872,1460081663,10
1873,2680666674,100
1874,25715559667,440
1875,90996919484,75950
1876,62230305739,450
1877,1460081663,10
1878,277537177695,4600
1879,3498963678,400
1880,81881474809,12350
1881,18717417554,7040
1882,83130397074,2280
1883,39237349975,1120
1884,1460081663,10
1885,1460081663,10
1886,83532074855,1300
1887,13805813254,350
1888,1989408758,40
1889,75708503239,1960
1890,8160380638,800
1891,7632138894,150
1892,214745433895,21360
1893,59348553938,41820
1894,228945699669,42350
1895,11168928718,320
1896,642463108,20
1897,7389868499,1000
1898,58619846128,75080
1899,2129728871,80
1900,3155297787,30
1901,4750466533,180
1902,11168928718,320
1903,642463108,20
1904,107356367,500000
1905,2131112755,120
1906,8771610191,140
1907,27466659792,780
1908,1410951772,60
1909,150586531437,1840
1910,5004700354,300
1911,8415434864,165880
1912,568955300168,1710
1913,87530131369,80030
1914,642463108,20
1915,107356367,500000
1916,201343698157,7990
1917,1460081663,10
1918,122120692610,2500
1919,870179918,224420
1920,46266450120,880
1921,2129728871,80
1922,642463108,20
1923,163308059697,4400
1924,42635005721,1920
1925,5004700354,300
1926,1176280206,323920
1927,241620203447,3060
1928,273341572822,2920
1929,53637805687,820
1930,13503009596,170
1931,1410951772,60
1932,13175843055,480
1933,642463108,20
1934,46266450120,880
1935,27466659792,780
1936,107356367,500000
1937,378686257654,2690
1938,11168928718,320
1939,8729285365,154900
1940,5325216397,240
1941,4101675363,160
1942,117521242923,3920
1943,1460081663,10
1944,2680666674,100
1945,5862476214,211400
1946,49875810790,1680
1947,209543754523,7630
1948,2700711032,200
1949,182546953784,2680
1950,107356367,500000
1951,19618372147,640
1952,73982644364,12740
1953,2131112755,120
1954,9405702726,90
1955,16628626764,130
1956,25941016146,340
1957,3248511615,70
1958,2129728871,80
1959,107356367,500000
1960,28481030422,520
1961,1460081663,10
1962,266086805170,38960
1963,1989408758,40
1964,262226599934,26850
1965,38062709610,760
1966,40050120614,6200
1967,30567251497,920
1968,92528644535,83480
1969,4101675363,160
1970,642463108,20
1971,2129728871,80
1972,642463108,20
1973,127553685404,11000
1974,1410951772,60
1975,107356367,500000
1976,53067740046,1080
1977,642463108,20
1978,15149273275,230
1979,57189421428,7770
1980,188736604890,4500
1981,2700711032,200
1982,3248511615,70
1983,642463108,20
1984,70170852619,2320
1985,53055566507,9410
1986,11685752060,280
1987,53637805687,820
1988,137532812846,1740
1989,107356367,500000
1990,642463108,20
1991,150586531437,1840
1992,1410951772,60
1993,858913786,450970
1994,83018462314,2800
1995,107356367,500000
1996,5325216397,240
1997,345274539467,1470
1998,107356367,500000
1999,62947979548,50680
2000,642463108,20
2001,35082637617,1040
2002,229401599349,3120
2003,135519677301,14010
2004,2700711032,200
2005,13175843055,480
2006,38062709610,760
2007,173624879862,22630
2008,1460081663,10
2009,3248511615,70
2010,10125666868,220
2011,642463108,20
2012,107356367,500000
2013,26988989205,750
2014,76389082717,390
2015,141295678608,1170
2016,15149273275,230
2017,642463108,20
2018,1410951772,60
2019,4101675363,160
2020,182397442482,10240
2021,302479465599,2860
2022,28481466122,420
2023,4101675363,160
2024,1460081663,10
2025,5004700354,300
2026,63012407342,5040
2027,165760151198,1340
2028,7389868499,1000
2029,104757786196,16640
2030,595275746,283180
2031,43368189692,7480
2032,1989408758,40
2033,3155297787,30
2034,1410951772,60
2035,4101675363,160
2036,2129728871,80
2037,26988989205,750
2038,107356367,500000
2039,102358998374,9640
2040,9128426838,600
2041,11168928718,320
2042,266453082170,22500
2043,257117210699,9650
2044,3155297787,30
2045,69335711435,2220
2046,113146677197,4000
2047,239830443000,15540
2048,2680666674,100
2049,8771610191,140
2050,2131112755,120
2051,1410951772,60
2052,642463108,20
2053,120397689630,2160
2054,642463108,20
2055,107356367,500000
2056,115469428174,2940
2057,300173495669,4120
2058,5325216397,240
2059,1410951772,60
2060,123653036614,8780
2061,81513870704,1260
2062,1056133885,368120
2063,2680666674,100
2064,46164985971,15480
2065,2550146289,235330
2066,1989408758,40
2067,2680666674,100
2068,31231102416,5780
2069,306898201342,18290
2070,160687928966,4320
2071,583496972292,4070
2072,56003782975,12000
2073,1460081663,10
2074,15615800526,79780
2075,2129728871,80
2076,1989408758,40
2077,78309792100,11560
2078,15149273275,230
2079,22841573218,1800
2080,8160380638,800
2081,27466659792,780
2082,566179046010,4440
2083,13175843055,480
2084,107356367,500000
2085,2131112755,120
2086,2700711032,200
2087,776744079733,4040
2088,642463108,20
2089,11168928718,320
2090,28423629096,700
2091,334965242926,20500
2092,642463108,20
2093,141409021001,30700
2094,9128426838,600
2095,26988989205,750
2096,2680666674,100
2097,1801474025,251410
2098,11168928718,320
2099,185731544962,7970
2100,1410951772,60
2101,64775426694,15630
2102,5325216397,240
2103,46266450120,880
2104,4799276336,182180
2105,2129728871,80
2106,335522158227,2010
2107,26148963904,1240
2108,3248511615,70
2109,5004700354,300
2110,62116165559,36000
2111,7389868499,1000
2112,1460081663,10
2113,143152688025,48310
2114,19618372147,640
2115,2129728871,80
2116,22947144105,540
2117,53637805687,820
2118,169601958156,3740
2119,43755029929,76030
2120,1460081663,10
2121,7389868499,1000
2122,8771610191,140
2123,2131112755,120
2124,62230305739,450
2125,205598359712,2300
2126,977889662,474700
2127,1410951772,60
2128,169601958156,3740
2129,642463108,20
2130,75566779630,4800
2131,1989408758,40
2132,8771610191,140
2133,13175843055,480
2134,11999169782,360
2135,9128426838,600
2136,31957226762,680
2137,28481466122,420
2138,203696818523,590
2139,137532812846,1740
2140,111177962277,1540
2141,79393439122,5200
2142,131475626774,45600
2143,894932332,277970
2144,642463108,20
2145,11685752060,280
2146,1460081663,10
2147,107356367,500000
2148,2680666674,100
2149,25715559667,440
2150,7389868499,1000
2151,2680666674,100
2152,642463108,20
2153,774478252,335900
2154,1989408758,40
2155,22947144105,540
2156,1974519090,226670
2157,84317366471,15440
2158,1410951772,60
2159,460241450790,1870
2160,12501136590,260
2161,71771702721,7500
2162,107356367,500000
2163,83130397074,2280
2164,107356367,500000
2165,75566779630,4800
2166,9405702726,90
2167,15230320883,500
2168,3248511615,70
2169,5004700354,300
2170,9405702726,90
2171,13175843055,480
2172,894033534,463470
2173,13421214031,5520
2174,1410951772,60
2175,8771610191,140
2176,13998415485,190
2177,1460081663,10
2178,2129728871,80
2179,653548203,409140
2180,989376630,256520
2181,50843730709,8640
2182,40058785915,1100
2183,288001819702,4520
2184,8863701707,181910
2185,25814267033,133810
2186,1254433792218,4550
2187,137532812846,1740
2188,2700711032,200
2189,23717057018,270
2190,642463108,20
2191,642463108,20
2192,2680666674,100
2193,7389868499,1000
2194,4101675363,160
2195,1460081663,10
2196,13175843055,480
2197,642463108,20
2198,945426415,219750
2199,5325216397,240
2200,2131112755,120
2201,143626488712,51160
2202,3248511615,70
2203,112445850284,67160
2204,28437980274,91000
2205,37675978129,8880
2206,153827495750,2250
2207,2700711032,200
2208,107356367,500000
2209,120872139553,6640
2210,642463108,20
2211,23504449540,5090
2212,3009827637,211940
2213,2680666674,100
2214,3248511615,70
2215,107356367,500000
2216,127116764203,61100
2217,1410951772,60
2218,18405098557,1200
2219,5004700354,300
2220,10093778100,110
2221,642463108,20
2222,9405702726,90
2223,1410951772,60
2224,642463108,20
2225,1460081663,10
2226,151135980060,19500
2227,13998415485,190
2228,1460081663,10
2229,23900641824,107970
2230,1410951772,60
2231,28481030422,520
2232,5004700354,300
2233,320883901352,3860
2234,111258118998,1780
2235,10125666868,220
2236,9128426838,600
2237,642463108,20
2238,280057160555,1230
2239,196284049650,1820
2240,93566041452,17680
2241,7389868499,1000
2242,2129728871,80
2243,22947144105,540
2244,1460081663,10
2245,1989408758,40
2246,44964107008,330
2247,2700711032,200
2248,2700711032,200
2249,181030900496,8670
2250,1460081663,10
2251,15230320883,500
2252,2680666674,100
2253,2129728871,80
2254,9405702726,90
2255,4101675363,160
2256,38577124578,49440
2257,17231374945,560
2258,150586531437,1840
2259,12501136590,260
2260,15149273275,230
2261,99250112107,1940
2262,1410951772,60
2263,25715559667,440
2264,184852930671,12880
2265,22841573218,1800
2266,3155297787,30
2267,69062235443,3040
2268,5325216397,240
2269,1989408758,40
2270,174026483422,3240
2271,3248511615,70
2272,3248511615,70
2273,1989408758,40
2274,63551217216,1160
2275,42635005721,1920
2276,109763957467,32470
2277,8771610191,140
2278,642463108,20
2279,8890640708,50
2280,280094591799,36080
2281,1372360025,280210
2282,10125666868,220
2283,31859868490,10260
2284,66577102956,5590
2285,8160380638,800
2286,2131112755,120
2287,160687928966,4320
2288,71720042109,1220
2289,107356367,500000
2290,120280732504,8850
2291,8890640708,50
2292,2131112755,120
2293,1989408758,40
2294,11999169782,360
2295,3155297787,30
2296,35484487501,2560
2297,1989408758,40
2298,2680666674,100
2299,107356367,500000
2300,5004700354,300
2301,296095422584,22970
2302,396937075678,11320
2303,225410131717,46980
2304,642463108,20
2305,7632138894,150
2306,3155297787,30
2307,38062709610,760
2308,642463108,20
2309,2680666674,100
2310,288441123367,35980
2311,274056085324,11200
2312,4101675363,160
2313,10093778100,110
2314,18962906803,2000
2315,2129728871,80
2316,127743891919,21300
2317,107356367,500000
2318,79185209118,12820
2319,1989408758,40
2320,1460081663,10
2321,8890640708,50
2322,122971945463,470
2323,2129728871,80
2324,107356367,500000
2325,1989408758,40
2326,155043166460,2620
2327,83018462314,2800
2328,126147942816,990
2329,215797578189,3620
2330,3155297787,30
2331,642463108,20
2332,107356367,500000
2333,11999169782,360
2334,1989408758,40
2335,220225676402,3400
2336,29491905716,660
2337,780241681,428680
2338,107356367,500000
2339,35082637617,1040
2340,3155297787,30
2341,22947144105,540
2342,30567251497,920
2343,642463108,20
2344,642463108,20
2345,2680666674,100
2346,11685752060,280
2347,39006918971,98480
2348,8160380638,800
2349,82292142416,12920
2350,2700711032,200
2351,2680666674,100
2352,1005071089,364990
2353,642463108,20
2354,1160617601,276680
2355,83130397074,2280
2356,139826258307,12090
2357,1410951772,60
2358,642463108,20
2359,1460081663,10
2360,3155297787,30
2361,39237349975,1120
2362,13175843055,480
2363,153125796783,1550
2364,342570609445,17760
2365,44215886599,108420
2366,7632138894,150
2367,3155297787,30
2368,3155297787,30
2369,5004700354,300
2370,170254487513,910
2371,1460081663,10
2372,71837015266,8240
2373,8160380638,800
2374,2129728871,80
2375,16663604145,250
2376,284734380001,18180
2377,13503009596,170
2378,2129728871,80
2379,53067740046,1080
2380,150376618518,1880
2381,5004700354,300
2382,1989408758,40
2383,9405702726,90
2384,48919680559,16560
2385,32902663700,1020
2386,107356367,500000
2387,1989408758,40
2388,138265948286,5070
2389,10059841817,162310
2390,642463108,20
2391,2700711032,200
2392,942012901,328460
2393,2131112755,120
2394,2131112755,120
2395,3498963678,400
2396,1322331826,334540
2397,3248511615,70
2398,130152141993,13440
2399,148963651289,1660
2400,2680666674,100
2401,2700711032,200
2402,82816160235,1640
2403,1460081663,10
2404,114433548595,5790
2405,13175843055,480
2406,2700711032,200
2407,9405702726,90
2408,3498963678,400
2409,1410951772,60
2410,642463108,20
2411,41438005257,7220
2412,107356367,500000
2413,5325216397,240
2414,621930114941,3430
2415,18536928071,1600
2416,2700711032,200
2417,48919355344,6880
2418,107356367,500000
2419,7389868499,1000
2420,38941691457,1520
2421,13998415485,190
2422,2131112755,120
2423,11999169782,360
2424,642463108,20
2425,3155297787,30
2426,153690887287,2880
2427,26148963904,1240
2428,89504378304,630
2429,16628626764,130
2430,2129728871,80
2431,5325216397,240
2432,1989408758,40
2433,28423629096,700
2434,3248511615,70
2435,40642282735,370
2436,82658042365,830
2437,130029866754,2440
2438,4750466533,180
2439,107356367,500000
2440,1410951772,60
2441,79393439122,5200
2442,15230320883,500
2443,2131112755,120
2444,40642282735,370
2445,8890640708,50
2446,11617382549,6000
2447,63056612238,9880
2448,5325216397,240
2449,642463108,20
2450,1989408758,40
2451,18962906803,2000
2452,15665291807,5600
2453,1460081663,10
2454,642463108,20
2455,1460081663,10
2456,540025635171,2830
2457,4101675363,160
2458,18405098557,1200
2459,10096239085,181130
2460,10093778100,110
2461,25715559667,440
2462,15230320883,500
2463,1989408758,40
2464,1989408758,40
2465,5004700354,300
2466,5004700354,300
2467,1989408758,40
2468,95126470552,8550
2469,145008101845,3320
2470,27466659792,780
2471,642463108,20
2472,1460081663,10
2473,50020304629,460
2474,2700711032,200
2475,2131112755,120
2476,642463108,20
2477,8890640708,50
2478,25715559667,440
2479,1410951772,60
2480,13805813254,350
2481,224387748893,4560
2482,2700711032,200
2483,1989408758,40
2484,28481466122,420
2485,2129728871,80
2486,1410951772,60
2487,3498963678,400
2488,642463108,20
2489,1460081663,10
2490,3498963678,400
2491,72956501380,14480
2492,48919355344,6880
2493,98675456188,2020
2494,49875810790,1680
2495,54096325140,2100
2496,642463108,20
2497,642463108,20
2498,330215735273,9460
2499,2680666674,100
2500,4101675363,160
2501,642463108,20
2502,2072172000,247900
2503,30567251497,920
2504,101013124063,44100
2505,642463108,20
2506,642463108,20
2507,7632138894,150
2508,112817682240,13130
2509,34395141803,121200
2510,52603264488,3600
2511,40271490674,4840
2512,1989408758,40
2513,1460081663,10
2514,107356367,500000
2515,28423629096,700
2516,1989408758,40
2517,2680666674,100
2518,41638879504,7470
2519,2060226551,240690
2520,107356367,500000
2521,8771610191,140
2522,2680666674,100
2523,3248511615,70
2524,7389868499,1000
2525,8771610191,140
2526,448533878185,4460
2527,5004700354,300
2528,5325216397,240
2529,3248511615,70
2530,137522884224,2080
2531,18717417554,7040
2532,642463108,20
2533,2781509871297,4690
2534,378260521095,1750
2535,1460081663,10
2536,1989408758,40
2537,7389868499,1000
2538,25118415259,720
2539,3155297787,30
2540,1460081663,10
2541,4101675363,160
2542,5004700354,300
2543,2680666674,100
2544,1027069092,350230
2545,11999169782,360
2546,498949678660,1810
2547,2129728871,80
2548,289198797614,10300
2549,1410951772,60
2550,2680666674,100
2551,642463108,20
2552,62230305739,450
2553,370363223882,23240
2554,23717057018,270
2555,7503740900,150230
2556,157405969547,20460
2557,63551217216,1160
2558,27619497645,410
2559,107356367,500000
2560,2700711032,200
2561,81826610387,7740
2562,1410951772,60
2563,132607175801,67500
2564,1460081663,10
2565,2700711032,200
2566,642463108,20
2567,1410951772,60
2568,2700711032,200
2569,8160380638,800
2570,1460081663,10
2571,81513870704,1260
2572,118464654746,8720
2573,71837015266,8240
2574,9405702726,90
2575,107356367,500000
2576,107356367,500000
2577,113644003586,72030
2578,1460081663,10
2579,81513870704,1260
2580,60174789578,10030
2581,2680666674,100
2582,5004700354,300
2583,9128426838,600
2584,61236483904,5280
2585,3155297787,30
2586,8160380638,800
2587,3498963678,400
2588,642463108,20
2589,107356367,500000
2590,2131112755,120
2591,359373122788,14940
2592,330684439463,3760
2593,69335711435,2220
2594,218901263671,1210
2595,5004700354,300
2596,53067740046,1080
2597,155103772855,5460
2598,229923158483,19850
2599,10125666868,220
2600,25941016146,340
2601,2129728871,80
2602,165760151198,1340
2603,67944173862,8480
2604,143868596623,46450
2605,105060106173,15360
2606,642463108,20
2607,32902663700,1020
2608,13175843055,480
2609,3248511615,70
2610,107356367,500000
2611,1460081663,10
2612,76003942536,1860
2613,1989408758,40
2614,69037376985,2060
2615,35854513022,6900
2616,82766355497,2660
2617,365722051889,8770
2618,13805813254,350
2619,8160380638,800
2620,17339398633,5720
2621,201047705935,6510
2622,206346245960,950
2623,241849371052,35010
2624,2680666674,100
2625,11685752060,280
2626,21258475540,5240
2627,28481030422,520
2628,107356367,500000
2629,129936548133,1700
2630,83437100792,11280
2631,1989408758,40
2632,1410951772,60
2633,3498963678,400
2634,642463108,20
2635,13998415485,190
2636,26148963904,1240
2637,107356367,500000
2638,9405702726,90
2639,218901263671,1210
2640,205015610881,10350
2641,78393088242,3200
2642,10093778100,110
2643,96397107272,1460
2644,2129728871,80
2645,1410951772,60
2646,5004700354,300
2647,70125742858,550
2648,642463108,20
2649,56757000936,860
2650,71144555322,33120
2651,11999169782,360
2652,2129728871,80
2653,145008101845,3320
2654,254993873,329250
2655,102116632169,18980
2656,174447513074,1370
2657,311245322668,12010
2658,26878024615,960
2659,5400625454,207280
2660,11168928718,320
2661,107356367,500000
2662,107356367,500000
2663,2700711032,200
2664,3498963678,400
2665,28433132681,5100
2666,75566779630,4800
2667,642463108,20
2668,642463108,20
2669,2700711032,200
2670,1989408758,40
2671,152669405443,9120
2672,157452702164,4360
2673,2129728871,80
2674,265163306506,27220
2675,110807327838,26100
2676,2131112755,120
2677,5325216397,240
2678,10093778100,110
2679,8160380638,800
2680,13503009596,170
2681,642463108,20
2682,170379599992,48760
2683,8160380638,800
2684,50977340686,620
2685,1989408758,40
2686,40058785915,1100
2687,24513694719,122930
2688,290842233155,1310
2689,2129728871,80
2690,73169373677,1620
2691,49875810790,1680
2692,642463108,20
2693,337576042640,18420
2694,1460081663,10
2695,2700711032,200
2696,2129728871,80
2697,223623922891,35000
2698,369542268386,26030
2699,5004700354,300
2700,15230320883,500
2701,13175843055,480
2702,107356367,500000
2703,76699088255,2360
2704,27818723522,1280
2705,1460081663,10
2706,1460081663,10
2707,107356367,500000
2708,31377036712,900
2709,107356367,500000
2710,380106740082,4580
2711,62230305739,450
2712,642463108,20
2713,1989408758,40
2714,2131112755,120
2715,1460081663,10
2716,71720042109,1220
2717,58571749105,5120
2718,89884823647,2480
2719,1989408758,40
2720,107356367,500000
2721,217764830098,40150
2722,13175843055,480
2723,7632138894,150
2724,3155297787,30
2725,47727873071,3000
2726,22841573218,1800
2727,1989408758,40
2728,1094333540465,3410
2729,5004700354,300
2730,11999169782,360
2731,53067740046,1080
2732,192806953470,3280
2733,899233564082,4050
2734,117521242923,3920
2735,194628982428,7610
2736,642463108,20
2737,32127016025,30260
2738,107356367,500000
2739,1410951772,60
2740,53067740046,1080
2741,11999169782,360
2742,132878146393,11240
2743,40058785915,1100
2744,7632138894,150
2745,2700711032,200
2746,12501136590,260
2747,1989408758,40
2748,642463108,20
2749,642463108,20
2750,1989408758,40
2751,3155297787,30
2752,2700711032,200
2753,8890640708,50
2754,88102335660,18150
2755,107356367,500000
2756,1989408758,40
2757,17461846483,210
2758,8160380638,800
2759,928328239,346350
2760,15149273275,230
2761,38577124578,49440
2762,13805813254,350
2763,96397107272,1460
2764,12501136590,260
2765,93188040016,7070
2766,5325216397,240
2767,11685752060,280
2768,107356367,500000
2769,992926128,400570
2770,2129728871,80
2771,10093778100,110
2772,107356367,500000
2773,53067740046,1080
2774,48581328178,101510
2775,642463108,20
2776,26988989205,750
2777,1989408758,40
2778,2129728871,80
2779,110644350984,14500
2780,129935169062,45200
2781,1989408758,40
2782,642463108,20
2783,10093778100,110
2784,2680666674,100
2785,2680666674,100
2786,215989783950,21540
2787,5004700354,300
2788,2129728871,80
2789,24555673640,9380
2790,2680666674,100
2791,13175843055,480
2792,4750466533,180
2793,1460081663,10
2794,1410951772,60
2795,2131112755,120
2796,99368322953,13870
2797,150478002920,8510
2798,2680666674,100
2799,73169373677,1620
2800,22947144105,540
2801,1460081663,10
2802,28481466122,420
2803,1460081663,10
2804,3155297787,30
2805,69037376985,2060
2806,642463108,20
2807,2129728871,80
2808,642463108,20
2809,15230320883,500
2810,2129728871,80
2811,2129728871,80
2812,70937215902,1320
2813,2700711032,200
2814,107356367,500000
2815,2680666674,100
2816,46266450120,880
2817,21695934599,6480
2818,2770730215,243980
2819,406677363963,1070
2820,642463108,20
2821,1989408758,40
2822,15230320883,500
2823,8771610191,140
2824,41633656026,290
2825,2700711032,200
2826,11168928718,320
2827,1989408758,40
2828,5325216397,240
2829,58070709841,8600
2830,642463108,20
2831,2700711032,200
2832,139518877538,790
2833,2680666674,100
2834,330684439463,3760
2835,27818723522,1280
2836,9405702726,90
2837,2131112755,120
2838,1989408758,40
2839,10125666868,220
2840,220225676402,3400
2841,2700711032,200
2842,177228068066,10390
2843,1410951772,60
2844,1410951772,60
2845,20526240441,135000
2846,1410951772,60
2847,48905287990,39160
2848,142528716467,30320
2849,357831630642,20720
2850,65150708086,72910
2851,5325216397,240
2852,2700711032,200
2853,13998415485,190
2854,79821372396,1350
2855,472051669970,2230
2856,10790854661,5000
2857,11999169782,360
2858,5325216397,240
2859,642463108,20
2860,2680666674,100
2861,11168928718,320
2862,3248511615,70
2863,8890640708,50
2864,3498963678,400
2865,2700711032,200
2866,3498963678,400
2867,2129728871,80
2868,25715559667,440
2869,642463108,20
2870,1989408758,40
2871,10093778100,110
2872,642463108,20
2873,28129974638,62060
2874,642463108,20
2875,80697351164,6500
2876,9128426838,600
2877,25118415259,720
2878,8160380638,800
2879,2700711032,200
2880,2680666674,100
2881,3248511615,70
2882,15665291807,5600
2883,25801847636,580
2884,49736015129,1440
2885,114126188151,14590
2886,16628626764,130
2887,8771610191,140
2888,5004700354,300
2889,216988812795,35020
2890,71066342983,940
2891,1150103212327,4770
2892,192237825632,2520
2893,49177343723,8700
2894,23717057018,270
2895,25880776440,127200
2896,31859868490,10260
2897,2131112755,120
2898,77800241054,6280
2899,26744858109,4970
2900,8181291849,176760
2901,2680666674,100
2902,149053509611,2130
2903,19618372147,640
2904,35854513022,6900
2905,642463108,20
2906,69062235443,3040
2907,1989408758,40
2908,90139664655,26280
2909,31377036712,900
2910,642463108,20
2911,4101675363,160
2912,30567251497,920
2913,4101675363,160
2914,1094333540465,3410
2915,26988989205,750
2916,427471106790,4010
2917,2129728871,80
2918,166724340361,1030
2919,642463108,20
2920,107356367,500000
2921,131997357754,11330
2922,28423629096,700
2923,1989408758,40
2924,10093778100,110
2925,107356367,500000
2926,11999169782,360
2927,107356367,500000
2928,465259677922,3370
2929,1647107317,271840
2930,8890640708,50
2931,37159752956,1500
2932,559878460,370820
2933,3248511615,70
2934,184059609830,9150
2935,122120692610,2500
2936,1989408758,40
2937,310564454987,30810
2938,3248511615,70
2939,1460081663,10
2940,2700711032,200
2941,261119521201,2820
2942,2129728871,80
2943,2131112755,120
2944,642463108,20
2945,16628626764,130
2946,107356367,500000
2947,1410951772,60
2948,1989408758,40
2949,2129728871,80
2950,2680666674,100
2951,1460081663,10
2952,81768420176,690
2953,86937114417,1560
2954,642463108,20
2955,8160380638,800
2956,155054604980,16820
2957,352930092,322560
2958,5325216397,240
2959,1989408758,40
2960,228083153069,8590
2961,3155297787,30
2962,107356367,500000
2963,26291422707,95470
2964,431030414529,1830
2965,2700711032,200
2966,642463108,20
2967,147683639451,1930
2968,36817294349,1140
2969,8160380638,800
2970,4101675363,160
2971,642463108,20
2972,89504378304,630
2973,1460081663,10
2974,117584555981,2640
2975,642463108,20
2976,2680666674,100
2977,1410951772,60
2978,10125666868,220
2979,1410951772,60
2980,2756225995,179350
2981,3248511615,70
2982,1410951772,60
2983,4101675363,160
2984,107356367,500000
2985,145008101845,3320
2986,5325216397,240
2987,38062709610,760
2988,497455255,350220
2989,40076163404,8140
2990,1460081663,10
2991,8771610191,140
2992,2680666674,100
2993,2700711032,200
2994,25118415259,720
2995,44964107008,330
2996,200043033315,4540
2997,12501136590,260
2998,3155297787,30
2999,181399082968,10380
3000,144690978213,870
3001,3498963678,400
3002,25715559667,440
3003,642463108,20
3004,2129728871,80
3005,1460081663,10
3006,2131112755,120
3007,107356367,500000
3008,117584555981,2640
3009,136815065774,610
3010,3248511615,70
3011,3155297787,30
3012,642463108,20
3013,10125666868,220
3014,2129728871,80
3015,133040742336,5660
3016,64775426694,15630
3017,1989408758,40
3018,27619497645,410
3019,107356367,500000
3020,5004700354,300
3021,1989408758,40
3022,2700711032,200
3023,38941691457,1520
3024,166194219441,12310
3025,3498963678,400
3026,642463108,20
3027,2129728871,80
3028,369425591900,21620
3029,642463108,20
3030,642463108,20
3031,80458856899,7410
3032,1410951772,60
3033,1460081663,10
3034,315269804880,2210
3035,2129728871,80
3036,15665291807,5600
3037,8771610191,140
3038,4750466533,180
3039,9128426838,600
3040,243926058211,2930
3041,74854963566,14900
3042,154041376430,56340
3043,267830444789,1730
3044,80123303252,2140
3045,75201684972,2720
3046,75566779630,4800
3047,32902663700,1020
3048,33336156346,380
3049,72199495598,6580
3050,359250472537,1110
3051,107356367,500000
3052,2680666674,100
3053,109999233238,650
3054,3498963678,400
3055,177470395315,47650
3056,2129728871,80
3057,1460081663,10
3058,335082250712,4700
3059,44766672446,58360
3060,5816518582,145130
3061,10125666868,220
3062,96459026902,10640
3063,38062709610,760
3064,225840868237,15550
3065,1460081663,10
3066,2421756994356,2570
3067,16628626764,130
3068,2129728871,80
3069,94522636237,670
3070,2129728871,80
3071,94522636237,670
3072,674389514600,1970
3073,53055566507,9410
3074,107356367,500000
3075,55845212249,1360
3076,123683088298,74390
3077,4750466533,180
3078,3155297787,30
3079,79596013485,35190
3080,17461846483,210
3081,80145696926,52660
3082,124375194560,1180
3083,7389868499,1000
3084,1460081663,10
3085,1989408758,40
3086,676537955401,3800
3087,107356367,500000
3088,37159752956,1500
3089,642463108,20
3090,3155297787,30
3091,107356367,500000
3092,5325216397,240
3093,1989408758,40
3094,80123303252,2140
3095,5004700354,300
3096,17461846483,210
3097,642463108,20
3098,5004700354,300
3099,1460081663,10
3100,642463108,20
3101,103505696891,80150
3102,2129728871,80
3103,1460081663,10
3104,1410951772,60
3105,4101675363,160
3106,74518329366,90020
3107,111258118998,1780
3108,2680666674,100
3109,3498963678,400
3110,1410951772,60
3111,17461846483,210
3112,2129728871,80
3113,80123303252,2140
3114,192806953470,3280
3115,18536928071,1600
3116,5325216397,240
3117,35334586170,5680
3118,348296415427,1590
3119,64707038648,5500
3120,1410951772,60
3121,3248511615,70
3122,107352834553,7710
3123,154605920387,1720
3124,2129728871,80
3125,642463108,20
3126,11999169782,360
3127,23717057018,270
3128,28361958308,7620
3129,5004700354,300
3130,18536928071,1600
3131,1460081663,10
3132,4750466533,180
3133,49177343723,8700
3134,611023724,472020
3135,525572093761,1270
3136,49875810790,1680
3137,16628626764,130
3138,8890640708,50
3139,306933269869,25000
3140,806207855,439800
3141,4424426017,218820
3142,97835991867,7250
3143,83130397074,2280
3144,13805813254,350
3145,642463108,20
3146,391612105618,4620
3147,173349614530,4020
3148,28481466122,420
3149,76389082717,390
3150,17461846483,210
3151,71771702721,7500
3152,642463108,20
3153,1989408758,40
3154,19401885549,12280
3155,39237349975,1120
3156,49177343723,8700
3157,1393329371,258400
3158,4101675363,160
3159,107356367,500000
3160,15523637423,68250
3161,1651590260,279670
3162,4750466533,180
3163,50020304629,460
3164,11168928718,320
3165,3248511615,70
3166,39237349975,1120
3167,2700711032,200
3168,16663604145,250
3169,9405702726,90
3170,2680666674,100
3171,7632138894,150
3172,107356367,500000
3173,642463108,20
3174,270423822727,18450
3175,11168928718,320
3176,4101675363,160
3177,14947105424,152320
3178,1410951772,60
3179,7632138894,150
3180,2680666674,100
3181,273886157488,9050
3182,107356367,500000
3183,50020304629,460
3184,2680666674,100
3185,11670155200,117180
3186,1460081663,10
3187,166724340361,1030
3188,1989408758,40
3189,10125666868,220
3190,170754338081,18380
3191,136815065774,610
3192,296762846065,3510
3193,13503009596,170
3194,2129728871,80
3195,70761338602,8000
3196,96397107272,1460
3197,5004700354,300
3198,642463108,20
3199,642463108,20
3200,5325216397,240
3201,642463108,20
3202,217010712174,3520
3203,129646084690,5670
3204,49861671375,53910
3205,2129728871,80
3206,22947144105,540
3207,3476666572,216450
3208,97509121996,7240
3209,2680666674,100
3210,18405098557,1200
3211,5325216397,240
3212,642463108,20
3213,1220727827,227390
3214,3248511615,70
3215,11999169782,360
3216,18536928071,1600
3217,3248511615,70
3218,245032347735,3160
3219,4101675363,160
3220,81922303116,38340
3221,92736405375,46610
3222,28481030422,520
3223,2129728871,80
3224,190355985406,1150
3225,470368498441,2790
3226,1460081663,10
3227,674389514600,1970
3228,120397689630,2160
3229,1410951772,60
3230,82766355497,2660
3231,18962906803,2000
3232,2700711032,200
3233,642463108,20
3234,16805481269,160960
3235,165972722923,1250
3236,1460081663,10
3237,49736015129,1440
3238,1989408758,40
3239,642463108,20
3240,200140673058,3950
3241,10093778100,110
3242,47727873071,3000
3243,32902663700,1020
3244,2129728871,80
3245,21474590955,91180
3246,174890562103,23520
3247,10125666868,220
3248,76389082717,390
3249,59326627443,1760
3250,4750466533,180
3251,2131112755,120
3252,36817294349,1140
3253,83532074855,1300
3254,2700711032,200
3255,2131112755,120
3256,1460081663,10
3257,2680666674,100
3258,642463108,20
3259,2700711032,200
3260,30187613248,113750
3261,18338581356,4810
3262,8771610191,140
3263,9405702726,90
3264,9128426838,600
3265,2925981057,210590
3266,35484487501,2560
3267,2680666674,100
3268,3248511615,70
3269,2680666674,100
3270,415126040717,18920
3271,130364661735,3840
3272,642463108,20
3273,11685752060,280
3274,642463108,20
3275,38361063059,76670
3276,82668915823,13460
3277,107356367,500000
3278,4750466533,180
3279,87143877087,67920
3280,2680666674,100
3281,2753002648,216130
3282,1989408758,40
3283,3498963678,400
3284,2131112755,120
3285,38941691457,1520
3286,13998415485,190
3287,107356367,500000
3288,2680666674,100
3289,69397377976,93800
3290,28481466122,420
3291,642463108,20
3292,107356367,500000
3293,49177343723,8700
3294,1410951772,60
3295,80458856899,7410
3296,338748760852,31860
3297,174728051617,23850
3298,31377036712,900
3299,642463108,20
3300,642463108,20
3301,83130397074,2280
3302,31957226762,680
3303,1989408758,40
3304,32909905217,48000
3305,11999169782,360
3306,406677363963,1070
3307,76389082717,390
3308,107356367,500000
3309,70170852619,2320
3310,451911498604,2490
3311,107356367,500000
3312,95717966820,5920
3313,1857262947,203860
3314,2129728871,80
3315,441945062,349930
3316,16628626764,130
3317,26988989205,750
3318,642463108,20
3319,2131112755,120
3320,264792450887,970
3321,1460081663,10
3322,16628626764,130
3323,65402944392,88050
3324,642463108,20
3325,137522884224,2080
3326,1989408758,40
3327,5004700354,300
3328,120872139553,6640
3329,25941016146,340
3330,165760151198,1340
3331,37625811344,1400
3332,9128426838,600
3333,217648275042,14750
3334,642463108,20
3335,1410951772,60
3336,44020660638,6120
3337,12481958601,150770
3338,1989408758,40
3339,1410951772,60
3340,33063196636,19640
3341,642463108,20
3342,15149273275,230
3343,1460081663,10
3344,11999169782,360
3345,201200142515,6740
3346,1460081663,10
3347,2131112755,120
3348,3155297787,30
3349,5325216397,240
3350,3155297787,30
3351,18652240953,133950
3352,76389082717,390
3353,1410951772,60
3354,2131112755,120
3355,107356367,500000
3356,156138698209,3360
3357,5004700354,300
3358,146872396945,36680
3359,5004700354,300
3360,3248511615,70
3361,13998415485,190
3362,107356367,500000
3363,10093778100,110
3364,642463108,20
3365,27818723522,1280
3366,3155297787,30
3367,58571749105,5120
3368,642463108,20
3369,47200962391,59980
3370,8771610191,140
3371,1989408758,40
3372,55071409279,5760
3373,3155297787,30
3374,3248511615,70
3375,642463108,20
3376,56896886293,22800
3377,86937114417,1560
3378,3155297787,30
3379,1410951772,60
3380,1460081663,10
3381,67774165811,770
3382,39227568809,57460
3383,2680666674,100
3384,13998415485,190
3385,28481030422,520
3386,11168928718,320
3387,1989408758,40
3388,7952293433,181470
3389,17461846483,210
3390,10093778100,110
3391,107356367,500000
3392,8890640708,50
3393,1460081663,10
3394,119288739323,9280
3395,186478669059,4280
3396,2700711032,200
3397,3155297787,30
3398,107356367,500000
3399,2129728871,80
3400,92330175064,5870
3401,73169373677,1620
3402,107356367,500000
3403,107356367,500000
3404,26878024615,960
3405,18536928071,1600
3406,2723299908,246050
3407,58588804933,5980
3408,107356367,500000
3409,10093778100,110
3410,15149273275,230
3411,76003942536,1860
3412,70937215902,1320
3413,57268799551,5060
3414,1410951772,60
3415,1989408758,40
3416,1989408758,40
3417,22947144105,540
3418,82350957612,40500
3419,18536928071,1600
3420,28481030422,520
3421,8584359974,164160
3422,504825863770,4630
3423,79821372396,1350
3424,76003942536,1860
3425,5997888414,199830
3426,2700711032,200
3427,107815389228,2200
3428,5325216397,240
3429,107356367,500000
3430,55845212249,1360
3431,13943105839,104690
3432,47047891990,78600
3433,10093778100,110
3434,4101675363,160
3435,116468259053,21450
3436,2131112755,120
3437,4101675363,160
3438,1410951772,60
3439,196064729542,12420
3440,2680666674,100
3441,17461846483,210
3442,13175843055,480
3443,3155297787,30
3444,1460081663,10
3445,642463108,20
3446,1989408758,40
3447,107356367,500000
3448,5325216397,240
3449,86545105509,18200
3450,686748062,376750
3451,34644788461,9240
3452,111258118998,1780
3453,642463108,20
3454,3155297787,30
3455,642463108,20
3456,48446638081,2600
3457,2680666674,100
3458,5325216397,240
3459,17231374945,560
3460,107356367,500000
3461,9128426838,600
3462,562070864316,3440
3463,642463108,20
3464,642463108,20
3465,3498963678,400
3466,314580645801,2260
3467,383007405011,7890
3468,80123303252,2140
3469,2131112755,120
3470,642463108,20
3471,10172035679,111300
3472,38469551477,93680
3473,91861780067,10820
3474,50977340686,620
3475,107356367,500000
3476,1460081663,10
3477,642463108,20
3478,2129728871,80
3479,2700711032,200
3480,2700711032,200
3481,25118415259,720
3482,229401599349,3120
3483,580024749243,2050
3484,10093778100,110
3485,584410078,496550
3486,18405098557,1200
3487,1410951772,60
3488,1410951772,60
3489,1460081663,10
3490,22947144105,540
3491,31957226762,680
3492,1053008110,477470
3493,13503009596,170
3494,4101675363,160
3495,137532812846,1740
3496,9405702726,90
3497,107356367,500000
3498,163308059697,4400
3499,272621449204,13340
3500,83146685683,7720
3501,642463108,20
3502,15149273275,230
3503,51203462102,7510
3504,2680666674,100
3505,55786387064,104290
3506,2131112755,120
3507,17461846483,210
3508,10847489679,156340
3509,3498963678,400
3510,145451985609,2240
3511,8771610191,140
3512,1460081663,10
3513,13175843055,480
3514,184198404744,16060
3515,24775929393,141130
3516,72511708200,6020
3517,4101675363,160
3518,68496873759,5580
3519,642463108,20
3520,3248511615,70
3521,642463108,20
3522,4101675363,160
3523,1989408758,40
3524,137193556010,1050
3525,19618372147,640
3526,25941016146,340
3527,35082637617,1040
3528,642463108,20
3529,19618372147,640
3530,2680666674,100
3531,10093778100,110
3532,8890640708,50
3533,1460081663,10
3534,70170852619,2320
3535,642463108,20
3536,134747085544,9800
3537,642463108,20
3538,67774165811,770
3539,15230320883,500
3540,5004700354,300
3541,31690726122,10920
3542,107356367,500000
3543,10093778100,110
3544,48446638081,2600
3545,153690887287,2880
3546,1460081663,10
3547,83018462314,2800
3548,635414093112,4270
3549,44964107008,330
3550,162629018429,51280
3551,2700711032,200
3552,107356367,500000
3553,13805813254,350
3554,112215158077,74760
3555,107356367,500000
3556,7632138894,150
3557,1460081663,10
3558,1410951772,60
3559,1410951772,60
3560,1460081663,10
3561,18536928071,1600
3562,193491298968,1580
3563,31957226762,680
3564,180557390804,35870
3565,69062235443,3040
3566,28481030422,520
3567,642463108,20
3568,18536928071,1600
3569,7632138894,150
3570,54655362282,13020
3571,31377036712,900
3572,193491298968,1580
3573,2131112755,120
3574,2700711032,200
3575,7389868499,1000
3576,28977655973,7840
3577,42635005721,1920
3578,65979320443,63780
3579,315269804880,2210
3580,642463108,20
3581,359435887769,7420
3582,2700711032,200
3583,59326627443,1760
3584,107815389228,2200
3585,30567251497,920
3586,165522663672,13010
3587,31957226762,680
3588,27818723522,1280
3589,541334506772,1690
3590,1460081663,10
3591,1410951772,60
3592,49861671375,53910
3593,1989408758,40
3594,642463108,20
3595,158099513931,6450
3596,21005963047,108450
3597,2129728871,80
3598,107356367,500000
3599,2700711032,200
3600,642463108,20
3601,642463108,20
3602,16404063520,5400
3603,10125666868,220
3604,36817294349,1140
3605,5004700354,300
3606,318550925600,32720
3607,40642282735,370
3608,1410951772,60
3609,4101675363,160
3610,300064267948,4030
3611,7632138894,150
3612,209733453,407120
3613,642463108,20
3614,17461846483,210
3615,152589316481,2380
3616,55845212249,1360
3617,261119521201,2820
3618,112128163912,36110
3619,2129728871,80
3620,2131112755,120
3621,7632138894,150
3622,11685752060,280
3623,29491905716,660
3624,642463108,20
3625,58939274048,12160
3626,3248511615,70
3627,1410951772,60
3628,50977340686,620
3629,3155297787,30
3630,44020660638,6120
3631,57526693037,8910
3632,58070709841,8600
3633,1989408758,40
3634,692923357726,4330
3635,2131112755,120
3636,1460081663,10
3637,166724340361,1030
3638,2680666674,100
3639,35484487501,2560
3640,363363885838,2070
3641,2680666674,100
3642,1224031884,387650
3643,200043033315,4540
3644,1460081663,10
3645,8771610191,140
3646,8160380638,800
3647,18405098557,1200
3648,174447513074,1370
3649,8771610191,140
3650,18536928071,1600
3651,107356367,500000
3652,37625811344,1400
3653,2680666674,100
3654,130364661735,3840
3655,642463108,20
3656,2700711032,200
3657,2131112755,120
3658,5004700354,300
3659,27550990295,115230
3660,2700711032,200
3661,3155297787,30
3662,1460081663,10
3663,642463108,20
3664,25941016146,340
3665,13503009596,170
3666,4101675363,160
3667,642463108,20
3668,1989408758,40
3669,2680666674,100
3670,178131872399,2900
3671,1410951772,60
3672,2700711032,200
3673,80697351164,6500
3674,3248511615,70
3675,8389185087,117720
3676,72326659629,27520
3677,3498963678,400
3678,7389868499,1000
3679,642463108,20
3680,3155297787,30
3681,2700711032,200
3682,137193556010,1050
3683,3248511615,70
3684,642463108,20
3685,156138698209,3360
3686,13805813254,350
3687,5325216397,240
3688,7781112090,156900
3689,1989408758,40
3690,3248511615,70
3691,188521631904,9040
3692,1989408758,40
3693,255047548586,25600
3694,182747867130,4200
3695,642463108,20
3696,8890640708,50
3697,37159752956,1500
3698,5430137702,146550
3699,642463108,20
3700,7389868499,1000
3701,107356367,500000
3702,2700711032,200
3703,39237349975,1120
3704,284335941,397930
3705,210576129005,2840
3706,82816160235,1640
3707,642463108,20
3708,78925152437,4980
3709,16663604145,250
3710,16663604145,250
3711,18405098557,1200
3712,11617382549,6000
3713,119288739323,9280
3714,10125666868,220
3715,33336156346,380
3716,175948928386,13750
3717,642463108,20
3718,17461846483,210
3719,13175843055,480
3720,8160380638,800
3721,36023095548,81030
3722,89504378304,630
3723,52603264488,3600
3724,1460081663,10
3725,13175843055,480
3726,11168928718,320
3727,38062709610,760
3728,18962906803,2000
3729,190355985406,1150
3730,566179046010,4440
3731,12501136590,260
3732,10125666868,220
3733,1989408758,40
3734,642463108,20
3735,3155297787,30
3736,3248511615,70
3737,73169373677,1620
3738,107356367,500000
3739,26988989205,750
3740,1460081663,10
3741,4750466533,180
3742,86937114417,1560
3743,3248511615,70
3744,39237349975,1120
3745,642463108,20
3746,1460081663,10
3747,2129728871,80
3748,4101675363,160
3749,70937215902,1320
3750,107356367,500000
3751,642463108,20
3752,4101675363,160
3753,14224144152,155340
3754,3155297787,30
3755,8771610191,140
3756,13998415485,190
3757,47043510260,8800
3758,89504378304,630
3759,26988989205,750
3760,16628626764,130
3761,642463108,20
3762,31957226762,680
3763,8160380638,800
3764,4750466533,180
3765,16628626764,130
3766,36817294349,1140
3767,118056829791,8080
3768,2700711032,200
3769,354963677384,13840
3770,2131112755,120
3771,2129728871,80
3772,70218538137,66820
3773,53637805687,820
3774,1460081663,10
3775,12501136590,260
3776,8771610191,140
3777,1150103212327,4770
3778,228290542166,14520
3779,265562205207,13480
3780,2131112755,120
3781,642463108,20
3782,642463108,20
3783,16663604145,250
3784,8160380638,800
3785,2680666674,100
3786,3155297787,30
3787,5004700354,300
3788,642463108,20
3789,2680666674,100
3790,56620984161,7680
3791,642463108,20
3792,114245738266,35810
3793,2680666674,100
3794,15230320883,500
3795,43754259058,8580
3796,35141211551,18300
3797,2129728871,80
3798,642463108,20
3799,642463108,20
3800,642463108,20
3801,2700711032,200
3802,89504378304,630
3803,4935285304,162320
3804,29491905716,660
3805,2680666674,100
3806,158987668059,51140
3807,642463108,20
3808,2131112755,120
3809,102910723975,7430
3810,5325216397,240
3811,4750466533,180
3812,642463108,20
3813,32902663700,1020
3814,18405098557,1200
3815,2131112755,120
3816,1460081663,10
3817,54510048580,11520
3818,1637132853,212480
3819,7632138894,150
3820,107356367,500000
3821,2700711032,200
3822,80219289005,6600
3823,1989408758,40
3824,47727873071,3000
3825,74740470743,17100
3826,1460081663,10
3827,13503009596,170
3828,25118415259,720
3829,642463108,20
3830,2129728871,80
3831,2129728871,80
3832,334946941243,22320
3833,12115964494,165900
3834,2700711032,200
3835,163324317620,3480
3836,13805813254,350
3837,1410951772,60
3838,49736015129,1440
3839,5325216397,240
3840,235081205766,32350
3841,8890640708,50
3842,282889995435,25740
3843,11999169782,360
3844,4101675363,160
3845,8890640708,50
3846,150705938391,1630
3847,398892432,463280
3848,324920220788,14210
3849,642463108,20
3850,11999169782,360
3851,12501136590,260
3852,4101675363,160
3853,642463108,20
3854,2129728871,80
3855,7699034591,124920
3856,287102923813,3220
3857,25941016146,340
3858,2131112755,120
3859,2680666674,100
3860,74508074661,740
3861,532901268,306280
3862,75566779630,4800
3863,1460081663,10
3864,53843972798,86580
3865,1460081663,10
3866,5325216397,240
3867,72251914867,1480
3868,7632138894,150
3869,107356367,500000
3870,1989408758,40
3871,19618372147,640
3872,1410951772,60
3873,434778508,331230
3874,2680666674,100
3875,1989408758,40
3876,107356367,500000
3877,1410951772,60
3878,5004700354,300
3879,13503009596,170
3880,55162147963,12040
3881,642463108,20
3882,1989408758,40
3883,5325216397,240
3884,2700711032,200
3885,9405702726,90
3886,18962906803,2000
3887,18405098557,1200
3888,642463108,20
3889,27619497645,410
3890,2680666674,100
3891,39237349975,1120
3892,40142224772,8760
3893,8160380638,800
3894,376511022571,3460
3895,22947144105,540
3896,120763994490,46730
3897,3498963678,400
3898,79294057865,16750
3899,25715559667,440
3900,343004207016,530
3901,642463108,20
3902,5004700354,300
3903,59241280121,79190
3904,5325216397,240
3905,9128426838,600
3906,5004700354,300
3907,25941016146,340
3908,1460081663,10
3909,448533878185,4460
3910,36817294349,1140
3911,642463108,20
3912,107356367,500000
3913,18405098557,1200
3914,3155297787,30
3915,320484961886,16610
3916,642463108,20
3917,81513870704,1260
3918,107356367,500000
3919,2129728871,80
3920,12501136590,260
3921,8890640708,50
3922,3155297787,30
3923,71720042109,1220
3924,16628626764,130
3925,2680666674,100
3926,593830479,440400
3927,1989408758,40
3928,2680666674,100
3929,165760151198,1340
3930,260317020969,570
3931,188271688429,3940
3932,107356367,500000
3933,1531892800986,4220
3934,17231374945,560
3935,642463108,20
3936,1460081663,10
3937,154187647593,3560
3938,3155297787,30
3939,29491905716,660
3940,13998415485,190
3941,1460081663,10
3942,3248511615,70
3943,5004700354,300
3944,2131112755,120
3945,1989408758,40
3946,1460081663,10
3947,17461846483,210
3948,25715559667,440
3949,621930114941,3430
3950,27818723522,1280
3951,2131112755,120
3952,22841573218,1800
3953,5325216397,240
3954,2700711032,200
3955,16628626764,130
3956,1989408758,40
3957,3248511615,70
3958,11685752060,280
3959,4101675363,160
3960,200043033315,4540
3961,106686622296,13260
3962,55845212249,1360
3963,2700711032,200
3964,1410951772,60
3965,107356367,500000
3966,1410951772,60
3967,94522636237,670
3968,2129728871,80
3969,11999169782,360
3970,1410951772,60
3971,93514151464,74720
3972,69335711435,2220
3973,2693843314,211790
3974,491600095,494830
3975,11999169782,360
3976,59326627443,1760
3977,642463108,20
3978,218901263671,1210
3979,3155297787,30
3980,1460081663,10
3981,161082269082,1980
3982,107356367,500000
3983,15149273275,230
3984,783383566,476610
3985,31231102416,5780
3986,2129728871,80
3987,642463108,20
3988,1059913472,254250
3989,642463108,20
3990,2129728871,80
3991,1195743870,258620
3992,64353401503,6920
3993,3155297787,30
3994,4101675363,160
3995,4498356023,185140
3996,8160380638,800
3997,30526647185,6940
3998,1460081663,10
3999,2131112755,120
4000,11617382549,6000
4001,564865280053,3550
4002,15230320883,500
4003,2680666674,100
4004,2700711032,200
4005,36368756161,124590
4006,51203462102,7510
4007,1410951772,60
4008,384637377932,3180
4009,141295678608,1170
4010,176194675518,1010
4011,1460081663,10
4012,4750466533,180
4013,1410951772,60
4014,2131112755,120
4015,1989408758,40
4016,2680666674,100
4017,80348054188,51930
4018,238711804009,31380
4019,2700711032,200
4020,1410951772,60
4021,3498963678,400
4022,642463108,20
4023,33336156346,380
4024,8022817691,153030
4025,642463108,20
4026,107356367,500000
4027,163308059697,4400
4028,214688546396,3340
4029,2700711032,200
4030,2700711032,200
4031,179202387651,14530
4032,642463108,20
4033,1460081663,10
4034,120397689630,2160
4035,12501136590,260
4036,642463108,20
4037,2131112755,120
4038,11999169782,360
4039,8771610191,140
4040,7389868499,1000
4041,7632138894,150
4042,363363885838,2070
4043,96397107272,1460
4044,15230320883,500
4045,16628626764,130
4046,1989408758,40
4047,642463108,20
4048,19618372147,640
4049,81973719042,22180
4050,211784786354,23160
4051,214688546396,3340
4052,231060356188,9810
4053,3155297787,30
4054,9128426838,600
4055,1164406709,254210
4056,642463108,20
4057,81995543149,33240
4058,1410951772,60
4059,11999169782,360
4060,138888978611,13720
4061,1602868015395,3470
4062,38941691457,1520
4063,1535387074,235860
4064,11168928718,320
4065,72251914867,1480
4066,1410951772,60
4067,107356367,500000
4068,2131112755,120
4069,2680666674,100
4070,1460081663,10
4071,139518877538,790
4072,4750466533,180
4073,11685752060,280
4074,2129728871,80
4075,35082637617,1040
4076,9128426838,600
4077,107356367,500000
4078,4101675363,160
4079,9405702726,90
4080,7632138894,150
4081,10093778100,110
4082,49875810790,1680
4083,380106740082,4580
4084,3155297787,30
4085,178379650537,11640
4086,1989408758,40
4087,5325216397,240
4088,103903431860,7140
4089,55558740625,5960
4090,10125666868,220
4091,5004700354,300
4092,2700711032,200
4093,5004700354,300
4094,23717057018,270
4095,1989408758,40
4096,18405098557,1200
4097,2700711032,200
4098,224628256645,2340
4099,109999233238,650
4100,25882609469,112330
4101,2680666674,100
4102,1410951772,60
4103,2700711032,200
4104,280680665965,16460
4105,642463108,20
4106,170787682866,7160
4107,8890640708,50
4108,144690978213,870
4109,28049130682,106070
4110,1410951772,60
4111,27818723522,1280
4112,288977030719,18620
4113,1410951772,60
4114,1460081663,10
4115,89034756923,14660
4116,390914671013,18990
4117,642463108,20
4118,2129728871,80
4119,2680666674,100
4120,2131112755,120
4121,3498963678,400
4122,141488322401,3880
4123,2131112755,120
4124,234911174529,2980
4125,1460081663,10
4126,48919000108,6110
4127,134322118527,6040
4128,3248511615,70
4129,42635005721,1920
4130,9405702726,90
4131,14839130406,5220
4132,31957226762,680
4133,1989408758,40
4134,69097605880,9840
4135,80123303252,2140
4136,56620984161,7680
4137,1989408758,40
4138,127246346726,14670
4139,50020304629,460
4140,27818723522,1280
4141,1410951772,60
4142,28428213870,40570
4143,2131112755,120
4144,889526440,470280
4145,23717057018,270
4146,3155297787,30
4147,906048801277,3530
4148,642463108,20
4149,341307235955,3010
4150,3155297787,30
4151,2129728871,80
4152,15230320883,500
4153,642463108,20
4154,2680666674,100
4155,48034532774,21140
4156,263306795635,2550
4157,46266450120,880
4158,642463108,20
4159,31672662363,840
4160,220225676402,3400
4161,22841573218,1800
4162,1410951772,60
4163,59326627443,1760
4164,9128426838,600
4165,89884823647,2480
4166,160687928966,4320
4167,2700711032,200
4168,174447513074,1370
4169,449720840934,2740
4170,81151820138,8380
4171,1460081663,10
4172,263615165710,3540
4173,2129728871,80
4174,1460081663,10
4175,107356367,500000
4176,138887121083,13730
4177,2129728871,80
4178,1460081663,10
4179,70212743818,6090
4180,30567251497,920
4181,62389890411,100080
4182,88102335660,18150
4183,3155297787,30
4184,4101675363,160
4185,2680666674,100
4186,1989408758,40
4187,389766824985,3500
4188,2680666674,100
4189,323925568062,23750
4190,42635005721,1920
4191,9405702726,90
4192,2680666674,100
4193,18405098557,1200
4194,642463108,20
4195,92071036458,15160
4196,122971945463,470
4197,15230320883,500
4198,517623471750,3210
4199,163308059697,4400
4200,8160380638,800
4201,11999169782,360
4202,1410951772,60
4203,1410951772,60
4204,107356367,500000
4205,163325844480,10620
4206,26988989205,750
4207,10125666868,220
4208,1989408758,40
4209,2700711032,200
4210,8890640708,50
4211,115666587138,8060
4212,1989408758,40
4213,109478010256,8220
4214,79393439122,5200
4215,28481466122,420
4216,2680666674,100
4217,2129728871,80
4218,122758736466,1060
4219,379758427212,22300
4220,2129728871,80
4221,8160380638,800
4222,2700711032,200
4223,157452702164,4360
4224,377880175452,19840
4225,110711236866,30900
4226,2131112755,120
4227,49177343723,8700
4228,136815065774,610
4229,17231374945,560
4230,28481466122,420
4231,107356367,500000
4232,668382519391,3050
4233,1460081663,10
4234,35484487501,2560
4235,55845212249,1360
4236,388942590358,10280
4237,24555673640,9380
4238,3155297787,30
4239,179064316560,15930
4240,642463108,20
4241,41438005257,7220
4242,7632138894,150
4243,31672662363,840
4244,11999169782,360
4245,9128426838,600
4246,13998415485,190
4247,22841573218,1800
4248,267686295090,41000
4249,93416154737,20400
4250,72251914867,1480
4251,1410951772,60
4252,31377036712,900
4253,2131112755,120
4254,1410951772,60
4255,7632138894,150
4256,899233564082,4050
4257,1460081663,10
4258,9405702726,90
4259,22841573218,1800
4260,160687928966,4320
4261,22841573218,1800
4262,642463108,20
4263,259099360996,36180
4264,28481466122,420
4265,53067740046,1080
4266,642463108,20
4267,8890640708,50
4268,15230320883,500
4269,2131112755,120
4270,28423629096,700
4271,7389868499,1000
4272,1410951772,60
4273,10093778100,110
4274,59192250382,310
4275,76699088255,2360
4276,107356367,500000
4277,16628626764,130
4278,3498963678,400
4279,3248511615,70
4280,3155297787,30
4281,63655553218,94040
4282,46411903428,70800
4283,496382929649,2430
4284,40720059316,9760
4285,2680666674,100
4286,9128426838,600
4287,11340027206,119360
4288,2131112755,120
4289,2129728871,80
4290,334266589188,1570
4291,642463108,20
4292,15230320883,500
4293,84851375703,75410
4294,1460081663,10
4295,3155297787,30
4296,26878024615,960
4297,18405098557,1200
4298,2700711032,200
4299,3498963678,400
4300,642463108,20
4301,81218848569,8280
4302,2700711032,200
4303,9803636024,109900
4304,82658042365,830
4305,10125666868,220
4306,79821372396,1350
4307,19618372147,640
4308,1460081663,10
4309,84103718279,9900
4310,126101337696,2700
4311,642463108,20
4312,5004700354,300
4313,1410951772,60
4314,51774438107,107080
4315,2680666674,100
4316,2129728871,80
4317,39237349975,1120
4318,1410951772,60
4319,117521242923,3920
4320,38062709610,760
4321,2131112755,120
4322,38062709610,760
4323,35334586170,5680
4324,745808454,333330
4325,1460081663,10
4326,2129728871,80
4327,5325216397,240
4328,18536928071,1600
4329,41633656026,290
4330,107356367,500000
4331,1460081663,10
4332,153125796783,1550
4333,735694505,320490
4334,107356367,500000
4335,3771109993,170990
4336,47727873071,3000
4337,116001673525,8980
4338,191012842278,3640
4339,2131112755,120
4340,107356367,500000
4341,114185665339,2040
4342,193491298968,1580
4343,3498963678,400
4344,285189992413,3270
4345,867668588,381270
4346,11168928718,320
4347,124915989207,19480
4348,37445101835,9600
4349,642463108,20
4350,1460081663,10
4351,524483546373,3310
4352,8890640708,50
4353,215797578189,3620
4354,37159752956,1500
4355,107356367,500000
4356,120128511295,15000
4357,642463108,20
4358,31957226762,680
4359,8771610191,140
4360,11685752060,280
4361,1410951772,60
4362,2129728871,80
4363,3155297787,30
4364,2700711032,200
4365,49875810790,1680
4366,1989408758,40
4367,15230320883,500
4368,2680666674,100
4369,18536928071,1600
4370,5004700354,300
4371,26148963904,1240
4372,107356367,500000
4373,413972159189,4240
4374,3155297787,30
4375,9128426838,600
4376,13175843055,480
4377,166724340361,1030
4378,1410951772,60
4379,107356367,500000
4380,122120692610,2500
4381,11168928718,320
4382,107356367,500000
4383,3155297787,30
4384,29804222558,130420
4385,2131112755,120
4386,1989408758,40
4387,28481466122,420
4388,1410951772,60
4389,2700711032,200
4390,2700711032,200
4391,9128426838,600
4392,2700711032,200
4393,343004207016,530
4394,107356367,500000
4395,2129728871,80
4396,3155297787,30
4397,3155297787,30
4398,3155297787,30
4399,525572093761,1270
4400,15230320883,500
4401,5004700354,300
4402,3155297787,30
4403,9128426838,600
4404,66577102956,5590
4405,1460081663,10
4406,12501136590,260
4407,11685752060,280
4408,2700711032,200
4409,82464467710,15090
4410,3248511615,70
4411,184581311080,850
4412,1460081663,10
4413,498337452175,4170
4414,642463108,20
4415,38907977116,2400
4416,3155297787,30
4417,1460081663,10
4418,1410951772,60
4419,642463108,20
4420,107356367,500000
4421,7389868499,1000
4422,46266450120,880
4423,642463108,20
4424,2131112755,120
4425,55845212249,1360
4426,1460081663,10
4427,267653468197,15680
4428,109577398210,28770
4429,70111958674,9870
4430,166911458201,14580
4431,79185209118,12820
4432,7632138894,150
4433,2700711032,200
4434,107356367,500000
4435,1460081663,10
4436,44964107008,330
4437,642463108,20
4438,2129728871,80
4439,235506204333,14100
4440,7389868499,1000
4441,226314048852,1610
4442,44964107008,330
4443,7632138894,150
4444,138265948286,5070
4445,107356367,500000
4446,1989408758,40
4447,2700711032,200
4448,107356367,500000
4449,12115685945,126930
4450,89504378304,630
4451,642463108,20
4452,8890640708,50
4453,1223535726336,2730
4454,114237925222,26360
4455,214688546396,3340
4456,3248511615,70
4457,92736405375,46610
4458,84149935059,10060
4459,48446638081,2600
4460,9128426838,600
4461,15230320883,500
4462,3155297787,30
4463,111258118998,1780
4464,57841224214,57800
4465,241196096815,20840
4466,1989408758,40
4467,88069120499,10970
4468,20708079908,103280
4469,154187647593,3560
4470,72251914867,1480
4471,8160380638,800
4472,71720042109,1220
4473,19618372147,640
4474,51203462102,7510
4475,4101675363,160
4476,150175121765,18900
4477,166724340361,1030
4478,1989408758,40
4479,3155297787,30
4480,6743637557,194660
4481,31690726122,10920
4482,1989408758,40
4483,3155297787,30
4484,491498435304,2530
4485,1989408758,40
4486,25715559667,440
4487,8771610191,140
4488,15230320883,500
4489,3155297787,30
4490,9620840040,131980
4491,18962906803,2000
4492,107356367,500000
4493,107356367,500000
4494,11999169782,360
4495,1460081663,10
4496,72545266581,66840
4497,260317020969,570
4498,1989408758,40
4499,60613236194,41640
4500,12501136590,260
4501,2131112755,120
4502,31377036712,900
4503,146376207438,10360
4504,343994138283,4340
4505,1460081663,10
4506,37159752956,1500
4507,1460081663,10
4508,1989408758,40
4509,123477533744,43500
4510,1410951772,60
4511,1410951772,60
4512,76389082717,390
4513,26148963904,1240
4514,138303522825,64560
4515,8890640708,50
4516,32902663700,1020
4517,8890640708,50
4518,4101675363,160
4519,642463108,20
4520,57469738384,93690
4521,2680666674,100
4522,1010664822,400760
4523,756751928,329120
4524,3155297787,30
4525,165760151198,1340
4526,2129728871,80
4527,37159752956,1500
4528,301495162283,26130
4529,113146677197,4000
4530,1410951772,60
4531,5004700354,300
4532,2131112755,120
4533,9405702726,90
4534,1410951772,60
4535,2131112755,120
4536,136815065774,610
4537,90107705426,5880
4538,5325216397,240
4539,4101675363,160
4540,206452427797,4180
4541,995027341,308680
4542,13175843055,480
4543,82766355497,2660
4544,1989408758,40
4545,79041321405,64590
4546,3155297787,30
4547,2129728871,80
4548,8890640708,50
4549,145451985609,2240
4550,19860090854,139910
4551,1334234047,275160
4552,8771610191,140
4553,1989408758,40
4554,13805813254,350
4555,1410951772,60
4556,57526693037,8910
4557,1989408758,40
4558,11999169782,360
4559,27619497645,410
4560,2680666674,100
4561,1989408758,40
4562,859025139495,4210
4563,2680666674,100
4564,107356367,500000
4565,4750466533,180
4566,243926058211,2930
4567,17461846483,210
4568,1989408758,40
4569,10125666868,220
4570,162291545051,10720
4571,63847318425,18280
4572,642463108,20
4573,10125666868,220
4574,69335711435,2220
4575,9128426838,600
4576,28481030422,520
4577,172528722364,12170
4578,1460081663,10
4579,270212846147,29240
4580,31377036712,900
4581,5325216397,240
4582,68496873759,5580
4583,11999169782,360
4584,268585465035,8990
4585,223775095854,24060
4586,1989408758,40
4587,176194675518,1010
4588,13805813254,350
4589,19618372147,640
4590,109999233238,650
4591,642463108,20
4592,1465170819573,3070
4593,150376618518,1880
4594,1460081663,10
4595,81262225254,9220
4596,98675456188,2020
4597,38062709610,760
4598,8771610191,140
4599,1460081663,10
4600,84571007340,14380
4601,1460081663,10
4602,1989408758,40
4603,5004700354,300
4604,1989408758,40
4605,58157063078,5770
4606,394917534785,20290
4607,26000309349,107820
4608,131223125800,28490
4609,126612739997,8020
4610,50694476099,61080
4611,5325216397,240
4612,2129728871,80
4613,330684439463,3760
4614,7389868499,1000
4615,2166557325,216050
4616,3155297787,30
4617,358834676002,20440
4618,154187647593,3560
4619,23717057018,270
4620,49177343723,8700
4621,37625811344,1400
4622,150586531437,1840
4623,89504378304,630
4624,2131112755,120
4625,26988989205,750
4626,2129728871,80
4627,5325216397,240
4628,82189529449,16860
4629,2700711032,200
4630,26988989205,750
4631,107356367,500000
4632,93624144732,6960
4633,2131112755,120
4634,387272663877,5740
4635,642463108,20
4636,1410951772,60
4637,973255146,376150
4638,18962906803,2000
4639,40058785915,1100
4640,41633656026,290
4641,1460081663,10
4642,40642282735,370
4643,1460081663,10
4644,25801847636,580
4645,1410951772,60
4646,642463108,20
4647,39532247855,74250
4648,136536785255,7390
4649,3155297787,30
4650,46266450120,880
4651,1410951772,60
4652,642463108,20
4653,465259677922,3370
4654,229401599349,3120
4655,107356367,500000
4656,107356367,500000
4657,203578942322,3380
4658,193387501226,13350
4659,117521242923,3920
4660,8890640708,50
4661,31957226762,680
4662,137193556010,1050
4663,2131112755,120
4664,2131112755,120
4665,107356367,500000
4666,1410951772,60
4667,18536928071,1600
4668,2129728871,80
4669,1989408758,40
4670,2029425848,229790
4671,17231374945,560
4672,12684433030,159850
4673,3155297787,30
4674,546285819149,4350
4675,1989408758,40
4676,89034756923,14660
4677,642463108,20
4678,74740470743,17100
4679,302775734044,29250
4680,63222235117,5800
4681,107356367,500000
4682,148620195674,54140
4683,39237349975,1120
4684,143851356126,44960
4685,642463108,20
4686,67774165811,770
4687,642463108,20
4688,1460081663,10
4689,2131112755,120
4690,73169373677,1620
4691,8771610191,140
4692,3070977237,205470
4693,3498963678,400
4694,27818723522,1280
4695,642463108,20
4696,8890640708,50
4697,1460081663,10
4698,288001819702,4520
4699,18405098557,1200
4700,19184085638,8260
4701,2131112755,120
4702,72662092656,7600
4703,5004700354,300
4704,1989408758,40
4705,124943216139,22650
4706,107356367,500000
4707,94522636237,670
4708,11999169782,360
4709,541334506772,1690
4710,169435592285,28300
4711,72199495598,6580
4712,1410951772,60
4713,642463108,20
4714,5325216397,240
4715,642463108,20
4716,7632138894,150
4717,5325216397,240
4718,5004700354,300
4719,1116081348,304750
4720,107356367,500000
4721,212880865099,42700
4722,8160380638,800
4723,37625811344,1400
4724,3498963678,400
4725,101708932252,980
4726,25941016146,340
4727,2129728871,80
4728,107356367,500000
4729,3248511615,70
4730,64324031020,5540
4731,642463108,20
4732,7632138894,150
4733,642463108,20
4734,1410951772,60
4735,17461846483,210
4736,1460081663,10
4737,1410951772,60
4738,51184847182,103290
4739,448484883112,4680
4740,1989408758,40
4741,2680666674,100
4742,403053835551,4370
4743,384935901795,1890
4744,107356367,500000
4745,642463108,20
4746,166712035795,17360
4747,1460081663,10
4748,3498963678,400
4749,642463108,20
4750,11348790019,107750
4751,1911703244,247180
4752,2129728871,80
4753,107356367,500000
4754,2131112755,120
4755,3155098084,195150
4756,42493078575,109950
4757,151866697079,16160
4758,41633656026,290
4759,2700711032,200
4760,2131112755,120
4761,28481030422,520
4762,79987335938,11020
4763,2131112755,120
4764,720486093021,3300
4765,14292583595,101480
4766,165010097420,10950
4767,4101675363,160
4768,2700711032,200
4769,28423629096,700
4770,4101675363,160
4771,28481030422,520
4772,114185665339,2040
4773,210576129005,2840
4774,1410951772,60
4775,15615800526,79780
4776,16663604145,250
4777,76699088255,2360
4778,2129728871,80
4779,1460081663,10
4780,49875810790,1680
4781,11999169782,360
4782,135107441595,2120
4783,642463108,20
4784,1460081663,10
4785,4101675363,160
4786,42945444408,7880
4787,42635005721,1920
4788,2680666674,100
4789,7389868499,1000
4790,50258614469,7800
4791,154979803079,12340
4792,2680666674,100
4793,8890640708,50
4794,1989408758,40
4795,5325216397,240
4796,642463108,20
4797,39237349975,1120
4798,102561897865,44280
4799,16136872802,116710
4800,1989408758,40
4801,28481030422,520
4802,2131112755,120
4803,16704191328,10500
4804,115057128919,53800
4805,1460081663,10
4806,7632138894,150
4807,1989408758,40
4808,33336156346,380
4809,89884823647,2480
4810,1410951772,60
4811,1989408758,40
4812,105056710281,10020
4813,642463108,20
4814,2680666674,100
4815,119938063081,2150
4816,642463108,20
4817,48103746458,7540
4818,11685752060,280
4819,11685752060,280
4820,9405702726,90
4821,12501136590,260
4822,11999169782,360
4823,25474614539,105300
4824,5325216397,240
4825,205598359712,2300
4826,4750466533,180
4827,8771610191,140
4828,107356367,500000
4829,3498963678,400
4830,4101675363,160
4831,287584316805,10460
4832,2131112755,120
4833,86270239854,7020
4834,366700168812,8370
4835,98675456188,2020
4836,16663604145,250
4837,36817294349,1140
4838,642463108,20
4839,124375194560,1180
4840,67774165811,770
4841,107356367,500000
4842,280057160555,1230
4843,101708932252,980
4844,1410951772,60
4845,13503009596,170
4846,1460081663,10
4847,51055806471,6080
4848,290138090213,13510
4849,1460081663,10
4850,107356367,500000
4851,1989408758,40
4852,2129728871,80
4853,193491298968,1580
4854,142181624882,55690
4855,3155297787,30
4856,13175843055,480
4857,16663604145,250
4858,163483255922,11760
4859,206346245960,950
4860,18962906803,2000
4861,75708503239,1960
4862,11168928718,320
4863,642463108,20
4864,8890640708,50
4865,2129728871,80
4866,642463108,20
4867,12501136590,260
4868,86937114417,1560
4869,1410951772,60
4870,191131218819,8340
4871,1989408758,40
4872,642463108,20
4873,83130397074,2280
4874,8890640708,50
4875,11617382549,6000
4876,14839130406,5220
4877,2131112755,120
4878,9128426838,600
4879,3248511615,70
4880,33336156346,380
4881,16663604145,250
4882,1460081663,10
4883,2131112755,120
4884,44114382019,13080
4885,207470782233,6360
4886,83018462314,2800
4887,4101675363,160
4888,1460081663,10
4889,70170852619,2320
4890,111753230135,75750
4891,3155297787,30
4892,2131112755,120
4893,2129728871,80
4894,1410951772,60
4895,642463108,20
4896,3498963678,400
4897,11168928718,320
4898,642463108,20
4899,13503009596,170
4900,3248511615,70
4901,3155297787,30
4902,31723455528,11460
4903,597854622103,4510
4904,17461846483,210
4905,103061428820,8820
4906,29561264791,8320
4907,1989408758,40
4908,49875810790,1680
4909,130364661735,3840
4910,2680666674,100
4911,13175843055,480
4912,220225676402,3400
4913,19618372147,640
4914,163448578795,51870
4915,1989408758,40
4916,1410951772,60
4917,107356367,500000
4918,29561264791,8320
4919,103903431860,7140
4920,642463108,20
4921,1460081663,10
4922,13805813254,350
4923,107356367,500000
4924,26878024615,960
4925,8890640708,50
4926,3248511615,70
4927,407338165,360180
4928,50977340686,620
4929,1989408758,40
4930,10093778100,110
4931,143083831287,66260
4932,28423629096,700
4933,570233005,297410
4934,1989408758,40
4935,15149273275,230
4936,110703189125,510
4937,2129728871,80
4938,8890640708,50
4939,86937114417,1560
4940,107356367,500000
4941,3498963678,400
4942,49181019185,430
4943,2131112755,120
4944,16663604145,250
4945,25118415259,720
4946,479285321,426110
4947,9128426838,600
4948,376511022571,3460
4949,3155297787,30
4950,3498963678,400
4951,153125796783,1550
4952,25715559667,440
4953,107356367,500000
4954,31718364044,11360
4955,6175180283,194000
4956,11999169782,360
4957,2971585584,173630
4958,107356367,500000
4959,1410951772,60
4960,2680666674,100
4961,35082637617,1040
4962,8890640708,50
4963,1739696212,188470
4964,17461846483,210
4965,2700711032,200
4966,267830444789,1730
4967,642463108,20
4968,27818723522,1280
4969,11999169782,360
4970,1460081663,10
4971,51189256085,47220
4972,2131112755,120
4973,18536928071,1600
4974,13175843055,480
4975,2129728871,80
4976,1989408758,40
4977,120128511295,15000
4978,236986342009,35840
4979,2247110095,260620
4980,11999169782,360
4981,78628630914,11400
4982,43845140351,5380
4983,7632138894,150
4984,642463108,20
4985,46266450120,880
4986,32902663700,1020
4987,2131112755,120
4988,28423629096,700
4989,7632138894,150
4990,81826610387,7740
4991,122259438259,12050
4992,83532074855,1300
4993,8890640708,50
4994,3498963678,400
4995,1989408758,40
4996,28423629096,700
4997,2700711032,200
4998,456939974313,1190
4999,41586799762,7280
5000,37647546133,123580
5001,8890640708,50
5002,8890640708,50
5003,59192250382,310
5004,3155297787,30
5005,199288361563,7210
5006,25118415259,720
5007,42635005721,1920
5008,17231374945,560
5009,22947144105,540
5010,5004700354,300
5011,3155297787,30
5012,642463108,20
5013,17461846483,210
5014,1460081663,10
5015,90599221175,7060
5016,12467529875,92000
5017,2700711032,200
5018,47727873071,3000
5019,642463108,20
5020,31672662363,840
5021,1410951772,60
5022,27823517189,8160
5023,75566779630,4800
5024,2129728871,80
5025,642463108,20
5026,3498963678,400
5027,107356367,500000
5028,8890640708,50
5029,47727873071,3000
5030,9128426838,600
5031,2129728871,80
5032,3498963678,400
5033,1989408758,40
5034,145451985609,2240
5035,154187647593,3560
5036,15401032616,107800
5037,1410951772,60
5038,1410951772,60
5039,107356367,500000
5040,29405995646,7230
5041,1410951772,60
5042,191012842278,3640
5043,38907977116,2400
5044,32392093595,4900
5045,8890640708,50
5046,63551217216,1160
5047,37838287351,61340
5048,13805813254,350
5049,3842400185,181820
5050,3155297787,30
5051,11168928718,320
5052,53055566507,9410
5053,107356367,500000
5054,122303016206,31400
5055,11685752060,280
5056,29491905716,660
5057,69037376985,2060
5058,38941691457,1520
5059,144227613185,8050
5060,11436042229,105210
5061,642463108,20
5062,4750466533,180
5063,2680666674,100
5064,642463108,20
5065,1989408758,40
5066,317126845715,15170
5067,1460081663,10
5068,4210843414,222270
5069,99714527314,9750
5070,55845212249,1360
5071,49736015129,1440
5072,107356367,500000
5073,4101675363,160
5074,83532074855,1300
5075,300173495669,4120
5076,29561264791,8320
5077,650683900538,2470
5078,28481466122,420
5079,32941775333,77040
5080,25561003510,117870
5081,150376618518,1880
5082,1989408758,40
5083,35484487501,2560
5084,366970729753,4080
5085,2700711032,200
5086,301699969104,23620
5087,1200103067,383010
5088,2680666674,100
5089,252957593602,40530
5090,25715559667,440
5091,145451985609,2240
5092,107356367,500000
5093,82816160235,1640
5094,40642282735,370
5095,8890640708,50
5096,335522158227,2010
5097,31377036712,900
5098,357833618667,4100
5099,1989408758,40
5100,107356367,500000
5101,104220226997,25340
5102,7389868499,1000
5103,7632138894,150
5104,60621460711,10200
5105,1410951772,60
5106,1410951772,60
5107,2131112755,120
5108,73169373677,1620
5109,11168928718,320
5110,12054500246,129440
5111,2700711032,200
5112,642463108,20
5113,25801847636,580
5114,26988989205,750
5115,119116075258,30400
5116,35484487501,2560
5117,2131112755,120
5118,61236483904,5280
5119,46266450120,880
5120,130029866754,2440
5121,63551217216,1160
5122,350925581375,16080
5123,29405995646,7230
5124,5325216397,240
5125,28481030422,520
5126,114259679508,69700
5127,241620203447,3060
5128,11685752060,280
5129,1989408758,40
5130,5004700354,300
5131,642463108,20
5132,642463108,20
5133,1989408758,40
5134,25118415259,720
5135,2680666674,100
5136,770246944,463620
5137,336910130,493690
5138,81768420176,690
5139,1410951772,60
5140,2131112755,120
5141,17461846483,210
5142,2680666674,100
5143,8541574373,123780
5144,5004700354,300
5145,105774057820,29440
5146,106514864326,490
5147,2131112755,120
5148,178131872399,2900
5149,28481030422,520
5150,63056612238,9880
5151,80838899373,10880
5152,3155297787,30
5153,5325216397,240
5154,4101675363,160
5155,642463108,20
5156,3498963678,400
5157,1460081663,10
5158,8771610191,140
5159,217010712174,3520
5160,3248511615,70
5161,1989408758,40
5162,642463108,20
5163,79075380100,24600
5164,5325216397,240
5165,645480664539,2870
5166,5325216397,240
5167,642463108,20
5168,34107639799,56100
5169,30189212169,124700
5170,498949678660,1810
5171,107356367,500000
5172,1460081663,10
5173,3155297787,30
5174,30567251497,920
5175,1989408758,40
5176,1989408758,40
5177,1410951772,60
5178,2129728871,80
5179,248672394983,3230
5180,642463108,20
5181,165760151198,1340
5182,49181019185,430
5183,122259438259,12050
5184,1460081663,10
5185,18953189146,4940
5186,13421214031,5520
5187,142083247113,39070
5188,2700711032,200
5189,1989408758,40
5190,4750466533,180
5191,5325216397,240
5192,107356367,500000
5193,177822896649,12940
5194,10093778100,110
5195,30567251497,920
5196,2700711032,200
5197,2131112755,120
5198,110063133123,9440
5199,15230320883,500
5200,25941016146,340
5201,2129728871,80
5202,1163089251,238440
5203,5004700354,300
5204,63182934940,10160
5205,15149273275,230
5206,522564665,483630
5207,2129728871,80
5208,5004700354,300
5209,8890640708,50
5210,4750466533,180
5211,642463108,20
5212,642463108,20
5213,1989408758,40
5214,1410951772,60
5215,219909588200,3980
5216,5004700354,300
5217,9128426838,600
5218,1989408758,40
5219,50020304629,460
5220,642463108,20
5221,7389868499,1000
5222,1460081663,10
5223,642463108,20
5224,2700711032,200
5225,642463108,20
5226,3248511615,70
5227,2700711032,200
5228,642463108,20
5229,19618372147,640
5230,4101675363,160
5231,1965540345,241740
5232,44127938987,114120
5233,203696818523,590
5234,3380870500,220960
5235,7190408233,156760
5236,2131112755,120
5237,2129728871,80
5238,16663604145,250
5239,87582687817,16110
5240,90982185556,7320
5241,7632138894,150
5242,642463108,20
5243,192806953470,3280
5244,17461846483,210
5245,106662100368,16320
5246,296762846065,3510
5247,16704191328,10500
5248,3498963678,400
5249,107356367,500000
5250,128953185082,8500
5251,4101675363,160
5252,642463108,20
5253,1496763551,253000
5254,3498963678,400
5255,107356367,500000
5256,18962906803,2000
5257,107356367,500000
5258,3155297787,30
5259,642463108,20
5260,76003942536,1860
5261,8160380638,800
5262,11685752060,280
5263,11168928718,320
5264,1989408758,40
5265,107356367,500000
5266,7632138894,150
5267,242464481741,1900
5268,1460081663,10
5269,1989408758,40
5270,291550928032,3260
5271,2131112755,120
5272,44964107008,330
5273,53067740046,1080
5274,642463108,20
5275,3248511615,70
5276,1410951772,60
5277,642463108,20
5278,2680666674,100
5279,2129728871,80
5280,642463108,20
5281,1989408758,40
5282,3498963678,400
5283,67774165811,770
5284,1410951772,60
5285,107356367,500000
5286,11168928718,320
5287,83412103503,57070
5288,8771610191,140
5289,1460081663,10
5290,5325216397,240
5291,11685752060,280
5292,10125666868,220
5293,1989408758,40
5294,3248511615,70
5295,2700711032,200
5296,460241450790,1870
5297,50439408677,55360
5298,53637805687,820
5299,63868019628,6970
5300,13175843055,480
5301,1989408758,40
5302,1460081663,10
5303,17461846483,210
5304,10093778100,110
5305,3155297787,30
5306,72719496844,51400
5307,2129728871,80
5308,56704791397,51330
5309,4101675363,160
5310,1147866599,265110
5311,365367104779,5290
5312,460768363,465600
5313,114708276874,50620
5314,166724340361,1030
5315,2131112755,120
5316,137193556010,1050
5317,1460081663,10
5318,9128426838,600
5319,19618372147,640
5320,3498963678,400
5321,25715559667,440
5322,11168928718,320
5323,1460081663,10
5324,849773482,467470
5325,1460081663,10
5326,71066342983,940
5327,10125666868,220
5328,25715559667,440
5329,642463108,20
5330,150705938391,1630
5331,57421466052,11060
5332,17461846483,210
5333,2680666674,100
5334,1460081663,10
5335,107356367,500000
5336,107356367,500000
5337,7632138894,150
5338,642463108,20
5339,1460081663,10
5340,7632138894,150
5341,40183417397,5840
5342,642463108,20
5343,1410951772,60
5344,2131112755,120
5345,1989408758,40
5346,2129728871,80
5347,2131112755,120
5348,290842233155,1310
5349,13503009596,170
5350,3248511615,70
5351,663923324613,1990
5352,46266450120,880
5353,19618372147,640
5354,451911498604,2490
5355,38907977116,2400
5356,107356367,500000
5357,10125666868,220
5358,96397107272,1460
5359,383994776498,25200
5360,1460081663,10
5361,16628626764,130
5362,80867563876,11040
5363,642463108,20
5364,1410951772,60
5365,44964107008,330
5366,107356367,500000
5367,217010712174,3520
5368,11999169782,360
5369,1460081663,10
5370,53067740046,1080
5371,127617535457,6840
5372,107356367,500000
5373,2700711032,200
5374,2129728871,80
5375,28433132681,5100
5376,137193556010,1050
5377,13503009596,170
5378,67774165811,770
5379,1410951772,60
5380,2131112755,120
5381,4101675363,160
5382,389766824985,3500
5383,13175843055,480
5384,8771610191,140
5385,75566779630,4800
5386,8890640708,50
5387,1460081663,10
5388,11685752060,280
5389,34430702028,127560
5390,1234188153,347570
5391,13503009596,170
5392,1989408758,40
5393,8771610191,140
5394,236633116,393350
5395,275919711352,35570
5396,2680666674,100
5397,8771610191,140
5398,2028284013,197260
5399,34180757670,81840
5400,28423629096,700
5401,2700711032,200
5402,3498963678,400
5403,361170626118,3820
5404,1460081663,10
5405,1460081663,10
5406,11999169782,360
5407,2129728871,80
5408,11999169782,360
5409,642463108,20
5410,642463108,20
5411,642463108,20
5412,2680666674,100
5413,2700711032,200
5414,2700711032,200
5415,18405098557,1200
5416,294751080091,3960
5417,25118415259,720
5418,9128426838,600
5419,172485223434,26270
5420,2129728871,80
5421,1989408758,40
5422,31377036712,900
5423,18405098557,1200
5424,1460081663,10
5425,2129728871,80
5426,5004700354,300
5427,11999169782,360
5428,2680666674,100
5429,127246346726,14670
5430,95185346891,6380
5431,3155297787,30
5432,1460081663,10
5433,8890640708,50
5434,13805813254,350
5435,129936548133,1700
5436,368886208687,27830
5437,7389868499,1000
5438,56766957321,8130
5439,3498963678,400
5440,137193556010,1050
5441,13503009596,170
5442,4101675363,160
5443,2700711032,200
5444,75708503239,1960
5445,7632138894,150
5446,5325216397,240
5447,18405098557,1200
5448,176514313646,21210
5449,1989408758,40
5450,78981497476,34830
5451,10286165074,116620
5452,668382519391,3050
5453,5436288290,177840
5454,1989408758,40
5455,1410951772,60
5456,650683900538,2470
5457,5325216397,240
5458,4101675363,160
5459,2129728871,80
5460,107356367,500000
5461,73169373677,1620
5462,13503009596,170
5463,1460081663,10
5464,207470782233,6360
5465,13503009596,170
5466,22237168465,140640
5467,35082637617,1040
5468,3248511615,70
5469,2129728871,80
5470,1460081663,10
5471,10125666868,220
5472,10125666868,220
5473,366676846064,24880
5474,3248511615,70
5475,24540185288,139120
5476,642463108,20
5477,1460081663,10
5478,2680666674,100
5479,156696300929,17660
5480,642463108,20
5481,119780084203,73350
5482,78393088242,3200
5483,4101675363,160
5484,1989408758,40
5485,28481466122,420
5486,4101675363,160
5487,889948658515,4090
5488,44976473227,54010
5489,2129728871,80
5490,9128426838,600
5491,1989408758,40
5492,5325216397,240
5493,320385006,358250
5494,3155297787,30
5495,89884823647,2480
5496,13175843055,480
5497,236331466937,3020
5498,2680666674,100
5499,182546953784,2680
5500,12549547551,141000
5501,642463108,20
5502,188825517324,7650
5503,173097859623,47390
5504,8160380638,800
5505,1410951772,60
5506,642463108,20
5507,642463108,20
5508,31957226762,680
5509,2129728871,80
5510,2700711032,200
5511,1460081663,10
5512,18962906803,2000
5513,711936062025,1790
5514,521046320091,4140
5515,2129728871,80
5516,27818723522,1280
5517,642463108,20
5518,1410951772,60
5519,110063133123,9440
5520,1460081663,10
5521,174026483422,3240
5522,11168928718,320
5523,13850764281,116760
5524,2393693357060,4480
5525,8890640708,50
5526,37625811344,1400
5527,161082269082,1980
5528,55237758047,9780
5529,642463108,20
5530,13503009596,170
5531,107356367,500000
5532,106514864326,490
5533,25715559667,440
5534,19382011857,144570
5535,1357719254459,4640
5536,102394560393,5310
5537,3155297787,30
5538,549449229091,1530
5539,107356367,500000
5540,2700711032,200
5541,18405098557,1200
5542,1989408758,40
5543,17231374945,560
5544,25941016146,340
5545,117521242923,3920
5546,13503009596,170
5547,58470667554,6430
5548,1460081663,10
5549,65150716152,1420
5550,4312643547,224640
5551,32902663700,1020
5552,1410951772,60
5553,5004700354,300
5554,2700711032,200
5555,308379400581,17570
5556,57732532632,9660
5557,1989408758,40
5558,75472778549,10840
5559,107356367,500000
5560,78741178761,9720
5561,107356367,500000
5562,642463108,20
5563,147221211609,40040
5564,2131112755,120
5565,9128426838,600
5566,449720840934,2740
5567,2131112755,120
5568,10125666868,220
5569,2700711032,200
5570,84770893538,54610
5571,7389868499,1000
5572,1410951772,60
5573,19618372147,640
5574,642463108,20
5575,24854274407,132180
5576,642463108,20
5577,1410951772,60
5578,107356367,500000
5579,32902663700,1020
5580,75708503239,1960
5581,107356367,500000
5582,40058785915,1100
5583,149053509611,2130
5584,94522636237,670
5585,22841573218,1800
5586,3155297787,30
5587,2700711032,200
5588,8890640708,50
5589,7389868499,1000
5590,2700711032,200
5591,203696818523,590
5592,1460081663,10
5593,15230320883,500
5594,1410951772,60
5595,32902663700,1020
5596,3498963678,400
5597,5325216397,240
5598,13175843055,480
5599,456712403,283580
5600,107940358121,17150
5601,6672684671,200580
5602,913721346701,4230
5603,2129728871,80
5604,19618372147,640
5605,376511022571,3460
5606,326055169665,14990
5607,107356367,500000
5608,2378088084343,3130
5609,107356367,500000
5610,107356367,500000
5611,1410951772,60
5612,130364661735,3840
5613,642463108,20
5614,1460081663,10
5615,40076163404,8140
5616,47727873071,3000
5617,76389082717,390
5618,156138698209,3360
5619,156478642446,26990
5620,15230320883,500
5621,10125666868,220
5622,107356367,500000
5623,21886491329,73560
5624,263306795635,2550
5625,2131112755,120
5626,25118415259,720
5627,7389868499,1000
5628,642463108,20
5629,1410951772,60
5630,141295678608,1170
5631,1989408758,40
5632,115810767079,10800
5633,107356367,500000
5634,74508074661,740
5635,642463108,20
5636,17231374945,560
5637,51203462102,7510
5638,86147553598,11610
5639,906577985974,4300
5640,67774165811,770
5641,31957226762,680
5642,7632138894,150
5643,59093303154,6140
5644,208476476743,9170
5645,25941016146,340
5646,1989408758,40
5647,43754259058,8580
5648,107356367,500000
5649,65150716152,1420
5650,2680666674,100
5651,68521172507,7980
5652,11999169782,360
5653,1460081663,10
5654,1460081663,10
5655,55558740625,5960
5656,10093778100,110
5657,2700711032,200
5658,31672662363,840
5659,642463108,20
5660,1989408758,40
5661,107356367,500000
5662,2680666674,100
5663,642463108,20
5664,2700711032,200
5665,1410951772,60
5666,25118415259,720
5667,7632138894,150
5668,4101675363,160
5669,107356367,500000
5670,4750466533,180
5671,1296561591,349460
5672,107356367,500000
5673,135107441595,2120
5674,107356367,500000
5675,241798423648,810
5676,2131112755,120
5677,15230320883,500
5678,106514864326,490
5679,642463108,20
5680,8890640708,50
5681,2129728871,80
5682,2131112755,120
5683,1410951772,60
5684,1460081663,10
5685,642463108,20
5686,49875810790,1680
5687,8160380638,800
5688,135107441595,2120
5689,26878024615,960
5690,3248511615,70
5691,8160380638,800
5692,1460081663,10
5693,76003942536,1860
5694,28481466122,420
5695,1460081663,10
5696,642463108,20
5697,642463108,20
5698,10093778100,110
5699,642463108,20
5700,276822726826,2750
5701,146616877072,1670
5702,343994138283,4340
5703,3498963678,400
5704,642463108,20
5705,34101939336,95440
5706,1172373474047,2970
5707,9405702726,90
5708,1460081663,10
5709,3248511615,70
5710,31777336413,71670
5711,89725718745,12800
5712,19618372147,640
5713,44964107008,330
5714,1989408758,40
5715,165972722923,1250
5716,2131112755,120
5717,241620203447,3060
5718,7632138894,150
5719,40142224772,8760
5720,126178467300,64480
5721,2680666674,100
5722,3498963678,400
5723,2680666674,100
5724,5004700354,300
5725,57421466052,11060
5726,2700711032,200
5727,31377036712,900
5728,2129728871,80
5729,642463108,20
5730,8890640708,50
5731,17231374945,560
5732,1028205515,428360
5733,102933087025,54490
5734,2129728871,80
5735,9405702726,90
5736,1106228015722,3170
5737,2129728871,80
5738,16663604145,250
5739,31723455528,11460
5740,4750466533,180
5741,1410951772,60
5742,77637389386,32620
5743,8890640708,50
5744,168194665014,51360
5745,4101675363,160
5746,3155297787,30
5747,2131112755,120
5748,25941016146,340
5749,4101675363,160
5750,1989408758,40
5751,220225676402,3400
5752,3498963678,400
5753,13175843055,480
5754,188271688429,3940
5755,1460081663,10
5756,231116809145,710
5757,71438733323,81070
5758,1172373474047,2970
5759,12501136590,260
5760,1989408758,40
5761,1460081663,10
5762,58955902197,7200
5763,136815065774,610
5764,56757000936,860
5765,2147346791646,3450
5766,46164985971,15480
5767,1410951772,60
5768,3155297787,30
5769,38941691457,1520
5770,1460081663,10
5771,3248511615,70
5772,105095572145,9140
5773,107356367,500000
5774,1410951772,60
5775,79386532521,48300
5776,2680666674,100
5777,25941016146,340
5778,144958830419,11340
5779,7389868499,1000
5780,642463108,20
5781,1989408758,40
5782,2680666674,100
5783,4750466533,180
5784,18405098557,1200
5785,866007691,315830
5786,107356367,500000
5787,2129728871,80
5788,107356367,500000
5789,642463108,20
5790,152589316481,2380
5791,113771492113,6730
5792,5004700354,300
5793,1410951772,60
5794,35141211551,18300
5795,107356367,500000
5796,17461846483,210
5797,1410951772,60
5798,3155297787,30
5799,28481030422,520
5800,16628626764,130
5801,8771610191,140
5802,642463108,20
5803,2680666674,100
5804,28481030422,520
5805,413972159189,4240
5806,248091568900,12910
5807,170254487513,910
5808,46873391825,20030
5809,7632138894,150
5810,132412443469,23560
5811,194583691420,5300
5812,8160380638,800
5813,10976359669,173090
5814,69037376985,2060
5815,182546953784,2680
5816,1410951772,60
5817,102394560393,5310
5818,27818723522,1280
5819,2129728871,80
5820,44346993896,5330
5821,107356367,500000
5822,1460081663,10
5823,2700711032,200
5824,2131112755,120
5825,22947144105,540
5826,1460081663,10
5827,47232771363,19160
5828,126101337696,2700
5829,245870579098,14430
5830,1483363474,313880
5831,42635005721,1920
5832,776744079733,4040
5833,583496972292,4070
5834,3498963678,400
5835,3981477527,206320
5836,1989408758,40
5837,5325216397,240
5838,153690887287,2880
5839,149164164468,2180
5840,18405098557,1200
5841,23717057018,270
5842,42645513714,5320
5843,5004700354,300
5844,68695409972,76320
5845,7632138894,150
5846,154187647593,3560
5847,104220226997,25340
5848,267830444789,1730
5849,1460081663,10
5850,8890640708,50
5851,112237707106,6180
5852,2680666674,100
5853,47727873071,3000
5854,163324317620,3480
5855,7632138894,150
5856,62230305739,450
5857,3155297787,30
5858,4750466533,180
5859,9405702726,90
5860,49736015129,1440
5861,45869951033,12270
5862,47727873071,3000
5863,107356367,500000
5864,204145918315,22950
5865,25715559667,440
5866,62230305739,450
5867,2131112755,120
5868,9654971868,159950
5869,391056721,418370
5870,3248511615,70
5871,2131112755,120
5872,1410951772,60
5873,261119521201,2820
5874,1410951772,60
5875,5004700354,300
5876,2129728871,80
5877,684355182,337690
5878,642463108,20
5879,107356367,500000
5880,277537177695,4600
5881,191012842278,3640
5882,2680666674,100
5883,110602495191,10110
5884,145451985609,2240
5885,16628626764,130
5886,8890640708,50
5887,1460081663,10
5888,2680666674,100
5889,83463167613,23600
5890,26878024615,960
5891,913721346701,4230
5892,1989408758,40
5893,2129728871,80
5894,642463108,20
5895,1460081663,10
5896,8890640708,50
5897,15149273275,230
5898,107356367,500000
5899,9405702726,90
5900,1410951772,60
5901,3155297787,30
5902,31672662363,840
5903,1410951772,60
5904,2131112755,120
5905,86571307483,80670
5906,642463108,20
5907,465259677922,3370
5908,15149273275,230
5909,3155297787,30
5910,3155297787,30
5911,13503009596,170
5912,12501136590,260
5913,13175843055,480
5914,641941951,475830
5915,59192250382,310
5916,300173495669,4120
5917,8771610191,140
5918,1460081663,10
5919,1989408758,40
5920,18962906803,2000
5921,2131112755,120
5922,1460081663,10
5923,2129728871,80
5924,1410951772,60
5925,1989408758,40
5926,137532812846,1740
5927,1989408758,40
5928,70125742858,550
5929,3155297787,30
5930,39237349975,1120
5931,18962906803,2000
5932,5325216397,240
5933,82816160235,1640
5934,1410951772,60
5935,107356367,500000
5936,220233453968,2420
5937,1989408758,40
5938,384637377932,3180
5939,1839553275185,4130
5940,107356367,500000
5941,1460081663,10
5942,94522636237,670
5943,173349614530,4020
5944,76699088255,2360
5945,1989408758,40
5946,2700711032,200
5947,199480226379,11780
5948,82816160235,1640
5949,1410951772,60
5950,6162060700,183770
5951,48103746458,7540
5952,2680666674,100
5953,107356367,500000
5954,2129728871,80
5955,8160380638,800
5956,1460081663,10
5957,29491905716,660
5958,1989408758,40
5959,413374353,344220
5960,1410951772,60
5961,1989408758,40
5962,2129728871,80
5963,105095572145,9140
5964,9128426838,600
5965,2680666674,100
5966,1460081663,10
5967,18070015473,7760
5968,107356367,500000
5969,122971945463,470
5970,113146677197,4000
5971,301055917140,16800
5972,739580974,352600
5973,2680666674,100
5974,107356367,500000
5975,42166798127,105920
5976,1989408758,40
5977,10125666868,220
5978,2700711032,200
5979,26696100090,92260
5980,242635629882,23250
5981,235719031616,11960
5982,2680666674,100
5983,107356367,500000
5984,152966097569,13540
5985,642463108,20
5986,2700711032,200
5987,2680666674,100
5988,2131112755,120
5989,642463108,20
5990,115666587138,8060
5991,2700711032,200
5992,2129728871,80
5993,59326627443,1760
5994,107356367,500000
5995,3155297787,30
5996,405707162,401270
5997,642463108,20
5998,13805813254,350
5999,297152611877,11860
6000,2700711032,200
6001,5004700354,300
6002,53637805687,820
6003,173931198010,1510
6004,417207476475,9310
6005,31377036712,900
6006,10717058207,118930
6007,15230320883,500
6008,210576129005,2840
6009,5004700354,300
6010,2131112755,120
6011,2700711032,200
6012,17231374945,560
6013,11617382549,6000
6014,99897012782,10080
6015,1460081663,10
6016,80219289005,6600
6017,3248511615,70
6018,148963651289,1660
6019,2700711032,200
6020,38062709610,760
6021,50020304629,460
6022,191012842278,3640
6023,2129728871,80
6024,3248511615,70
6025,195126242393,40320
6026,154187647593,3560
6027,2131112755,120
6028,30567251497,920
6029,3248511615,70
6030,411446222770,15300
6031,4101675363,160
6032,2680666674,100
6033,4101675363,160
6034,3155297787,30
6035,17886148023,137360
6036,135853839623,16660
6037,147683639451,1930
6038,13503009596,170
6039,69037376985,2060
6040,2680666674,100
6041,2131112755,120
6042,2680666674,100
6043,3248511615,70
6044,84285260107,6750
6045,642463108,20
6046,3248511615,70
6047,1410951772,60
6048,3248511615,70
6049,86937114417,1560
6050,11617382549,6000
6051,8160380638,800
6052,10125666868,220
6053,23717057018,270
6054,2131112755,120
6055,1460081663,10
6056,440133462917,4740
6057,2129728871,80
6058,5004700354,300
6059,11999169782,360
6060,5670042922,206310
6061,75708503239,1960
6062,642463108,20
6063,76389082717,390
6064,1460081663,10
6065,2700711032,200
6066,44964107008,330
6067,19618372147,640
6068,121938888103,8400
6069,384935901795,1890
6070,13503009596,170
6071,42586480471,65380
6072,13175843055,480
6073,71812450487,9690
6074,1460081663,10
6075,417218535,346160
6076,1460081663,10
6077,2131112755,120
6078,4101675363,160
6079,2131112755,120
6080,22841573218,1800
6081,160687928966,4320
6082,127347856466,22560
6083,38062709610,760
6084,104249026508,10320
6085,169187864961,40760
6086,2680666674,100
6087,82816160235,1640
6088,9128426838,600
6089,4750466533,180
6090,37625811344,1400
6091,2131112755,120
6092,192237825632,2520
6093,1460081663,10
6094,1989408758,40
6095,2680666674,100
6096,2680666674,100
6097,29491905716,660
6098,8771610191,140
6099,8771610191,140
6100,15230320883,500
6101,157405969547,20460
6102,2700711032,200
6103,99250112107,1940
6104,15149273275,230
6105,642463108,20
6106,17105375652,111380
6107,2131112755,120
6108,1989408758,40
6109,59192250382,310
6110,83146685683,7720
6111,39237349975,1120
6112,107356367,500000
6113,1460081663,10
6114,4750466533,180
6115,95185346891,6380
6116,82189529449,16860
6117,2131112755,120
6118,42590953593,117850
6119,2700711032,200
6120,25118415259,720
6121,958458732,417880
6122,9128426838,600
6123,18962906803,2000
6124,1185353978,283450
6125,569473515,388590
6126,642463108,20
6127,2700711032,200
6128,36817294349,1140
6129,107356367,500000
6130,87428380030,5490
6131,83018462314,2800
6132,642463108,20
6133,86659031114,7820
6134,324652129013,3580
6135,251423308246,43610
6136,60621460711,10200
6137,15230320883,500
6138,86235798485,36330
6139,460241450790,1870
6140,1410951772,60
6141,82816160235,1640
6142,42635005721,1920
6143,18962906803,2000
6144,108351875497,31300
6145,2700711032,200
6146,8771610191,140
6147,25941016146,340
6148,4750466533,180
6149,22947144105,540
6150,3248511615,70
6151,110380110723,58720
6152,2680666674,100
6153,17461846483,210
6154,5325216397,240
6155,642463108,20
6156,57732532632,9660
6157,107356367,500000
6158,8771610191,140
6159,2129728871,80
6160,1460081663,10
6161,642463108,20
6162,957444362,427410
6163,2131112755,120
6164,1460081663,10
6165,1460081663,10
6166,318332993893,12290
6167,37625811344,1400
6168,49736015129,1440
6169,2131112755,120
6170,3498963678,400
6171,2131112755,120
6172,1460081663,10
6173,12665382267,4920
6174,36817294349,1140
6175,107356367,500000
6176,3155297787,30
6177,158301099877,12500
6178,3155297787,30
6179,1989408758,40
6180,1460081663,10
6181,10125666868,220
6182,113146677197,4000
6183,7632138894,150
6184,5325216397,240
6185,32902663700,1020
6186,2129728871,80
6187,1460081663,10
6188,4750466533,180
6189,11999169782,360
6190,126101337696,2700
6191,9128426838,600
6192,11168928718,320
6193,105774057820,29440
6194,101708932252,980
6195,1460081663,10
6196,1460081663,10
6197,192237825632,2520
6198,18962906803,2000
6199,165169020477,2960
6200,8771610191,140
6201,67826821440,5900
6202,2129728871,80
6203,171294900844,6070
6204,17339398633,5720
6205,642463108,20
6206,4750466533,180
6207,1410951772,60
6208,1989408758,40
6209,37159752956,1500
6210,186456606001,47900
6211,2700711032,200
6212,3498963678,400
6213,55845212249,1360
6214,60583323067,75130
6215,25801847636,580
6216,9128426838,600
6217,2700711032,200
6218,3155297787,30
6219,8771610191,140
6220,182747867130,4200
6221,11617382549,6000
6222,642463108,20
6223,99185979019,3420
6224,57189421428,7770
6225,31672662363,840
6226,4101675363,160
6227,113146677197,4000
6228,642463108,20
6229,22947144105,540
6230,642463108,20
6231,18070015473,7760
6232,366970729753,4080
6233,74508074661,740
6234,26744858109,4970
6235,8890640708,50
6236,234022242042,5810
6237,3155297787,30
6238,40642282735,370
6239,2700711032,200
6240,2680666674,100
6241,445529140,371970
6242,59326627443,1760
6243,54645092549,99950
6244,642463108,20
6245,642463108,20
6246,642463108,20
6247,790490441522,2290
6248,153690887287,2880
6249,2131112755,120
6250,1989408758,40
6251,5325216397,240
6252,2680666674,100
6253,218901263671,1210
6254,2680666674,100
6255,5004700354,300
6256,4101675363,160
6257,182546953784,2680
6258,41633656026,290
6259,2680666674,100
6260,54765665696,10120
6261,378255485978,3970
6262,13998415485,190
6263,48034532774,21140
6264,73990245658,94470
6265,69097605880,9840
6266,1410951772,60
6267,55845212249,1360
6268,107356367,500000
6269,16628626764,130
6270,2680666674,100
6271,82816160235,1640
6272,147372871858,7690
6273,642463108,20
6274,30567251497,920
6275,2131112755,120
6276,50020304629,460
6277,1410951772,60
6278,71066342983,940
6279,96459026902,10640
6280,277802274491,17230
6281,115810767079,10800
6282,5004700354,300
6283,642463108,20
6284,36912564088,123680
6285,50020304629,460
6286,217010712174,3520
6287,89884823647,2480
6288,122120692610,2500
6289,11999169782,360
6290,332930828304,26950
6291,165169020477,2960
6292,154990333876,4380
6293,31957226762,680
6294,8136138115,155860
6295,642463108,20
6296,28423629096,700
6297,95717966820,5920
6298,2700711032,200
6299,12501136590,260
6300,1460081663,10
6301,642463108,20
6302,3155297787,30
6303,642463108,20
6304,4750466533,180
6305,1989408758,40
6306,10125666868,220
6307,25118415259,720
6308,1410951772,60
6309,28481030422,520
6310,642463108,20
6311,2129728871,80
6312,13503009596,170
6313,9128426838,600
6314,1410951772,60
6315,136300868488,5130
6316,48446638081,2600
6317,170254487513,910
6318,82086073633,23200
6319,10125666868,220
6320,26988989205,750
6321,2700711032,200
6322,209542455259,4060
6323,86937114417,1560
6324,2131112755,120
6325,125552745665,6680
6326,2131112755,120
6327,2131112755,120
6328,473390088664,3330
6329,89884823647,2480
6330,3155297787,30
6331,165169020477,2960
6332,70937215902,1320
6333,5325216397,240
6334,107356367,500000
6335,642463108,20
6336,2129728871,80
6337,7632138894,150
6338,391612105618,4620
6339,224387748893,4560
6340,250946985640,10660
6341,190355985406,1150
6342,4101675363,160
6343,15230320883,500
6344,11999169782,360
6345,3155297787,30
6346,58955902197,7200
6347,16663604145,250
6348,107356367,500000
6349,1989408758,40
6350,642463108,20
6351,34644788461,9240
6352,148963651289,1660
6353,40058785915,1100
6354,38062709610,760
6355,58309205757,8540
6356,50020304629,460
6357,63182934940,10160
6358,82086073633,23200
6359,47623189094,49190
6360,25118415259,720
6361,642463108,20
6362,99250112107,1940
6363,170693339548,7080
6364,1410951772,60
6365,25118415259,720
6366,642463108,20
6367,111177962277,1540
6368,2700711032,200
6369,642463108,20
6370,58494612999,47600
6371,356569103766,11300
6372,107356367,500000
6373,56757000936,860
6374,10125666868,220
6375,17461846483,210
6376,2129728871,80
6377,26878024615,960
6378,642463108,20
6379,59326627443,1760
6380,26878024615,960
6381,1460081663,10
6382,23717057018,270
6383,2131112755,120
6384,389766824985,3500
6385,65150716152,1420
6386,188271688429,3940
6387,58195648566,100830
6388,227677034724,20860
6389,37625811344,1400
6390,1410951772,60
6391,4101675363,160
6392,16628626764,130
6393,5325216397,240
6394,25118415259,720
6395,40058785915,1100
6396,2700711032,200
6397,123578767561,8660
6398,642463108,20
6399,13175843055,480
6400,3155297787,30
6401,2700711032,200
6402,1989408758,40
6403,12501136590,260
6404,36301848466,5700
6405,3498963678,400
6406,214688546396,3340
6407,22947144105,540
6408,642463108,20
6409,107356367,500000
6410,642463108,20
6411,21374020507,141920
6412,107356367,500000
6413,107356367,500000
6414,33336156346,380
6415,37159752956,1500
6416,2700711032,200
6417,172724453843,19450
6418,9891087490,160450
6419,1410951772,60
6420,50020304629,460
6421,8890640708,50
6422,56863310441,80640
6423,496058120732,2590
6424,59192250382,310
6425,1410951772,60
6426,18405098557,1200
6427,26878024615,960
6428,4101675363,160
6429,335082250712,4700
6430,25118415259,720
6431,1460081663,10
6432,1460081663,10
6433,49875810790,1680
6434,1410951772,60
6435,2129728871,80
6436,5325216397,240
6437,47727873071,3000
6438,44964107008,330
6439,64353401503,6920
6440,2680666674,100
6441,3032498523,198300
6442,117584555981,2640
6443,4101675363,160
6444,11168928718,320
6445,15419167355,140790
6446,1460081663,10
6447,107356367,500000
6448,174026483422,3240
6449,107356367,500000
6450,281433215781,13190
6451,30567251497,920
6452,213021427510,38300
6453,1989408758,40
6454,229401599349,3120
6455,41028403480,8520
6456,54096325140,2100
6457,16663604145,250
6458,98465560766,67130
6459,3248511615,70
6460,2700711032,200
6461,74508074661,740
6462,107356367,500000
6463,8771610191,140
6464,65447721559,68660
6465,21258475540,5240
6466,65167181937,42240
6467,105680957087,46780
6468,81513870704,1260
6469,320883901352,3860
6470,4101675363,160
6471,642463108,20
6472,8890640708,50
6473,2700711032,200
6474,544952399199,1850
6475,107356367,500000
6476,3155297787,30
6477,1460081663,10
6478,3248511615,70
6479,642463108,20
6480,3248511615,70
6481,8160380638,800
6482,18962906803,2000
6483,4750466533,180
6484,88576106229,7440
6485,4101675363,160
6486,13503009596,170
6487,17231374945,560
6488,9405702726,90
6489,9405702726,90
6490,155043166460,2620
6491,8890640708,50
6492,2129728871,80
6493,4750466533,180
6494,642463108,20
6495,1460081663,10
6496,1410951772,60
6497,642463108,20
6498,1989408758,40
6499,348296415427,1590
6500,2129728871,80
6501,2131112755,120
6502,51055806471,6080
6503,42635005721,1920
6504,23717057018,270
6505,93931741030,17390
6506,2131112755,120
6507,107356367,500000
6508,2700711032,200
6509,642463108,20
6510,1249088727,277150
6511,642463108,20
6512,2129728871,80
6513,107356367,500000
6514,37675978129,8880
6515,3155297787,30
6516,28481030422,520
6517,1460081663,10
6518,19618372147,640
6519,327149689948,2780
6520,8890640708,50
6521,1460081663,10
6522,277537177695,4600
6523,3248511615,70
6524,642463108,20
6525,666721164,321020
6526,8160380638,800
6527,11106437370,133910
6528,7632138894,150
6529,5004700354,300
6530,17461846483,210
6531,75566779630,4800
6532,3498963678,400
6533,99897012782,10080
6534,15230320883,500
6535,5325216397,240
6536,2700711032,200
6537,8890640708,50
6538,2680666674,100
6539,35082637617,1040
6540,1556268913,260680
6541,5325216397,240
6542,9623932226,175030
6543,1989408758,40
6544,289802395275,18230
6545,319843335044,1770
6546,211667116088,17430
6547,107356367,500000
6548,7389868499,1000
6549,2131112755,120
6550,3248511615,70
6551,232456221873,25720
6552,1989408758,40
6553,597531681,384360
6554,113944913565,10230
6555,61841205958,8410
6556,642463108,20
6557,10125666868,220
6558,32902663700,1020
6559,75566779630,4800
6560,122758736466,1060
6561,154605920387,1720
6562,642463108,20
6563,642463108,20
6564,2131112755,120
6565,28481030422,520
6566,117521242923,3920
6567,3155297787,30
6568,3248511615,70
6569,107356367,500000
6570,31957226762,680
6571,207832245119,9200
6572,107356367,500000
6573,3155297787,30
6574,8890640708,50
6575,1410951772,60
6576,2680666674,100
6577,1460081663,10
6578,756380442,390780
6579,28423629096,700
6580,3155297787,30
6581,1410951772,60
6582,107356367,500000
6583,62230305739,450
6584,49875810790,1680
6585,123653036614,8780
6586,2131112755,120
6587,9128426838,600
6588,107356367,500000
6589,1460081663,10
6590,2129728871,80
6591,1989408758,40
6592,86869098658,17640
6593,156138698209,3360
6594,2680666674,100
6595,170254487513,910
6596,2700711032,200
6597,2129728871,80
6598,1989408758,40
6599,1410951772,60
6600,107356367,500000
6601,76152442909,6800
6602,3155297787,30
6603,642463108,20
6604,151440256042,62550
6605,196284049650,1820
6606,25715559667,440
6607,37281197397,62010
6608,3248511615,70
6609,364495080456,10330
6610,83532074855,1300
6611,188956644704,9580
6612,39544179131,80530
6613,135107441595,2120
6614,1410951772,60
6615,25474614539,105300
6616,46071646459,16000
6617,2129728871,80
6618,8890640708,50
6619,17461846483,210
6620,52603264488,3600
6621,974541664,292410
6622,2131112755,120
6623,1410951772,60
6624,8771610191,140
6625,5004700354,300
6626,122971945463,470
6627,2131112755,120
6628,4101675363,160
6629,144690978213,870
6630,53067740046,1080
6631,36301848466,5700
6632,31672662363,840
6633,3498963678,400
6634,74826103695,91270
6635,191066783078,10450
6636,1912057553,210150
6637,139899194651,24220
6638,74508074661,740
6639,27019468236,83720
6640,38756887751,6420
6641,2131112755,120
6642,15230320883,500
6643,63250740635,40030
6644,10125666868,220
6645,642463108,20
6646,328068699,495990
6647,642463108,20
6648,9405702726,90
6649,9764206623,157290
6650,130029866754,2440
6651,642463108,20
6652,2131112755,120
6653,58588804933,5980
6654,2680666674,100
6655,1460081663,10
6656,1989408758,40
6657,31957226762,680
6658,1460081663,10
6659,3155297787,30
6660,6106074196,178870
6661,1460081663,10
6662,68505661833,71900
6663,4101675363,160
6664,642463108,20
6665,1460081663,10
6666,74094047745,62760
6667,1460081663,10
6668,2700711032,200
6669,28481466122,420
6670,2131112755,120
6671,138976509189,29180
6672,1410951772,60
6673,85653166578,15890
6674,28481030422,520
6675,62230305739,450
6676,642463108,20
6677,1989408758,40
6678,124719473818,19660
6679,487628453873,1330
6680,80172813305,5560
6681,2680666674,100
6682,2700711032,200
6683,2680666674,100
6684,2680666674,100
6685,642463108,20
6686,82658042365,830
6687,11999169782,360
6688,1022508928,451800
6689,320786676212,7110
6690,54096325140,2100
6691,55845212249,1360
6692,2753584272,244770
6693,17461846483,210
6694,7632138894,150
6695,8890640708,50
6696,5004700354,300
6697,362901872328,26090
6698,5325216397,240
6699,47727873071,3000
6700,642463108,20
6701,122120692610,2500
6702,2129728871,80
6703,1410951772,60
6704,2680666674,100
6705,37625811344,1400
6706,107356367,500000
6707,71720042109,1220
6708,8890640708,50
6709,63551217216,1160
6710,1460081663,10
6711,2129728871,80
6712,18962906803,2000
6713,1460081663,10
6714,15230320883,500
6715,11168928718,320
6716,85653166578,15890
6717,1989408758,40
6718,42635005721,1920
6719,52894683141,108440
6720,2700711032,200
6721,141434932075,26820
6722,1410951772,60
6723,2700711032,200
6724,71066342983,940
6725,18962906803,2000
6726,2131112755,120
6727,5799156525,212230
6728,1460081663,10
6729,182747867130,4200
6730,345503662126,6030
6731,1740502337282,3670
6732,2129728871,80
6733,5004700354,300
6734,28423629096,700
6735,296762846065,3510
6736,1989408758,40
6737,18962906803,2000
6738,37625811344,1400
6739,15149273275,230
6740,1989408758,40
6741,10093778100,110
6742,642463108,20
6743,11838419913,151470
6744,330684439463,3760
6745,1410951772,60
6746,1410951772,60
6747,130029866754,2440
6748,38907977116,2400
6749,40389754126,7350
6750,23504449540,5090
6751,1460081663,10
6752,53067740046,1080
6753,8890640708,50
6754,260317020969,570
6755,2680666674,100
6756,10125666868,220
6757,1410951772,60
6758,11168928718,320
6759,111177962277,1540
6760,1410951772,60
6761,23717057018,270
6762,5325216397,240
6763,2131112755,120
6764,25941016146,340
6765,330684439463,3760
6766,11617382549,6000
6767,2129728871,80
6768,2700711032,200
6769,10093778100,110
6770,32392093595,4900
6771,2680666674,100
6772,1410951772,60
6773,104919504439,31560
6774,1460081663,10
6775,4750466533,180
6776,107356367,500000
6777,2129728871,80
6778,10093778100,110
6779,107356367,500000
6780,1410951772,60
6781,90903083639,8870
6782,1460081663,10
6783,427471106790,4010
6784,2131112755,120
6785,1410951772,60
6786,15149273275,230
6787,2129728871,80
6788,15230320883,500
6789,160012209211,7560
6790,228359426661,29960
6791,59192250382,310
6792,291550928032,3260
6793,3155297787,30
6794,8890640708,50
6795,2700711032,200
6796,286371857133,14130
6797,25801847636,580
6798,3155297787,30
6799,4750466533,180
6800,15230320883,500
6801,5325216397,240
6802,7632138894,150
6803,109405436018,64520
6804,3155297787,30
6805,992439321312,2850
6806,168571981442,27540
6807,2131112755,120
6808,4101675363,160
6809,642463108,20
6810,8771610191,140
6811,8771610191,140
6812,107356367,500000
6813,1410951772,60
6814,642463108,20
6815,25715559667,440
6816,59192250382,310
6817,9405702726,90
6818,2700711032,200
6819,10125666868,220
6820,4750466533,180
6821,161874911000,13880
6822,12170731127,111760
6823,642463108,20
6824,142182427623,31850
6825,5325216397,240
6826,4101675363,160
6827,3248511615,70
6828,2129728871,80
6829,1410951772,60
6830,1989408758,40
6831,82658042365,830
6832,42635005721,1920
6833,5004700354,300
6834,642463108,20
6835,30567251497,920
6836,8890640708,50
6837,96397107272,1460
6838,214652876226,39690
6839,10125666868,220
6840,2680666674,100
6841,40720059316,9760
6842,107356367,500000
6843,107356367,500000
6844,11168928718,320
6845,1118898164,287690
6846,107356367,500000
6847,56345436066,31420
6848,55082232789,6010
6849,3248511615,70
6850,107356367,500000
6851,31377036712,900
6852,28481030422,520
6853,1410951772,60
6854,4101675363,160
6855,1410951772,60
6856,107356367,500000
6857,22841573218,1800
6858,3155297787,30
6859,1989408758,40
6860,15149273275,230
6861,180367010145,45090
6862,111258118998,1780
6863,2680666674,100
6864,7632138894,150
6865,9128426838,600
6866,193491298968,1580
6867,265952443271,25260
6868,3155297787,30
6869,273341572822,2920
6870,17461846483,210
6871,1410951772,60
6872,2129728871,80
6873,5004700354,300
6874,3498963678,400
6875,2700711032,200
6876,53637805687,820
6877,4750466533,180
6878,8890640708,50
6879,2129728871,80
6880,10093778100,110
6881,411457658889,12460
6882,10125666868,220
6883,9405702726,90
6884,8890640708,50
6885,2700711032,200
6886,15601409643,93080
6887,80407275103,41190
6888,13998415485,190
6889,1460081663,10
6890,1410951772,60
6891,12501136590,260
6892,5325216397,240
6893,5325216397,240
6894,3155297787,30
6895,119938063081,2150
6896,31672662363,840
6897,33336156346,380
6898,107356367,500000
6899,2680666674,100
6900,107356367,500000
6901,13175843055,480
6902,1410951772,60
6903,1410951772,60
6904,8771610191,140
6905,196458103936,15050
6906,2129728871,80
6907,53067740046,1080
6908,210576129005,2840
6909,345274678615,9030
6910,5325216397,240
6911,460241450790,1870
6912,642463108,20
6913,7632138894,150
6914,540025635171,2830
6915,3155297787,30
6916,156138698209,3360
6917,1460081663,10
6918,3155297787,30
6919,8771610191,140
6920,300173495669,4120
6921,1460081663,10
6922,29491905716,660
6923,19618372147,640
6924,3248511615,70
6925,120397689630,2160
6926,913316277,310360
6927,642463108,20
6928,2129728871,80
6929,3155297787,30
6930,188736604890,4500
6931,642463108,20
6932,5004700354,300
6933,1989408758,40
6934,170913611346,18250
6935,56896886293,22800
6936,1460081663,10
6937,10125666868,220
6938,2129728871,80
6939,9405702726,90
6940,9128426838,600
6941,34644788461,9240
6942,642463108,20
6943,5004700354,300
6944,1410951772,60
6945,28481030422,520
6946,1460081663,10
6947,1460081663,10
6948,1410951772,60
6949,5325216397,240
6950,231073198,439240
6951,16628626764,130
6952,157452702164,4360
6953,8771610191,140
6954,7632138894,150
6955,3155297787,30
6956,150586531437,1840
6957,1460081663,10
6958,13805813254,350
6959,5245618521,138420
6960,107356367,500000
6961,75201684972,2720
6962,30526647185,6940
6963,2700711032,200
6964,33341703600,82520
6965,374352729283,13680
6966,1410951772,60
6967,48731911041,73680
6968,58955902197,7200
6969,913721346701,4230
6970,107356367,500000
6971,60428856775,13400
6972,7632138894,150
6973,5325216397,240
6974,58571749105,5120
6975,405465164009,9590
6976,46266450120,880
6977,69037376985,2060
6978,27818723522,1280
6979,48405683098,72800
6980,83018462314,2800
6981,62230305739,450
6982,25715559667,440
6983,107356367,500000
6984,2131112755,120
6985,88576106229,7440
6986,16663604145,250
6987,1410951772,60
6988,549449229091,1530
6989,38907977116,2400
6990,106514864326,490
6991,2700711032,200
6992,83615987996,14880
6993,7632138894,150
6994,11168928718,320
6995,1017813657,393240
6996,127553685404,11000
6997,2129728871,80
6998,44964107008,330
6999,22841573218,1800
7000,150705938391,1630
7001,642463108,20
7002,19201236730,150870
7003,1989408758,40
7004,642463108,20
7005,10125666868,220
7006,361170626118,3820
7007,107356367,500000
7008,107356367,500000
7009,107356367,500000
7010,102540802919,10140
7011,1989408758,40
7012,3248511615,70
7013,137522884224,2080
7014,107356367,500000
7015,5325216397,240
7016,107356367,500000
7017,107356367,500000
7018,1989408758,40
7019,16628626764,130
7020,642463108,20
7021,122971945463,470
7022,8538884220,172130
7023,3498963678,400
7024,11685752060,280
7025,25941016146,340
7026,19618372147,640
7027,55700307471,4830
7028,642463108,20
7029,1989408758,40
7030,291550928032,3260
7031,41257329877,94860
7032,1460081663,10
7033,38941691457,1520
7034,128048255585,39040
7035,28481030422,520
7036,358017253263,26120
7037,254784363730,36260
7038,71720042109,1220
7039,2129728871,80
7040,40058785915,1100
7041,3498963678,400
7042,137532812846,1740
7043,48405683098,72800
7044,3498963678,400
7045,1410951772,60
7046,26878024615,960
7047,107356367,500000
7048,26148963904,1240
7049,14320310474,5160
7050,642463108,20
7051,23717057018,270
7052,4101675363,160
7053,75566779630,4800
7054,2700711032,200
7055,3155297787,30
7056,184318031115,7660
7057,13175843055,480
7058,19618372147,640
7059,2129728871,80
7060,3248511615,70
7061,28481466122,420
7062,2680666674,100
7063,120397689630,2160
7064,642463108,20
7065,52018871853,12320
7066,2131112755,120
7067,8771610191,140
7068,1410951772,60
7069,2129728871,80
7070,90726221836,8920
7071,126383298618,17960
7072,2129728871,80
7073,63551217216,1160
7074,3155297787,30
7075,376279547790,26460
7076,15149273275,230
7077,874580825,264120
7078,9128426838,600
7079,2700711032,200
7080,1410951772,60
7081,98867661564,33600
7082,2131112755,120
7083,25715559667,440
7084,642463108,20
7085,1460081663,10
7086,9128426838,600
7087,1989408758,40
7088,107356367,500000
7089,40642282735,370
7090,4750466533,180
7091,207329203496,8090
7092,18536928071,1600
7093,2680666674,100
7094,3498963678,400
7095,5004700354,300
7096,2129728871,80
7097,23717057018,270
7098,19309128496,136880
7099,75201684972,2720
7100,196284049650,1820
7101,1989408758,40
7102,2129728871,80
7103,196666651372,4870
7104,317390065043,18940
7105,5325216397,240
7106,10093778100,110
7107,2131112755,120
7108,1460081663,10
7109,78393088242,3200
7110,10093778100,110
7111,1410951772,60
7112,1410951772,60
7113,8890640708,50
7114,18536928071,1600
7115,12501136590,260
7116,5004700354,300
7117,2131112755,120
7118,1410951772,60
7119,107356367,500000
7120,135853839623,16660
7121,3155297787,30
7122,94522636237,670
7123,1410951772,60
7124,22731348000,112900
7125,642463108,20
7126,642463108,20
7127,3155297787,30
7128,1460081663,10
7129,107356367,500000
7130,9128426838,600
7131,3248511615,70
7132,13503009596,170
7133,1989408758,40
7134,86937114417,1560
7135,40642282735,370
7136,107356367,500000
7137,1410951772,60
7138,107356367,500000
7139,116468259053,21450
7140,2129728871,80
7141,2680666674,100
7142,26988989205,750
7143,15059714896,115250
7144,62333817013,15100
7145,107356367,500000
7146,3248511615,70
7147,15230320883,500
7148,4101675363,160
7149,75708503239,1960
7150,16628626764,130
7151,25708476545,127510
7152,642463108,20
7153,1410951772,60
7154,157452702164,4360
7155,13175843055,480
7156,642463108,20
7157,79770938357,12810
7158,169515267172,15860
7159,107356367,500000
7160,2700711032,200
7161,12501136590,260
7162,639563464975,1410
7163,107356367,500000
7164,8160380638,800
7165,2853066264,178600
7166,5004700354,300
7167,1460081663,10
7168,184991408942,2460
7169,3138479727,235900
7170,9405702726,90
7171,90599221175,7060
7172,17231374945,560
7173,20722080129,11480
7174,91602535864,26960
7175,89432949190,9560
7176,23028863796,103600
7177,3248511615,70
7178,3155297787,30
7179,642463108,20
7180,107356367,500000
7181,41633656026,290
7182,4066549793,162920
7183,5004700354,300
7184,9128426838,600
7185,8771610191,140
7186,225443795475,19540
7187,16628626764,130
7188,774014295,325330
7189,2131112755,120
7190,245049567268,38740
7191,642463108,20
7192,107356367,500000
7193,1410951772,60
7194,1410951772,60
7195,39237349975,1120
7196,642463108,20
7197,107356367,500000
7198,2129728871,80
7199,9405702726,90
7200,26939314530,128750
7201,2680666674,100
7202,642463108,20
7203,2131112755,120
7204,40642282735,370
7205,1410951772,60
7206,7632138894,150
7207,642463108,20
7208,54096325140,2100
7209,1410951772,60
7210,69335711435,2220
7211,2131112755,120
7212,5004700354,300
7213,13503009596,170
7214,106514864326,490
7215,1460081663,10
7216,11685752060,280
7217,496382929649,2430
7218,15230320883,500
7219,8160380638,800
7220,3155297787,30
7221,2129728871,80
7222,25941016146,340
7223,53067740046,1080
7224,173349614530,4020
7225,148963651289,1660
7226,642463108,20
7227,109999233238,650
7228,7481733188,163130
7229,116644151104,6320
7230,642463108,20
7231,35484487501,2560
7232,26988989205,750
7233,107356367,500000
7234,2131112755,120
7235,2129728871,80
7236,19618372147,640
7237,152966097569,13540
7238,288001819702,4520
7239,2126991848,192960
7240,3155297787,30
7241,18536928071,1600
7242,2129728871,80
7243,1460081663,10
7244,2131112755,120
7245,135107441595,2120
7246,107356367,500000
7247,18962906803,2000
7248,27619497645,410
7249,17231374945,560
7250,334309157388,7000
7251,44964107008,330
7252,9405702726,90
7253,2129728871,80
7254,5004700354,300
7255,16628626764,130
7256,32902663700,1020
7257,136318434749,56970
7258,262741734238,41690
7259,11999169782,360
7260,5325216397,240
7261,184758904670,11790
7262,110703189125,510
7263,845203508,487780
7264,5147996771,141180
7265,81973719042,22180
7266,48919355344,6880
7267,84454303043,6550
7268,7389868499,1000
7269,3248511615,70
7270,28481466122,420
7271,225450325940,3830
7272,11168928718,320
7273,2131112755,120
7274,427471106790,4010
7275,1989408758,40
7276,7632138894,150
7277,8890640708,50
7278,107356367,500000
7279,99250112107,1940
7280,228517508811,3900
7281,1410951772,60
7282,17461846483,210
7283,642463108,20
7284,3155297787,30
7285,5325216397,240
7286,3498963678,400
7287,13998415485,190
7288,169078418254,3720
7289,26878024615,960
7290,32902663700,1020
7291,1410951772,60
7292,1460081663,10
7293,642463108,20
7294,8466032474,185250
7295,1460081663,10
7296,70937215902,1320
7297,37159752956,1500
7298,16226492041,134130
7299,3155297787,30
7300,5325216397,240
7301,2680666674,100
7302,107356367,500000
7303,4750466533,180
7304,15149273275,230
7305,1989408758,40
7306,1460081663,10
7307,107356367,500000
7308,4101675363,160
7309,2129728871,80
7310,8399890055,188220
7311,145631326231,44000
7312,2129728871,80
7313,384935901795,1890
7314,4101675363,160
7315,156138698209,3360
7316,8890640708,50
7317,67774165811,770
7318,8890640708,50
7319,348296415427,1590
7320,31957226762,680
7321,339864372696,4420
7322,107356367,500000
7323,169124671513,3080
7324,145008101845,3320
7325,214688546396,3340
7326,89504378304,630
7327,62481019986,91050
7328,9405702726,90
7329,38907977116,2400
7330,9751959634,112790
7331,642463108,20
7332,1460081663,10
7333,2885811087,162710
7334,351211906287,14240
7335,642463108,20
7336,10125666868,220
7337,2129728871,80
7338,563884263,301900
7339,241798423648,810
7340,11716656232,90110
7341,58955902197,7200
7342,85613685079,12200
7343,5325216397,240
7344,11685752060,280
7345,3155297787,30
7346,19645394594,151810
7347,322863387242,7270
7348,642463108,20
7349,32581665945,6240
7350,27466659792,780
7351,84285260107,6750
7352,155043166460,2620
7353,5325216397,240
7354,178173697955,20180
7355,75566779630,4800
7356,70761338602,8000
7357,3498963678,400
7358,4101675363,160
7359,13805813254,350
7360,12501136590,260
7361,8160380638,800
7362,156138698209,3360
7363,26878024615,960
7364,107356367,500000
7365,13805813254,350
7366,215919023540,14710
7367,11168928718,320
7368,107356367,500000
7369,26988989205,750
7370,4101675363,160
7371,88747791842,58320
7372,1410951772,60
7373,10125666868,220
7374,11685752060,280
7375,1989408758,40
7376,242464481741,1900
7377,496021257,493630
7378,144690978213,870
7379,11168928718,320
7380,78628630914,11400
7381,18717417554,7040
7382,642463108,20
7383,5325216397,240
7384,16848187378,131700
7385,79148335760,11260
7386,4750466533,180
7387,2680666674,100
7388,1410951772,60
7389,15149273275,230
7390,642463108,20
7391,11999169782,360
7392,12501136590,260
7393,11685752060,280
7394,11685752060,280
7395,82766355497,2660
7396,3155297787,30
7397,41438005257,7220
7398,53637805687,820
7399,2700711032,200
7400,2131112755,120
7401,107356367,500000
7402,15230320883,500
7403,2700711032,200
7404,642463108,20
7405,64775426694,15630
7406,124375194560,1180
7407,1460081663,10
7408,11685752060,280
7409,47727873071,3000
7410,13998415485,190
7411,1989408758,40
7412,1410951772,60
7413,343004207016,530
7414,2700711032,200
7415,207454851033,5270
7416,18405098557,1200
7417,53637805687,820
7418,642463108,20
7419,1410951772,60
7420,3248511615,70
7421,182747867130,4200
7422,149303713278,28480
7423,3155297787,30
7424,23717057018,270
7425,49736015129,1440
7426,141488322401,3880
7427,1460081663,10
7428,642463108,20
7429,74508074661,740
7430,114185665339,2040
7431,2680666674,100
7432,8890640708,50
7433,65150716152,1420
7434,2129728871,80
7435,195768491706,20820
7436,102394560393,5310
7437,61448619436,99710
7438,82816160235,1640
7439,2680666674,100
7440,96397107272,1460
7441,1989408758,40
7442,163324317620,3480
7443,2700711032,200
7444,3155297787,30
7445,108785424956,7290
7446,138609158277,5340
7447,185659801887,28410
7448,81151820138,8380
7449,19618372147,640
7450,839784212,274940
7451,154990333876,4380
7452,128221238276,19400
7453,3498963678,400
7454,28481466122,420
7455,1989408758,40
7456,1989408758,40
7457,16628626764,130
7458,161082269082,1980
7459,133602616263,23800
7460,56816059127,24020
7461,642463108,20
7462,1460081663,10
7463,8771610191,140
7464,18338581356,4810
7465,1460081663,10
7466,5004700354,300
7467,2129728871,80
7468,1989408758,40
7469,374872487371,7380
7470,3248511615,70
7471,2680666674,100
7472,107356367,500000
7473,642463108,20
7474,7632138894,150
7475,1460081663,10
7476,56896886293,22800
7477,1276918541,307800
7478,136549315889,1380
7479,642463108,20
7480,4101675363,160
7481,97643239301,56300
7482,65150716152,1420
7483,2129728871,80
7484,107356367,500000
7485,7468512475,176270
7486,10093778100,110
7487,2700711032,200
7488,642463108,20
7489,2131112755,120
7490,13175843055,480
7491,3155297787,30
7492,7632138894,150
7493,95717966820,5920
7494,9128426838,600
7495,642463108,20
7496,27466659792,780
7497,199480226379,11780
7498,10125666868,220
7499,107356367,500000
7500,1460081663,10
7501,166724340361,1030
7502,2129728871,80
7503,1989408758,40
7504,3248511615,70
7505,33336156346,380
7506,18405098557,1200
7507,3155297787,30
7508,11999169782,360
7509,3248511615,70
7510,55082232789,6010
7511,2131112755,120
7512,169601958156,3740
7513,130029866754,2440
7514,148963651289,1660
7515,124375194560,1180
7516,42635005721,1920
7517,218901263671,1210
7518,182747867130,4200
7519,3248511615,70
7520,17231374945,560
7521,7389868499,1000
7522,2129728871,80
7523,28423629096,700
7524,109999233238,650
7525,2129728871,80
7526,1460081663,10
7527,642463108,20
7528,107356367,500000
7529,2129728871,80
7530,2129728871,80
7531,2700711032,200
7532,9128426838,600
7533,3155297787,30
7534,2700711032,200
7535,1989408758,40
7536,107356367,500000
7537,18405098557,1200
7538,32941775333,77040
7539,3248511615,70
7540,296762846065,3510
7541,1410951772,60
7542,48103746458,7540
7543,2680666674,100
7544,68496873759,5580
7545,27619497645,410
7546,9405702726,90
7547,107356367,500000
7548,642463108,20
7549,55845212249,1360
7550,50020304629,460
7551,2129728871,80
7552,2129728871,80
7553,1410951772,60
7554,1460081663,10
7555,9128426838,600
7556,107356367,500000
7557,174447513074,1370
7558,1989408758,40
7559,1410951772,60
7560,42635005721,1920
7561,642463108,20
7562,63551217216,1160
7563,8160380638,800
7564,65150716152,1420
7565,107356367,500000
7566,2129728871,80
7567,2700711032,200
7568,2680666674,100
7569,101491179947,55950
7570,276884804428,3660
7571,11999169782,360
7572,2129728871,80
7573,113146677197,4000
7574,107356367,500000
7575,642463108,20
7576,2700711032,200
7577,107356367,500000
7578,4750466533,180
7579,107356367,500000
7580,4101675363,160
7581,5564826368,182910
7582,130364661735,3840
7583,15230320883,500
7584,35843946161,94360
7585,2700711032,200
7586,1989408758,40
7587,86659031114,7820
7588,215797578189,3620
7589,1055914052,391670
7590,4101675363,160
7591,8771610191,140
7592,3155297787,30
7593,2700711032,200
7594,149164164468,2180
7595,1410951772,60
7596,10125666868,220
7597,8022817691,153030
7598,14839130406,5220
7599,2700711032,200
7600,2129728871,80
7601,30567251497,920
7602,3155297787,30
7603,2131112755,120
7604,566007206742,2910
7605,9128426838,600
7606,642463108,20
7607,2700711032,200
7608,642463108,20
7609,29491905716,660
7610,82766355497,2660
7611,1989408758,40
7612,15230320883,500
7613,169124671513,3080
7614,15149273275,230
7615,642463108,20
7616,2700711032,200
7617,107356367,500000
7618,56271251300,77400
7619,8771610191,140
7620,113146677197,4000
7621,642463108,20
7622,25118415259,720
7623,1460081663,10
7624,1989408758,40
7625,1460081663,10
7626,161082269082,1980
7627,17461846483,210
7628,1410951772,60
7629,4101675363,160
7630,3248511615,70
7631,48702635772,22890
7632,8771610191,140
7633,40517663010,10860
7634,39237349975,1120
7635,33063196636,19640
7636,139518877538,790
7637,207829738486,48700
7638,4101675363,160
7639,5325216397,240
7640,171720384397,21080
7641,4101675363,160
7642,1989408758,40
7643,1989408758,40
7644,32687180461,127250
7645,31672662363,840
7646,65150716152,1420
7647,171097832420,25640
7648,2315625935,232720
7649,107356367,500000
7650,113146677197,4000
7651,142699942548,34560
7652,2131112755,120
7653,8890640708,50
7654,3248511615,70
7655,10125666868,220
7656,29561264791,8320
7657,220233453968,2420
7658,2720719101,246100
7659,107356367,500000
7660,107815389228,2200
7661,7632138894,150
7662,50258614469,7800
7663,257648328873,30500
7664,9405702726,90
7665,18962906803,2000
7666,8771610191,140
7667,43368189692,7480
7668,25715559667,440
7669,13805813254,350
7670,269165477114,12980
7671,40225995807,122660
7672,227391216027,42600
7673,2129728871,80
7674,8890640708,50
7675,5004700354,300
7676,10093778100,110
7677,8771610191,140
7678,92330175064,5870
7679,130364661735,3840
7680,107356367,500000
7681,3498963678,400
7682,75201684972,2720
7683,3155297787,30
7684,13998415485,190
7685,7632138894,150
7686,107356367,500000
7687,11999169782,360
7688,642463108,20
7689,3155297787,30
7690,906048801277,3530
7691,242464481741,1900
7692,324652129013,3580
7693,642463108,20
7694,642463108,20
7695,1989408758,40
7696,135107441595,2120
7697,221848486754,27660
7698,307421705360,3680
7699,762825271976,3590
7700,27466659792,780
7701,3155297787,30
7702,73169373677,1620
7703,1460081663,10
7704,224100358251,47500
7705,2700711032,200
7706,82816160235,1640
7707,31690726122,10920
7708,18536928071,1600
7709,3498963678,400
7710,28423629096,700
7711,361170626118,3820
7712,12883249160,110580
7713,1410951772,60
7714,137532812846,1740
7715,92766537097,63550
7716,19618372147,640
7717,2654891053,190110
7718,55700307471,4830
7719,3498963678,400
7720,14943415324,162780
7721,84303897611,10680
7722,2131112755,120
7723,7211194928,139440
7724,62116165559,36000
7725,3155297787,30
7726,71066342983,940
7727,107356367,500000
7728,39237349975,1120
7729,642463108,20
7730,8771610191,140
7731,13175843055,480
7732,142083247113,39070
7733,2131112755,120
7734,2680666674,100
7735,2700711032,200
7736,130039719160,21890
7737,3248511615,70
7738,2129728871,80
7739,3248511615,70
7740,10125666868,220
7741,3155297787,30
7742,4750466533,180
7743,1460081663,10
7744,8890640708,50
7745,109999233238,650
7746,1460081663,10
7747,49875810790,1680
7748,1460081663,10
7749,2700711032,200
7750,8890640708,50
7751,1989408758,40
7752,2680666674,100
7753,137193556010,1050
7754,8771610191,140
7755,137532812846,1740
7756,209666940502,8620
7757,82766355497,2660
7758,1460081663,10
7759,107356367,500000
7760,2680666674,100
7761,107981293762,37770
7762,71066342983,940
7763,18536928071,1600
7764,226212970258,25700
7765,111258118998,1780
7766,1410951772,60
7767,4101675363,160
7768,37159752956,1500
7769,3155297787,30
7770,19506273147,130960
7771,222961420038,14650
7772,22194094094,143700
7773,37159752956,1500
7774,149053509611,2130
7775,107356367,500000
7776,69062235443,3040
7777,26878024615,960
7778,2131112755,120
7779,688259360914,4660
7780,42635005721,1920
7781,12615101571,157180
7782,2680666674,100
7783,29491905716,660
7784,27059156409,131450
7785,107356367,500000
7786,74508074661,740
7787,11685752060,280
7788,8890640708,50
7789,53067740046,1080
7790,3155297787,30
7791,642463108,20
7792,11617382549,6000
7793,3155297787,30
7794,12501136590,260
7795,642463108,20
7796,7825198566,99180
7797,1410951772,60
7798,150705938391,1630
7799,1410951772,60
7800,2131112755,120
7801,25118415259,720
7802,1410951772,60
7803,144690978213,870
7804,377441474202,23460
7805,98675456188,2020
7806,82816160235,1640
7807,76864215402,730
7808,87245142985,71210
7809,107356367,500000
7810,2131112755,120
7811,2700711032,200
7812,1460081663,10
7813,135107441595,2120
7814,2131112755,120
7815,8771610191,140
7816,50977340686,620
7817,8890640708,50
7818,81513870704,1260
7819,642463108,20
7820,17231374945,560
7821,3248511615,70
7822,739254999192,3930
7823,62333817013,15100
7824,143588772210,33550
7825,55845212249,1360
7826,194578890275,32400
7827,337257814901,15880
7828,348296415427,1590
7829,2131112755,120
7830,642463108,20
7831,13503009596,170
7832,381366633,262560
7833,1410951772,60
7834,642463108,20
7835,642463108,20
7836,1989408758,40
7837,28423629096,700
7838,3155297787,30
7839,173349614530,4020
7840,1410951772,60
7841,4750466533,180
7842,166724340361,1030
7843,1460081663,10
7844,17461846483,210
7845,50258614469,7800
7846,37625811344,1400
7847,294227624362,5350
7848,642463108,20
7849,642463108,20
7850,1460081663,10
7851,1410951772,60
7852,107356367,500000
7853,53067740046,1080
7854,1460081663,10
7855,1989408758,40
7856,9405702726,90
7857,173931198010,1510
7858,2700711032,200
7859,15230320883,500
7860,47043510260,8800
7861,11685752060,280
7862,1989408758,40
7863,107356367,500000
7864,2129728871,80
7865,107356367,500000
7866,75472778549,10840
7867,2145973521,260850
7868,13421214031,5520
7869,241620203447,3060
7870,1410951772,60
7871,88670441383,8440
7872,339864372696,4420
7873,11168928718,320
7874,2680666674,100
7875,2700711032,200
7876,33336156346,380
7877,67502546510,92930
7878,4750466533,180
7879,89884823647,2480
7880,642463108,20
7881,3155297787,30
7882,2700711032,200
7883,12998938150,6100
7884,4750466533,180
7885,1410951772,60
7886,9405702726,90
7887,2131112755,120
7888,114185665339,2040
7889,8771610191,140
7890,1989408758,40
7891,23504449540,5090
7892,104249026508,10320
7893,2131112755,120
7894,642463108,20
7895,2700711032,200
7896,13175843055,480
7897,12501136590,260
7898,106955953740,60080
7899,1410951772,60
7900,870183846,376890
7901,439186323,291480
7902,2700711032,200
7903,42635005721,1920
7904,47727873071,3000
7905,25715559667,440
7906,345274539467,1470
7907,108785424956,7290
7908,3498963678,400
7909,3248511615,70
7910,4101675363,160
7911,1989408758,40
7912,642463108,20
7913,190616658975,42460
7914,642463108,20
7915,392919528559,4530
7916,1823458315,224120
7917,527383545871,1950
7918,27818723522,1280
7919,107752437226,40540
7920,11999169782,360
7921,16663604145,250
7922,1989408758,40
7923,15230320883,500
7924,40058785915,1100
7925,25106565534,9100
7926,12501136590,260
7927,564865280053,3550
7928,110703189125,510
7929,2129728871,80
7930,1460081663,10
7931,107356367,500000
7932,17461846483,210
7933,17461846483,210
7934,1989408758,40
7935,1460081663,10
7936,2680666674,100
7937,300173495669,4120
7938,1410951772,60
7939,106260212945,41490
7940,1989408758,40
7941,3498963678,400
7942,8771610191,140
7943,4101675363,160
7944,2129728871,80
7945,126101337696,2700
7946,15230320883,500
7947,1460081663,10
7948,120783344797,7120
7949,28481030422,520
7950,5325216397,240
7951,150376618518,1880
7952,2131112755,120
7953,86147553598,11610
7954,7632138894,150
7955,5004700354,300
7956,1989408758,40
7957,1410951772,60
7958,38907977116,2400
7959,107356367,500000
7960,22841573218,1800
7961,107356367,500000
7962,5325216397,240
7963,129018965678,68450
7964,33336156346,380
7965,149053509611,2130
7966,15149273275,230
7967,29491905716,660
7968,2680666674,100
7969,48173707138,7520
7970,1460081663,10
7971,200140673058,3950
7972,391612105618,4620
7973,185468143475,3700
7974,5325216397,240
7975,11685752060,280
7976,1410951772,60
7977,7389868499,1000
7978,7632138894,150
7979,2700711032,200
7980,3155297787,30
7981,2129728871,80
7982,184581311080,850
7983,39237349975,1120
7984,1460081663,10
7985,17231374945,560
7986,9128426838,600
7987,11999169782,360
7988,2700711032,200
7989,473390088664,3330
7990,7389868499,1000
7991,1410951772,60
7992,1521441398,304520
7993,11999169782,360
7994,909518999,350510
7995,8771610191,140
7996,3248511615,70
7997,1989408758,40
7998,5325216397,240
7999,131696812217,15030
8000,121624322360,60920
8001,120397689630,2160
8002,642463108,20
8003,642463108,20
8004,1989408758,40
8005,49875810790,1680
8006,5325216397,240
8007,642463108,20
8008,9128426838,600
8009,70937215902,1320
8010,107356367,500000
8011,159058609022,9250
8012,139998449529,9450
8013,107356367,500000
8014,3155297787,30
8015,8771610191,140
8016,642463108,20
8017,53067740046,1080
8018,3155297787,30
8019,63056612238,9880
8020,2680666674,100
8021,1460081663,10
8022,89504378304,630
8023,2131112755,120
8024,81768420176,690
8025,5004700354,300
8026,49471693579,5620
8027,12998938150,6100
8028,7389868499,1000
8029,50020304629,460
8030,58735526913,97590
8031,4101675363,160
8032,4101675363,160
8033,46266450120,880
8034,291550928032,3260
8035,50977340686,620
8036,130364661735,3840
8037,1989408758,40
8038,11685752060,280
8039,15440884795,138770
8040,2700711032,200
8041,10093778100,110
8042,74532248886,6660
8043,642463108,20
8044,129940151631,20780
8045,642463108,20
8046,63012407342,5040
8047,8771610191,140
8048,11168928718,320
8049,642463108,20
8050,8890640708,50
8051,1989408758,40
8052,416803148899,9090
8053,5325216397,240
8054,10125666868,220
8055,4750466533,180
8056,9128426838,600
8057,31672662363,840
8058,8771610191,140
8059,153827495750,2250
8060,5325216397,240
8061,107356367,500000
8062,9405702726,90
8063,4101675363,160
8064,209898924886,9820
8065,2131112755,120
8066,1460081663,10
8067,10125666868,220
8068,8771610191,140
8069,36981785133,30560
8070,1410951772,60
8071,44964107008,330
8072,1989408758,40
8073,319843335044,1770
8074,4098430386,189930
8075,4101675363,160
8076,59867397552,5910
8077,393888954435,15350
8078,1460081663,10
8079,153690887287,2880
8080,13175843055,480
8081,642463108,20
8082,642463108,20
8083,642463108,20
8084,107356367,500000
8085,4101675363,160
8086,63551217216,1160
8087,27818723522,1280
8088,4750466533,180
8089,2131112755,120
8090,17339398633,5720
8091,22841573218,1800
8092,11168928718,320
8093,1410951772,60
8094,642463108,20
8095,9405702726,90
8096,1460081663,10
8097,220233453968,2420
8098,8890640708,50
8099,642463108,20
8100,3248511615,70
8101,46266450120,880
8102,44020660638,6120
8103,1989408758,40
8104,107356367,500000
8105,75708503239,1960
8106,97609860741,52530
8107,13175843055,480
8108,8771610191,140
8109,5590192228,174610
8110,147463684592,10910
8111,4067102181,224870
8112,11617382549,6000
8113,8160380638,800
8114,440133462917,4740
8115,2680666674,100
8116,2680666674,100
8117,11168928718,320
8118,22841573218,1800
8119,11999169782,360
8120,47043510260,8800
8121,2131112755,120
8122,10093778100,110
8123,42387787622,90260
8124,5325216397,240
8125,2700711032,200
8126,320879880,405380
8127,5004700354,300
8128,273341572822,2920
8129,25118415259,720
8130,1410951772,60
8131,59093303154,6140
8132,2680666674,100
8133,472051669970,2230
8134,2680666674,100
8135,107356367,500000
8136,642463108,20
8137,2680666674,100
8138,40389754126,7350
8139,107356367,500000
8140,8890640708,50
8141,1410951772,60
8142,3155297787,30
8143,642463108,20
8144,2700711032,200
8145,35082637617,1040
8146,5325216397,240
8147,135107441595,2120
8148,5325216397,240
8149,1460081663,10
8150,31957226762,680
8151,2131112755,120
8152,13175843055,480
8153,642463108,20
8154,5004700354,300
8155,1249219972,375550
8156,27466659792,780
8157,31377036712,900
8158,119938063081,2150
8159,1989408758,40
8160,527383545871,1950
8161,1410951772,60
8162,44294909706,68820
8163,26878024615,960
8164,3155297787,30
8165,11168928718,320
8166,300173495669,4120
8167,25715559667,440
8168,1989408758,40
8169,186478669059,4280
8170,1410951772,60
8171,2700711032,200
8172,27466659792,780
8173,7632138894,150
8174,125767473348,5820
8175,50258614469,7800
8176,2700711032,200
8177,9405702726,90
8178,16628626764,130
8179,11168928718,320
8180,2129728871,80
8181,2131112755,120
8182,2131112755,120
8183,25941016146,340
8184,11685752060,280
8185,72251914867,1480
8186,3155297787,30
8187,13805813254,350
8188,3248511615,70
8189,2700711032,200
8190,9128426838,600
8191,134616591585,43060
8192,11168928718,320
8193,13805813254,350
8194,5325216397,240
8195,28423629096,700
8196,15230320883,500
8197,9553873426,179820
8198,383589441093,6190
8199,29491905716,660
8200,107356367,500000
8201,1460081663,10
8202,3498963678,400
8203,2129728871,80
8204,5325216397,240
8205,200043033315,4540
8206,110703189125,510
8207,18536928071,1600
8208,1989408758,40
8209,5325216397,240
8210,1460081663,10
8211,13805813254,350
8212,107356367,500000
8213,29491905716,660
8214,7389868499,1000
8215,642463108,20
8216,22947144105,540
8217,72956525039,90330
8218,2131112755,120
8219,13805813254,350
8220,26148963904,1240
8221,136549315889,1380
8222,89504378304,630
8223,28423629096,700
8224,295358216438,30000
8225,205598359712,2300
8226,107356367,500000
8227,39237349975,1120
8228,2700711032,200
8229,1989408758,40
8230,150715097874,17790
8231,207876220808,6490
8232,33875627247,127700
8233,15230320883,500
8234,2700711032,200
8235,6065242479,205950
8236,160687928966,4320
8237,681952331607,3570
8238,2129728871,80
8239,642463108,20
8240,13175843055,480
8241,218901263671,1210
8242,1989408758,40
8243,1460081663,10
8244,2680666674,100
8245,5325216397,240
8246,10572894213,175730
8247,1410951772,60
8248,10125666868,220
8249,9405702726,90
8250,18962906803,2000
8251,3498963678,400
8252,1410951772,60
8253,1410951772,60
8254,5325216397,240
8255,369294673,307950
8256,7632138894,150
8257,642463108,20
8258,107356367,500000
8259,27818723522,1280
8260,141488322401,3880
8261,239330319580,35440
8262,1460081663,10
8263,2700711032,200
8264,1410951772,60
8265,4101675363,160
8266,18405098557,1200
8267,22841573218,1800
8268,49875810790,1680
8269,1989408758,40
8270,185468143475,3700
8271,46266450120,880
8272,4101675363,160
8273,297500263381,2540
8274,642463108,20
8275,5325216397,240
8276,8890640708,50
8277,8160380638,800
8278,107356367,500000
8279,2131112755,120
8280,752144534,283990
8281,412598770998,17410
8282,1460081663,10
8283,28481030422,520
8284,9405702726,90
8285,2680666674,100
8286,124245592256,37100
8287,1460081663,10
8288,107356367,500000
8289,1989408758,40
8290,181181971125,5410
8291,186478669059,4280
8292,2129728871,80
8293,20428613581,131090
8294,3155297787,30
8295,37159752956,1500
8296,68521172507,7980
8297,31718364044,11360
8298,3155297787,30
8299,190355985406,1150
8300,1460081663,10
8301,7632138894,150
8302,145340955618,29350
8303,642463108,20
8304,14320310474,5160
8305,4750466533,180
8306,2700711032,200
8307,5325216397,240
8308,642463108,20
8309,13805813254,350
8310,16663604145,250
8311,109999233238,650
8312,57189421428,7770
8313,494771415,303880
8314,49736015129,1440
8315,2129728871,80
8316,44964107008,330
8317,391070239030,23960
8318,102866686468,7050
8319,2131112755,120
8320,18962906803,2000
8321,83536382494,47930
8322,8771610191,140
8323,70170852619,2320
8324,107356367,500000
8325,1989408758,40
8326,83018462314,2800
8327,1460081663,10
8328,52018871853,12320
8329,40642282735,370
8330,139988741225,18170
8331,1410951772,60
8332,7632138894,150
8333,46266450120,880
8334,11168928718,320
8335,1410951772,60
8336,38907977116,2400
8337,2129728871,80
8338,11617382549,6000
8339,18962906803,2000
8340,3248511615,70
8341,56766957321,8130
8342,18405098557,1200
8343,152589316481,2380
8344,2129728871,80
8345,161082269082,1980
8346,69091660329,21040
8347,188736604890,4500
8348,31672662363,840
8349,3248511615,70
8350,2700711032,200
8351,5325216397,240
8352,1410951772,60
8353,49181019185,430
8354,3397476347,216020
8355,384128128643,3870
8356,3155297787,30
8357,35484487501,2560
8358,642463108,20
8359,25941016146,340
8360,653141204187,4720
8361,107356367,500000
8362,1460081663,10
8363,8771610191,140
8364,5325216397,240
8365,642463108,20
8366,2165967287737,3490
8367,92933533603,15800
8368,3248511615,70
8369,642463108,20
8370,676537955401,3800
8371,38994692917,91810
8372,2129728871,80
8373,2131112755,120
8374,3498963678,400
8375,11685752060,280
8376,642463108,20
8377,38316128579,124170
8378,1460081663,10
8379,269834284106,37200
8380,587541756,318790
8381,31859868490,10260
8382,78393088242,3200
8383,3155297787,30
8384,1431242805,256800
8385,39237349975,1120
8386,2131112755,120
8387,1989408758,40
8388,126101337696,2700
8389,2129728871,80
8390,11168928718,320
8391,1410951772,60
8392,642463108,20
8393,1460081663,10
8394,3248511615,70
8395,171916584414,10690
8396,3155297787,30
8397,76699088255,2360
8398,9128426838,600
8399,449720840934,2740
8400,7632138894,150
8401,28481030422,520
8402,1460081663,10
8403,276884804428,3660
8404,30022902058,118430
8405,8890640708,50
8406,3155297787,30
8407,12665382267,4920
8408,2700711032,200
8409,29491905716,660
8410,9405702726,90
8411,40058785915,1100
8412,1989408758,40
8413,489333465,342000
8414,89273437714,84180
8415,13421214031,5520
8416,642463108,20
8417,28481030422,520
8418,17231374945,560
8419,105056710281,10020
8420,145451985609,2240
8421,25715559667,440
8422,128411284548,55270
8423,153827495750,2250
8424,53637805687,820
8425,642463108,20
8426,81513870704,1260
8427,5325216397,240
8428,642463108,20
8429,1410951772,60
8430,912457349326,2110
8431,642463108,20
8432,107356367,500000
8433,130039719160,21890
8434,1460081663,10
8435,11168928718,320
8436,1410951772,60
8437,642463108,20
8438,120397689630,2160
8439,365606403988,7850
8440,2129728871,80
8441,87141445252,21500
8442,107356367,500000
8443,3248511615,70
8444,25118415259,720
8445,980014849,221000
8446,13805813254,350
8447,48446638081,2600
8448,76347205664,10340
8449,2680666674,100
8450,2129728871,80
8451,27818723522,1280
8452,76699088255,2360
8453,122971945463,470
8454,14390617276,163400
8455,3248511615,70
8456,1989408758,40
8457,99185979019,3420
8458,642463108,20
8459,72251914867,1480
8460,184991408942,2460
8461,13503009596,170
8462,11685752060,280
8463,10125666868,220
8464,40642282735,370
8465,2700711032,200
8466,2131112755,120
8467,3248511615,70
8468,2131112755,120
8469,53752565565,13600
8470,16404063520,5400
8471,7389868499,1000
8472,25941016146,340
8473,107356367,500000
8474,50020304629,460
8475,2680666674,100
8476,153125796783,1550
8477,642463108,20
8478,642463108,20
8479,3155297787,30
8480,54765665696,10120
8481,4101675363,160
8482,3155297787,30
8483,1410951772,60
8484,18405098557,1200
8485,3498963678,400
8486,56757000936,860
8487,76699088255,2360
8488,642463108,20
8489,1460081663,10
8490,37159752956,1500
8491,1460081663,10
8492,1410951772,60
8493,273341572822,2920
8494,3155297787,30
8495,2680666674,100
8496,2700711032,200
8497,174655456873,9390
8498,18536928071,1600
8499,397747361734,7550
8500,67774165811,770
8501,2131112755,120
8502,112366189941,47090
8503,5325216397,240
8504,17461846483,210
8505,2700711032,200
8506,15149273275,230
8507,1989408758,40
8508,48817098433,39680
8509,50020304629,460
8510,688259360914,4660
8511,107356367,500000
8512,5004700354,300
8513,642463108,20
8514,1087751759,374820
8515,10093778100,110
8516,8890640708,50
8517,110703189125,510
8518,5004700354,300
8519,5004700354,300
8520,239332957127,34070
8521,10093778100,110
8522,400675828,263790
8523,5325216397,240
8524,31957226762,680
8525,1460081663,10
8526,2700711032,200
8527,97835991867,7250
8528,53067740046,1080
8529,642463108,20
8530,1410951772,60
8531,76003942536,1860
8532,2680666674,100
8533,2680666674,100
8534,15149273275,230
8535,41586799762,7280
8536,154990333876,4380
8537,2131112755,120
8538,1460081663,10
8539,266752683813,14680
8540,5004700354,300
8541,11999169782,360
8542,31672662363,840
8543,8160380638,800
8544,291156793490,8940
8545,43754259058,8580
8546,1410951772,60
8547,21298686618,124140
8548,21621970359,104650
8549,2680666674,100
8550,11999169782,360
8551,6619009857,152900
8552,117584555981,2640
8553,107356367,500000
8554,1546874866,305260
8555,3155297787,30
8556,13175843055,480
8557,2131112755,120
8558,263615165710,3540
8559,7389868499,1000
8560,259832421051,5170
8561,642463108,20
8562,2680666674,100
8563,8160380638,800
8564,4750466533,180
8565,169124671513,3080
8566,18536928071,1600
8567,1460081663,10
8568,139188012132,48870
8569,642463108,20
8570,1410951772,60
8571,13175843055,480
8572,81262225254,9220
8573,2700711032,200
8574,8771610191,140
8575,81280467316,18020
8576,182747867130,4200
8577,7389868499,1000
8578,49736015129,1440
8579,263306795635,2550
8580,31672662363,840
8581,101986895741,7340
8582,1989408758,40
8583,37625811344,1400
8584,38062709610,760
8585,203696818523,590
8586,50843730709,8640
8587,1460081663,10
8588,107356367,500000
8589,94589386483,10100
8590,2131112755,120
8591,5325216397,240
8592,32392093595,4900
8593,75566779630,4800
8594,3248511615,70
8595,642463108,20
8596,1460081663,10
8597,642463108,20
8598,299902854468,18340
8599,196284049650,1820
8600,25801847636,580
8601,3202365759,234700
8602,9128426838,600
8603,50020304629,460
8604,31957226762,680
8605,107356367,500000
8606,1460081663,10
8607,642463108,20
8608,122971945463,470
8609,4101675363,160
8610,25054518939,84250
8611,193491298968,1580
8612,394494685,460220
8613,1410951772,60
8614,431030414529,1830
8615,158301099877,12500
8616,15230320883,500
8617,11999169782,360
8618,6532257199,197230
8619,1460081663,10
8620,148963651289,1660
8621,62230305739,450
8622,64014537207,13200
8623,642463108,20
8624,107356367,500000
8625,41633656026,290
8626,13175843055,480
8627,642463108,20
8628,3155297787,30
8629,3498963678,400
8630,11685752060,280
8631,150376618518,1880
8632,3155297787,30
8633,52603264488,3600
8634,153034810015,12660
8635,13805813254,350
8636,3155297787,30
8637,3248511615,70
8638,2131112755,120
8639,642463108,20
8640,722914209,425210
8641,2700711032,200
8642,2129728871,80
8643,8771610191,140
8644,81891224895,88930
8645,72251914867,1480
8646,3155297787,30
8647,2680666674,100
8648,2131112755,120
8649,69037376985,2060
8650,75566779630,4800
8651,50289662356,10180
8652,71066342983,940
8653,315269804880,2210
8654,77213210664,41120
8655,642463108,20
8656,28481466122,420
8657,11999169782,360
8658,13175843055,480
8659,28977655973,7840
8660,113146677197,4000
8661,2131112755,120
8662,67429264529,23640
8663,139518877538,790
8664,4101675363,160
8665,2700711032,200
8666,333399144479,16140
8667,2680666674,100
8668,1410951772,60
8669,11999169782,360
8670,219128715142,19270
8671,4101675363,160
8672,137193556010,1050
8673,1460081663,10
8674,5004700354,300
8675,642463108,20
8676,645480664539,2870
8677,49736015129,1440
8678,5325216397,240
8679,1410951772,60
8680,56757000936,860
8681,5004700354,300
8682,8890640708,50
8683,2131112755,120
8684,642463108,20
8685,17339398633,5720
8686,391612105618,4620
8687,8771610191,140
8688,17420088968,157010
8689,4101675363,160
8690,2680666674,100
8691,1254433792218,4550
8692,36817294349,1140
8693,1460081663,10
8694,5004700354,300
8695,82292142416,12920
8696,120397689630,2160
8697,15230320883,500
8698,642463108,20
8699,28481466122,420
8700,642463108,20
8701,107356367,500000
8702,642463108,20
8703,2129728871,80
8704,12501136590,260
8705,7389868499,1000
8706,2131112755,120
8707,642463108,20
8708,8771610191,140
8709,24738524121,9000
8710,97835991867,7250
8711,107356367,500000
8712,2680666674,100
8713,2700711032,200
8714,163308059697,4400
8715,78393088242,3200
8716,7632138894,150
8717,2129728871,80
8718,329315288424,2890
8719,642463108,20
8720,126101337696,2700
8721,33211384277,78750
8722,8890640708,50
8723,7632138894,150
8724,642463108,20
8725,1460081663,10
8726,2680666674,100
8727,248672394983,3230
8728,12501136590,260
8729,157452702164,4360
8730,76389082717,390
8731,642463108,20
8732,142444172111,14360
8733,26878024615,960
8734,365508843973,20920
8735,7632138894,150
8736,642463108,20
8737,5004700354,300
8738,642463108,20
8739,1460081663,10
8740,642463108,20
8741,192365188280,20740
8742,24738524121,9000
8743,19401885549,12280
8744,200140673058,3950
8745,5004700354,300
8746,135107441595,2120
8747,54096325140,2100
8748,1410951772,60
8749,120420739717,6160
8750,47727873071,3000
8751,2680666674,100
8752,30567251497,920
8753,122758736466,1060
8754,13175843055,480
8755,4101675363,160
8756,9405702726,90
8757,1989408758,40
8758,1410951772,60
8759,642463108,20
8760,17231374945,560
8761,642463108,20
8762,49181019185,430
8763,13175843055,480
8764,9128426838,600
8765,1989408758,40
8766,16663604145,250
8767,1410951772,60
8768,5004700354,300
8769,4101675363,160
8770,2700711032,200
8771,2129728871,80
8772,2700711032,200
8773,1410951772,60
8774,37625811344,1400
8775,1460081663,10
8776,1460081663,10
8777,2131112755,120
8778,320123702955,12700
8779,138275366070,6530
8780,109506267516,10050
8781,40058785915,1100
8782,1410951772,60
8783,8160380638,800
8784,2465865852,220220
8785,17461846483,210
8786,13175843055,480
8787,12501136590,260
8788,2131112755,120
8789,16628626764,130
8790,188736604890,4500
8791,263185863496,6710
8792,1460081663,10
8793,25941016146,340
8794,78309792100,11560
8795,3155297787,30
8796,1460081663,10
8797,138609158277,5340
8798,32902663700,1020
8799,184137747559,37800
8800,28481030422,520
8801,53075234171,9500
8802,139199060932,15420
8803,224398497358,46990
8804,205598359712,2300
8805,173349614530,4020
8806,134805236282,64050
8807,180736010960,8360
8808,1989408758,40
8809,1989408758,40
8810,557814062,392580
8811,335082250712,4700
8812,16404063520,5400
8813,47480527257,47890
8814,3498963678,400
8815,8771610191,140
8816,25801847636,580
8817,2680666674,100
8818,5004700354,300
8819,42397698949,53590
8820,4101675363,160
8821,169078418254,3720
8822,12501136590,260
8823,188313262698,33830
8824,50020304629,460
8825,40080474343,47020
8826,107356367,500000
8827,1460081663,10
8828,139518877538,790
8829,642463108,20
8830,33336156346,380
8831,1460081663,10
8832,10125666868,220
8833,107356367,500000
8834,107356367,500000
8835,5325216397,240
8836,2131112755,120
8837,4750466533,180
8838,2700711032,200
8839,1989408758,40
8840,2680666674,100
8841,642463108,20
8842,15149273275,230
8843,25817679369,130450
8844,84149935059,10060
8845,1460081663,10
8846,2680666674,100
8847,1460081663,10
8848,448484883112,4680
8849,448484883112,4680
8850,4101675363,160
8851,3248511615,70
8852,1460081663,10
8853,28423629096,700
8854,107356367,500000
8855,99801164509,59040
8856,1460081663,10
8857,51522838025,5080
8858,317512171152,17320
8859,18405098557,1200
8860,500435278,496670
8861,2353838051,247840
8862,41438005257,7220
8863,18405098557,1200
8864,75201684972,2720
8865,107356367,500000
8866,7632138894,150
8867,2700711032,200
8868,3155297787,30
8869,23717057018,270
8870,111258118998,1780
8871,1410951772,60
8872,73169373677,1620
8873,2680666674,100
8874,270519856736,14250
8875,1460081663,10
8876,3498963678,400
8877,107356367,500000
8878,1460081663,10
8879,296762846065,3510
8880,223048770045,6340
8881,2131112755,120
8882,69062235443,3040
8883,141488322401,3880
8884,2131112755,120
8885,2700711032,200
8886,10125666868,220
8887,1410951772,60
8888,1989408758,40
8889,41821030865,12480
8890,1410951772,60
8891,2700711032,200
8892,25715559667,440
8893,8890640708,50
8894,181303718040,22140
8895,2680666674,100
8896,642463108,20
8897,1460081663,10
8898,8771610191,140
8899,37159752956,1500
8900,5325216397,240
8901,1816160555,214620
8902,150376618518,1880
8903,25715559667,440
8904,62230305739,450
8905,27619497645,410
8906,107356367,500000
8907,642463108,20
8908,107356367,500000
8909,1989408758,40
8910,1460081663,10
8911,75566779630,4800
8912,4750466533,180
8913,107356367,500000
8914,99391224572,10560
8915,83437100792,11280
8916,56170422008,71430
8917,2131112755,120
8918,169124671513,3080
8919,5004700354,300
8920,1210725394,302400
8921,31957226762,680
8922,4101675363,160
8923,2700711032,200
8924,53067740046,1080
8925,2700711032,200
8926,1881173701,242250
8927,184991408942,2460
8928,255030556883,30720
8929,26878024615,960
8930,204356420,468560
8931,47727873071,3000
8932,134690947991,57020
8933,11685752060,280
8934,22841573218,1800
8935,642463108,20
8936,1989408758,40
8937,82658042365,830
8938,18962906803,2000
8939,5325216397,240
8940,2680666674,100
8941,1460081663,10
8942,8890640708,50
8943,11168928718,320
8944,79821372396,1350
8945,11168928718,320
8946,642463108,20
8947,37159752956,1500
8948,52603264488,3600
8949,2129728871,80
8950,9405702726,90
8951,642463108,20
8952,642463108,20
8953,72662092656,7600
8954,604992432,397170
8955,2680666674,100
8956,13175843055,480
8957,110703189125,510
8958,2680666674,100
8959,22412000627,79020
8960,170254487513,910
8961,2680666674,100
8962,87141445252,21500
8963,106686622296,13260
8964,2680666674,100
8965,2131112755,120
8966,137532812846,1740
8967,2131112755,120
8968,1460081663,10
8969,38453886123,12600
8970,13805813254,350
8971,2680666674,100
8972,55845212249,1360
8973,3452480529,185700
8974,12501136590,260
8975,108785424956,7290
8976,8771610191,140
8977,1460081663,10
8978,1410951772,60
8979,1989408758,40
8980,2129728871,80
8981,2131112755,120
8982,2700711032,200
8983,1296043940,289010
8984,101204283825,12360
8985,194345861443,4160
8986,681645408,495840
8987,28740145909,135570
8988,103903431860,7140
8989,642463108,20
8990,171229564096,3100
8991,2680666674,100
8992,2448919355,190920
8993,9405702726,90
8994,24637270778,49960
8995,124375194560,1180
8996,2680666674,100
8997,107356367,500000
8998,81826610387,7740
8999,63012407342,5040
9000,642463108,20
9001,8160380638,800
9002,5325216397,240
9003,642463108,20
9004,325726664429,7010
9005,1989408758,40
9006,130364661735,3840
9007,4101675363,160
9008,15230320883,500
9009,182144215550,26380
9010,642463108,20
9011,1460081663,10
9012,70125742858,550
9013,4101675363,160
9014,47043510260,8800
9015,642463108,20
9016,642463108,20
9017,56757000936,860
9018,1989408758,40
9019,454076666245,3290
9020,1460081663,10
9021,27818723522,1280
9022,107356367,500000
9023,83437100792,11280
9024,8890640708,50
9025,1410951772,60
9026,3498963678,400
9027,99185979019,3420
9028,158210297768,17870
9029,3155297787,30
9030,107356367,500000
9031,276822726826,2750
9032,122971945463,470
9033,155654535080,57470
9034,642463108,20
9035,17461846483,210
9036,642463108,20
9037,18536928071,1600
9038,642463108,20
9039,1460081663,10
9040,10093778100,110
9041,642463108,20
9042,642463108,20
9043,642463108,20
9044,2131112755,120
9045,15230320883,500
9046,28481466122,420
9047,3498963678,400
9048,5325216397,240
9049,3155297787,30
9050,1460081663,10
9051,3155297787,30
9052,1989408758,40
9053,2680666674,100
9054,566179046010,4440
9055,1410951772,60
9056,107356367,500000
9057,2700711032,200
9058,1989408758,40
9059,3498963678,400
9060,56003782975,12000
9061,107356367,500000
9062,1989408758,40
9063,26163889154,20000
9064,1410951772,60
9065,642463108,20
9066,1460081663,10
9067,4101675363,160
9068,4101675363,160
9069,73169373677,1620
9070,54096325140,2100
9071,1460081663,10
9072,642463108,20
9073,1410951772,60
9074,2129728871,80
9075,3155297787,30
9076,451976049,459460
9077,642463108,20
9078,2730823434,238140
9079,107356367,500000
9080,10125666868,220
9081,642463108,20
9082,3155297787,30
9083,110703189125,510
9084,3155297787,30
9085,18536928071,1600
9086,2131112755,120
9087,642463108,20
9088,254195615522,31660
9089,642463108,20
9090,11685752060,280
9091,72251914867,1480
9092,1410951772,60
9093,137522884224,2080
9094,5004700354,300
9095,1410951772,60
9096,2129728871,80
9097,2131112755,120
9098,314580645801,2260
9099,642463108,20
9100,378686257654,2690
9101,107356367,500000
9102,8771610191,140
9103,76152442909,6800
9104,71177249322,17480
9105,1410951772,60
9106,15665291807,5600
9107,16663604145,250
9108,1460081663,10
9109,2129728871,80
9110,16628626764,130
9111,1989408758,40
9112,2700711032,200
9113,1989408758,40
9114,642463108,20
9115,2129728871,80
9116,156835675970,56000
9117,120158649146,10480
9118,642463108,20
9119,3248511615,70
9120,17231374945,560
9121,107356367,500000
9122,18405098557,1200
9123,642463108,20
9124,229123793731,2760
9125,4750466533,180
9126,154187647593,3560
9127,366970729753,4080
9128,2700711032,200
9129,2310707951,248300
9130,642463108,20
9131,2680666674,100
9132,160091929534,13990
9133,2680666674,100
9134,2700711032,200
9135,47727873071,3000
9136,2700711032,200
9137,3155297787,30
9138,10093778100,110
9139,1410951772,60
9140,8771610191,140
9141,107356367,500000
9142,2131112755,120
9143,32902663700,1020
9144,9405702726,90
9145,25715559667,440
9146,1989408758,40
9147,162009830708,13000
9148,43754259058,8580
9149,642463108,20
9150,19618372147,640
9151,13175843055,480
9152,642463108,20
9153,1989408758,40
9154,3155297787,30
9155,16663604145,250
9156,1460081663,10
9157,1989408758,40
9158,82292142416,12920
9159,1460081663,10
9160,3155297787,30
9161,1410951772,60
9162,186595891831,47690
9163,2131112755,120
9164,642463108,20
9165,341307235955,3010
9166,31377036712,900
9167,9405702726,90
9168,225450325940,3830
9169,84141903712,15980
9170,154605920387,1720
9171,12501136590,260
9172,2131112755,120
9173,7632138894,150
9174,7632138894,150
9175,107356367,500000
9176,7389868499,1000
9177,37159752956,1500
9178,642463108,20
9179,1691580995,263210
9180,218557985883,28100
9181,82816160235,1640
9182,38941691457,1520
9183,642463108,20
9184,273341572822,2920
9185,11168928718,320
9186,7632138894,150
9187,229401599349,3120
9188,62006238663,16440
9189,39237349975,1120
9190,333049424242,2580
9191,8771610191,140
9192,11617382549,6000
9193,642463108,20
9194,38941691457,1520
9195,137936245489,8930
9196,59192250382,310
9197,319501492157,3780
9198,173349614530,4020
9199,5325216397,240
9200,31718364044,11360
9201,17461846483,210
9202,3498963678,400
9203,94589386483,10100
9204,642463108,20
9205,49736015129,1440
9206,4101675363,160
9207,15230320883,500
9208,340558801,312120
9209,25801847636,580
9210,1989408758,40
9211,15149273275,230
9212,13503009596,170
9213,107356367,500000
9214,15333428767,130870
9215,89884823647,2480
9216,642463108,20
9217,2700711032,200
9218,79821372396,1350
9219,11999169782,360
9220,169124671513,3080
9221,2700711032,200
9222,1460081663,10
9223,1410951772,60
9224,642463108,20
9225,5325216397,240
9226,1460081663,10
9227,2131112755,120
9228,13175843055,480
9229,8890640708,50
9230,2700711032,200
9231,59192250382,310
9232,642463108,20
9233,11999169782,360
9234,39308339877,113650
9235,18962906803,2000
9236,107356367,500000
9237,64707038648,5500
9238,8890640708,50
9239,18405098557,1200
9240,511095060421,2310
9241,1410951772,60
9242,8520083150,167700
9243,4101675363,160
9244,1460081663,10
9245,18717417554,7040
9246,8890640708,50
9247,13421214031,5520
9248,1460081663,10
9249,11685752060,280
9250,83130397074,2280
9251,5325216397,240
9252,642463108,20
9253,31231102416,5780
9254,11168928718,320
9255,107356367,500000
9256,192365188280,20740
9257,1989408758,40
9258,1460081663,10
9259,10125666868,220
9260,150376618518,1880
9261,50295949538,98980
9262,50244760150,66770
9263,3498963678,400
9264,144690978213,870
9265,11168928718,320
9266,66304533810,83920
9267,1410951772,60
9268,8890640708,50
9269,80172813305,5560
9270,296762846065,3510
9271,60174789578,10030
9272,642463108,20
9273,39237349975,1120
9274,1989408758,40
9275,175694303459,56490
9276,224628256645,2340
9277,7632138894,150
9278,642463108,20
9279,3155297787,30
9280,16166872928,159730
9281,3155297787,30
9282,1989408758,40
9283,59326627443,1760
9284,3155297787,30
9285,8890640708,50
9286,642463108,20
9287,29491905716,660
9288,15149273275,230
9289,1460081663,10
9290,2129728871,80
9291,8890640708,50
9292,1460081663,10
9293,2680666674,100
9294,3248511615,70
9295,26988989205,750
9296,8160380638,800
9297,8890640708,50
9298,18070015473,7760
9299,40309730450,59320
9300,7632138894,150
9301,28481466122,420
9302,160959804601,7450
9303,16628626764,130
9304,9405702726,90
9305,524756043,324280
9306,8890640708,50
9307,78393088242,3200
9308,17461846483,210
9309,314580645801,2260
9310,2129728871,80
9311,642463108,20
9312,3498963678,400
9313,2131112755,120
9314,642463108,20
9315,1989408758,40
9316,29405995646,7230
9317,107356367,500000
9318,1989408758,40
9319,1460081663,10
9320,68521172507,7980
9321,2700711032,200
9322,642463108,20
9323,9405702726,90
9324,504825863770,4630
9325,42664804106,90410
9326,209542455259,4060
9327,107356367,500000
9328,2131112755,120
9329,22841573218,1800
9330,219909588200,3980
9331,2129728871,80
9332,148963651289,1660
9333,1979179435,211490
9334,642463108,20
9335,4101675363,160
9336,6301338418,139320
9337,2700711032,200
9338,107356367,500000
9339,10093778100,110
9340,300064267948,4030
9341,9128426838,600
9342,642463108,20
9343,107356367,500000
9344,676537955401,3800
9345,642463108,20
9346,3498963678,400
9347,13175843055,480
9348,3155297787,30
9349,93163779798,55000
9350,2680666674,100
9351,26148963904,1240
9352,114185665339,2040
9353,13421214031,5520
9354,2700711032,200
9355,1410951772,60
9356,107356367,500000
9357,15230320883,500
9358,2129728871,80
9359,13175843055,480
9360,1989408758,40
9361,29083651124,119080
9362,7632138894,150
9363,84923712871,81170
9364,31859868490,10260
9365,2700711032,200
9366,1410951772,60
9367,3248511615,70
9368,3155297787,30
9369,10125666868,220
9370,21250538942,103770
9371,195179515681,14020
9372,8771610191,140
9373,5004700354,300
9374,280057160555,1230
9375,1989408758,40
9376,17231374945,560
9377,28481030422,520
9378,70125742858,550
9379,97094451094,36020
9380,184581311080,850
9381,82816160235,1640
9382,4101675363,160
9383,32902663700,1020
9384,3155297787,30
9385,642463108,20
9386,48446638081,2600
9387,59326627443,1760
9388,219209870106,24480
9389,2700711032,200
9390,5004700354,300
9391,2131112755,120
9392,3248511615,70
9393,47727873071,3000
9394,1410951772,60
9395,32902663700,1020
9396,3155297787,30
9397,3155297787,30
9398,298324237275,14640
9399,153690887287,2880
9400,2700711032,200
9401,32998588839,10000
9402,2129728871,80
9403,13998415485,190
9404,75201684972,2720
9405,52603264488,3600
9406,8771610191,140
9407,20273263068,124260
9408,12501136590,260
9409,65150716152,1420
9410,28423629096,700
9411,224097114069,5110
9412,107356367,500000
9413,25715559667,440
9414,49736015129,1440
9415,2680666674,100
9416,71066342983,940
9417,209898924886,9820
9418,31377036712,900
9419,88089575318,11080
9420,107356367,500000
9421,1460081663,10
9422,84303897611,10680
9423,48103746458,7540
9424,59192250382,310
9425,26988989205,750
9426,5325216397,240
9427,56620984161,7680
9428,107356367,500000
9429,407004163508,6560
9430,1460081663,10
9431,2680666674,100
9432,15149273275,230
9433,79821372396,1350
9434,18405098557,1200
9435,642463108,20
9436,133921406433,60160
9437,642463108,20
9438,122758736466,1060
9439,1460081663,10
9440,150586531437,1840
9441,36817294349,1140
9442,2680666674,100
9443,4101675363,160
9444,8771610191,140
9445,3248511615,70
9446,3155297787,30
9447,642463108,20
9448,13998415485,190
9449,2680666674,100
9450,52603264488,3600
9451,3248511615,70
9452,11168928718,320
9453,642463108,20
9454,15230320883,500
9455,2680666674,100
9456,642463108,20
9457,1288643378,261910
9458,15230320883,500
9459,44964107008,330
9460,226237481986,18120
9461,75201684972,2720
9462,1460081663,10
9463,138888978611,13720
9464,27818723522,1280
9465,1989408758,40
9466,1460081663,10
9467,1410951772,60
9468,11999169782,360
9469,2129728871,80
9470,10125666868,220
9471,1460081663,10
9472,4101675363,160
9473,30567251497,920
9474,130029866754,2440
9475,1460081663,10
9476,3155297787,30
9477,64014537207,13200
9478,2129728871,80
9479,56757000936,860
9480,17461846483,210
9481,642463108,20
9482,8771610191,140
9483,11168928718,320
9484,287102923813,3220
9485,7389868499,1000
9486,2131112755,120
9487,5004700354,300
9488,3155297787,30
9489,642463108,20
9490,10125666868,220
9491,642463108,20
9492,2700711032,200
9493,97980556680,77640
9494,122120692610,2500
9495,1460081663,10
9496,291257719082,33700
9497,4101675363,160
9498,107356367,500000
9499,17339398633,5720
9500,2129728871,80
9501,1460081663,10
9502,231116809145,710
9503,16628626764,130
9504,2131112755,120
9505,8771610191,140
9506,776744079733,4040
9507,31377036712,900
9508,43754259058,8580
9509,114185665339,2040
9510,2129728871,80
9511,2700711032,200
9512,11168928718,320
9513,69037376985,2060
9514,107356367,500000
9515,4101675363,160
9516,2680666674,100
9517,4750466533,180
9518,2129728871,80
9519,3248511615,70
9520,26878024615,960
9521,451911498604,2490
9522,88576106229,7440
9523,1460081663,10
9524,17461846483,210
9525,26878024615,960
9526,26148963904,1240
9527,107356367,500000
9528,2680666674,100
9529,10093778100,110
9530,8771610191,140
9531,1166863179,339360
9532,391612105618,4620
9533,28423629096,700
9534,7632138894,150
9535,72153060267,11440
9536,8890640708,50
9537,2700711032,200
9538,107356367,500000
9539,18962906803,2000
9540,642463108,20
9541,1460081663,10
9542,214183807014,46950
9543,41633656026,290
9544,3155297787,30
9545,192806953470,3280
9546,59365290884,102780
9547,50020304629,460
9548,38907977116,2400
9549,4750466533,180
9550,130029866754,2440
9551,18536928071,1600
9552,403053835551,4370
9553,2680666674,100
9554,212951126317,27590
9555,642463108,20
9556,474785553642,890
9557,6955850204,193580
9558,3155297787,30
9559,424493328863,3610
9560,1410951772,60
9561,642463108,20
9562,11168928718,320
9563,1334750339,352090
9564,13503009596,170
9565,327149689948,2780
9566,2700711032,200
9567,2129728871,80
9568,7632138894,150
9569,50977340686,620
9570,75708503239,1960
9571,2700711032,200
9572,175935270849,16790
9573,4101675363,160
9574,642463108,20
9575,642463108,20
9576,642463108,20
9577,4395967809,208060
9578,9405702726,90
9579,229401599349,3120
9580,1460081663,10
9581,107356367,500000
9582,642463108,20
9583,794878966153,3850
9584,1460081663,10
9585,17666400756,149420
9586,186290331287,11050
9587,642463108,20
9588,10093778100,110
9589,3155297787,30
9590,5325216397,240
9591,5004700354,300
9592,286598250317,11800
9593,83018462314,2800
9594,194345861443,4160
9595,28481030422,520
9596,9128426838,600
9597,122758736466,1060
9598,1410951772,60
9599,1410951772,60
9600,642463108,20
9601,2680666674,100
9602,18953189146,4940
9603,82899471224,6810
9604,17231374945,560
9605,107356367,500000
9606,4101675363,160
9607,688259360914,4660
9608,3155297787,30
9609,2680666674,100
9610,3155297787,30
9611,5067879453,144580
9612,111177962277,1540
9613,4101675363,160
9614,2700711032,200
9615,11999169782,360
9616,53067740046,1080
9617,3248511615,70
9618,25801847636,580
9619,2680666674,100
9620,52060512808,64460
9621,264792450887,970
9622,169601958156,3740
9623,9405702726,90
9624,2680666674,100
9625,28481030422,520
9626,2129728871,80
9627,194346270316,8960
9628,642463108,20
9629,1989408758,40
9630,28433132681,5100
9631,27818723522,1280
9632,580024749243,2050
9633,20138279757,112740
9634,454076666245,3290
9635,31377036712,900
9636,76389082717,390
9637,72153060267,11440
9638,223126032988,42420
9639,2074370194,264910
9640,10125666868,220
9641,99185979019,3420
9642,4101675363,160
9643,137532812846,1740
9644,194714103105,26170
9645,107356367,500000
9646,206452427797,4180
9647,8160380638,800
9648,55326143328,30300
9649,5912073845,191490
9650,5004700354,300
9651,12501136590,260
9652,1989408758,40
9653,18405098557,1200
9654,5004700354,300
9655,642463108,20
9656,2129728871,80
9657,107356367,500000
9658,474785553642,890
9659,21437493315,101410
9660,7736147597,154160
9661,2700711032,200
9662,1989408758,40
9663,3155297787,30
9664,642463108,20
9665,469249524,296000
9666,145451985609,2240
9667,1410951772,60
9668,15149273275,230
9669,136945006740,22850
9670,18502630452,119390
9671,2700711032,200
9672,234911174529,2980
9673,10093778100,110
9674,1989408758,40
9675,10125666868,220
9676,201200142515,6740
9677,188408974762,7310
9678,2700711032,200
9679,27818723522,1280
9680,2131112755,120
9681,3155297787,30
9682,63551217216,1160
9683,96397107272,1460
9684,3155297787,30
9685,5325216397,240
9686,642463108,20
9687,70937215902,1320
9688,137532812846,1740
9689,2131112755,120
9690,28423629096,700
9691,3498963678,400
9692,82766355497,2660
9693,2680666674,100
9694,1460081663,10
9695,1460081663,10
9696,1410951772,60
9697,8771610191,140
9698,2131112755,120
9699,32606963178,4950
9700,5004700354,300
9701,114185665339,2040
9702,13503009596,170
9703,42635005721,1920
9704,27894878078,127390
9705,5325216397,240
9706,53067740046,1080
9707,1989408758,40
9708,23717057018,270
9709,16345921391,56570
9710,16628626764,130
9711,53637805687,820
9712,122208059396,9180
9713,496058120732,2590
9714,1460081663,10
9715,5325216397,240
9716,9405702726,90
9717,3498963678,400
9718,28481030422,520
9719,38062709610,760
9720,2131112755,120
9721,74508074661,740
9722,2700711032,200
9723,642463108,20
9724,8160380638,800
9725,5325216397,240
9726,107356367,500000
9727,24773004449,72900
9728,2680666674,100
9729,107356367,500000
9730,1989408758,40
9731,1460081663,10
9732,1989408758,40
9733,28481466122,420
9734,13175843055,480
9735,5325216397,240
9736,3248511615,70
9737,2700711032,200
9738,1460081663,10
9739,10125666868,220
9740,1460081663,10
9741,86937114417,1560
9742,90982185556,7320
9743,1410951772,60
9744,527383545871,1950
9745,161082269082,1980
9746,2129728871,80
9747,15149273275,230
9748,1460081663,10
9749,83018462314,2800
9750,12501136590,260
9751,7825198566,99180
9752,53637805687,820
9753,344926366800,22310
9754,119949105407,5360
9755,27466659792,780
9756,354140945241,7370
9757,244533962118,12130
9758,116644151104,6320
9759,2680666674,100
9760,2680666674,100
9761,385512655247,22130
9762,172514458278,52440
9763,149164164468,2180
9764,642463108,20
9765,3498963678,400
9766,10093778100,110
9767,2680666674,100
9768,2129728871,80
9769,149164164468,2180
9770,3155297787,30
9771,3155297787,30
9772,642463108,20
9773,242464481741,1900
9774,371282816022,8070
9775,642463108,20
9776,82668915823,13460
9777,3155297787,30
9778,496058120732,2590
9779,1989408758,40
9780,11168928718,320
9781,64682331232,71970
9782,16628626764,130
9783,26417426378,114040
9784,3248511615,70
9785,2680666674,100
9786,15230320883,500
9787,37159752956,1500
9788,107356367,500000
9789,324652129013,3580
9790,339847102393,7950
9791,128953446328,37550
9792,107356367,500000
9793,159244795673,9860
9794,1989408758,40
9795,517623471750,3210
9796,122208059396,9180
9797,9128426838,600
9798,101708932252,980
9799,181871553193,32110
9800,4750466533,180
9801,10093778100,110
9802,3248511615,70
9803,67774165811,770
9804,194628982428,7610
9805,38453886123,12600
9806,491498435304,2530
9807,9405702726,90
9808,149053509611,2130
9809,53067740046,1080
9810,8890640708,50
9811,50418251753,101720
9812,3155297787,30
9813,25118415259,720
9814,17461846483,210
9815,1460081663,10
9816,30827214048,16850
9817,107356367,500000
9818,9405702726,90
9819,49736015129,1440
9820,9128426838,600
9821,1460081663,10
9822,642463108,20
9823,1460081663,10
9824,396073930629,9190
9825,110807327838,26100
9826,7632138894,150
9827,32902663700,1020
9828,2129728871,80
9829,40058785915,1100
9830,2129728871,80
9831,642463108,20
9832,1256432899053,1290
9833,5325216397,240
9834,31957226762,680
9835,52603264488,3600
9836,5004700354,300
9837,8890640708,50
9838,59192250382,310
9839,3498963678,400
9840,1989408758,40
9841,15149273275,230
9842,2680666674,100
9843,3155297787,30
9844,107356367,500000
9845,8771610191,140
9846,11999169782,360
9847,16628626764,130
9848,35484487501,2560
9849,174158605413,11510
9850,2129728871,80
9851,3155297787,30
9852,180193924957,19020
9853,1410951772,60
9854,263108814129,23930
9855,2680666674,100
9856,1460081663,10
9857,16628626764,130
9858,2700711032,200
9859,3155297787,30
9860,1460081663,10
9861,642463108,20
9862,376511022571,3460
9863,5325216397,240
9864,642463108,20
9865,74508074661,740
9866,1418316894,240240
9867,8160380638,800
9868,26988989205,750
9869,3498963678,400
9870,3155297787,30
9871,642463108,20
9872,2474414761,201590
9873,8890640708,50
9874,137522884224,2080
9875,1460081663,10
9876,11617382549,6000
9877,642463108,20
9878,642463108,20
9879,5004700354,300
9880,1008757180,484180
9881,1460081663,10
9882,2131112755,120
9883,5004700354,300
9884,2131112755,120
9885,174728051617,23850
9886,1989408758,40
9887,154605920387,1720
9888,13503009596,170
9889,9405702726,90
9890,642463108,20
9891,642463108,20
9892,7389868499,1000
9893,11999169782,360
9894,25801847636,580
9895,123653036614,8780
9896,329315288424,2890
9897,2129728871,80
9898,1989408758,40
9899,642463108,20
9900,3498963678,400
9901,27874789577,8150
9902,69128358495,4820
9903,2680666674,100
9904,1410951772,60
9905,81513870704,1260
9906,2129728871,80
9907,760874198655,1130
9908,299824890599,36500
9909,2131112755,120
9910,1410951772,60
9911,71720042109,1220
9912,169601958156,3740
9913,39693064331,13850
9914,18536928071,1600
9915,7632138894,150
9916,58149151030,68080
9917,8160380638,800
9918,2129728871,80
9919,79821372396,1350
9920,150542015867,63610
9921,107356367,500000
9922,16404063520,5400
9923,47727873071,3000
9924,8890640708,50
9925,31672662363,840
9926,1989408758,40
9927,642463108,20
9928,2680666674,100
9929,13998415485,190
9930,154605920387,1720
9931,60621460711,10200
9932,27953561105,69720
9933,75708503239,1960
9934,16628626764,130
9935,146376207438,10360
9936,107356367,500000
9937,40642282735,370
9938,69037376985,2060
9939,101708932252,980
9940,3155297787,30
9941,440133462917,4740
9942,1989408758,40
9943,3155297787,30
9944,28423629096,700
9945,2700711032,200
9946,174447513074,1370
9947,9128426838,600
9948,2129728871,80
9949,3155297787,30
9950,60621460711,10200
9951,125969587445,13580
9952,3248511615,70
9953,1113012088,396020
9954,117584555981,2640
9955,22841573218,1800
9956,224387748893,4560
9957,120414698142,9210
9958,3498963678,400
9959,17461846483,210
9960,52603264488,3600
9961,1410951772,60
9962,8771610191,140
9963,13175843055,480
9964,25801847636,580
9965,11685752060,280
9966,24606427995,61820
9967,476500843,283690
9968,78393088242,3200
9969,55845212249,1360
9970,4750466533,180
9971,105095572145,9140
9972,2680666674,100
9973,361170626118,3820
9974,21462108561,94550
9975,642463108,20
9976,13998415485,190
9977,470368498441,2790
9978,58157063078,5770
9979,25715559667,440
9980,29491905716,660
9981,16628626764,130
9982,345274539467,1470
9983,8771610191,140
9984,642463108,20
9985,2129728871,80
9986,2138858833,254510
9987,4750466533,180
9988,13321731788,149500
9989,2680666674,100
9990,50020304629,460
9991,10125666868,220
9992,28820080511,42210
9993,107356367,500000
9994,69335711435,2220
9995,9128426838,600
9996,12501136590,260
9997,39237349975,1120
9998,1410951772,60
9999,13175843055,480
10000,73169373677,1620
10001,195048256135,13790
10002,36089447382,63510
10003,373044508019,3750
10004,72251914867,1480
10005,49736015129,1440
10006,642463108,20
10007,50179485531,48210
10008,54096325140,2100
10009,13805813254,350
10010,7632138894,150
10011,487628453873,1330
10012,33336156346,380
10013,107356367,500000
10014,5325216397,240
10015,335522158227,2010
10016,793181759801,4430
10017,49181019185,430
10018,160687928966,4320
10019,30567251497,920
10020,1410951772,60
10021,5004700354,300
10022,348296415427,1590
10023,8160380638,800
10024,76699088255,2360
10025,3248511615,70
10026,107356367,500000
10027,11685752060,280
10028,1460081663,10
10029,18405098557,1200
10030,19618372147,640
10031,520494315121,4260
10032,1989408758,40
10033,193948251943,6350
10034,3155297787,30
10035,2129728871,80
10036,1989408758,40
10037,3248511615,70
10038,642463108,20
10039,1460081663,10
10040,2700711032,200
10041,31377036712,900
10042,89884823647,2480
10043,11168928718,320
10044,129936548133,1700
10045,1460081663,10
10046,107356367,500000
10047,11685752060,280
10048,1410951772,60
10049,73371487045,61040
10050,228517508811,3900
10051,1989408758,40
10052,1989408758,40
10053,642463108,20
10054,3248511615,70
10055,1460081663,10
10056,2131112755,120
10057,110063133123,9440
10058,179468305649,20520
10059,370369973053,10980
10060,642463108,20
10061,51671569299,41040
10062,9128426838,600
10063,392919528559,4530
10064,64324031020,5540
10065,22841573218,1800
10066,1460081663,10
10067,642463108,20
10068,107356367,500000
10069,1989408758,40
10070,2131112755,120
10071,122758736466,1060
10072,119523174937,930
10073,11168928718,320
10074,1410951772,60
10075,248672394983,3230
10076,2129728871,80
10077,230854536573,17330
10078,11685752060,280
10079,83018462314,2800
10080,2131112755,120
10081,26148963904,1240
10082,40066580391,119540
10083,159339408278,7750
10084,1460081663,10
10085,86937114417,1560
10086,2680666674,100
10087,1989408758,40
10088,139518877538,790
10089,10125666868,220
10090,563212917,346280
10091,32169506566,4990
10092,13805813254,350
10093,295079454902,9270
10094,642463108,20
10095,1989408758,40
10096,49875810790,1680
10097,642463108,20
10098,1989408758,40
10099,17280605386,125770
10100,642463108,20
10101,16628626764,130
10102,3248511615,70
10103,3155297787,30
10104,642463108,20
10105,122120692610,2500
10106,642463108,20
10107,49875810790,1680
10108,70937215902,1320
10109,642463108,20
10110,2680666674,100
10111,70125742858,550
10112,13998415485,190
10113,1460081663,10
10114,452059168386,1910
10115,4101675363,160
10116,3155297787,30
10117,1410951772,60
10118,107815389228,2200
10119,3155297787,30
10120,512624037976,4450
10121,1460081663,10
10122,1989408758,40
10123,34644788461,9240
10124,120397689630,2160
10125,382956690226,7170
10126,1989408758,40
10127,107356367,500000
10128,642463108,20
10129,1410951772,60
10130,26988989205,750
10131,31957226762,680
10132,295516992088,12440
10133,2680666674,100
10134,4031058228,174760
10135,26148963904,1240
10136,8771610191,140
10137,1989408758,40
10138,153912691649,47260
10139,7632138894,150
10140,4750466533,180
10141,218712461301,18520
10142,10125666868,220
10143,205598359712,2300
10144,25941016146,340
10145,1460081663,10
10146,1410951772,60
10147,107341701492,60200
10148,107356367,500000
10149,642463108,20
10150,115558220788,73130
10151,2680666674,100
10152,2680666674,100
10153,2131112755,120
10154,106514864326,490
10155,80028775152,8460
10156,150376618518,1880
10157,156138698209,3360
10158,17231374945,560
10159,642463108,20
10160,7632138894,150
10161,119938063081,2150
10162,50977340686,620
10163,1460081663,10
10164,642463108,20
10165,1460081663,10
10166,11168928718,320
10167,2700711032,200
10168,856380260,373260
10169,84285260107,6750
10170,107356367,500000
10171,17461846483,210
10172,9128426838,600
10173,8771610191,140
10174,46266450120,880
10175,11168928718,320
10176,160499306410,30150
10177,1410951772,60
10178,272310310368,3140
10179,3248511615,70
10180,343994138283,4340
10181,4750466533,180
10182,11168928718,320
10183,25941016146,340
10184,28481466122,420
10185,5325216397,240
10186,2680666674,100
10187,642463108,20
10188,11999169782,360
10189,8771610191,140
10190,1460081663,10
10191,156138698209,3360
10192,194691835742,18350
10193,47232771363,19160
10194,4101675363,160
10195,16663604145,250
10196,23717057018,270
10197,114185665339,2040
10198,3155297787,30
10199,2700711032,200
10200,3155297787,30
10201,2129728871,80
10202,11168928718,320
10203,1989408758,40
10204,156138698209,3360
10205,2680666674,100
10206,27466659792,780
10207,12998938150,6100
10208,22841573218,1800
10209,88670441383,8440
10210,51507158410,29060
10211,107356367,500000
10212,48919355344,6880
10213,1410951772,60
10214,355340574053,5890
10215,1460081663,10
10216,11168928718,320
10217,56003782975,12000
10218,9128426838,600
10219,49736015129,1440
10220,4750466533,180
10221,16663604145,250
10222,319501492157,3780
10223,1989408758,40
10224,4101675363,160
10225,2131112755,120
10226,121835837095,61330
10227,2680666674,100
10228,5004700354,300
10229,1410951772,60
10230,5325216397,240
10231,1460081663,10
10232,5325216397,240
10233,38941691457,1520
10234,642463108,20
10235,48173707138,7520
10236,1989408758,40
10237,5004700354,300
10238,137548906446,6720
10239,196284049650,1820
10240,40058785915,1100
10241,50977340686,620
10242,1989408758,40
10243,137193556010,1050
10244,18536928071,1600
10245,4101675363,160
10246,117521242923,3920
10247,71720042109,1220
10248,4101675363,160
10249,1460081663,10
10250,63551217216,1160
10251,1410951772,60
10252,24738524121,9000
10253,28423629096,700
10254,8771610191,140
10255,3155297787,30
10256,2131112755,120
10257,198392860961,14280
10258,11168928718,320
10259,2680666674,100
10260,10093778100,110
10261,8160380638,800
10262,2700711032,200
10263,642463108,20
10264,8160380638,800
10265,2680666674,100
10266,19618372147,640
10267,56757000936,860
10268,73982644364,12740
10269,107356367,500000
10270,2680666674,100
10271,2700711032,200
10272,28433132681,5100
10273,81881474809,12350
10274,2129728871,80
10275,37625811344,1400
10276,97734781664,5610
10277,2700711032,200
10278,1460081663,10
10279,17461846483,210
10280,170254487513,910
10281,229123793731,2760
10282,267830444789,1730
10283,134293832530,57590
10284,746307859914,3650
10285,1989408758,40
10286,18405098557,1200
10287,53067740046,1080
10288,2131112755,120
10289,4101675363,160
10290,9128426838,600
10291,16628626764,130
10292,642463108,20
10293,8771610191,140
10294,642463108,20
10295,107356367,500000
10296,1551907733,271140
10297,642463108,20
10298,2680666674,100
10299,5325216397,240
10300,1989408758,40
10301,1989408758,40
10302,107356367,500000
10303,8160380638,800
10304,3155297787,30
10305,107356367,500000
10306,26148963904,1240
10307,2680666674,100
10308,3155297787,30
10309,1989408758,40
10310,152589316481,2380
10311,25118415259,720
10312,9128426838,600
10313,676537955401,3800
10314,3155297787,30
10315,89370772670,34260
10316,7632138894,150
10317,13175843055,480
10318,203816494625,13820
10319,8771610191,140
10320,2680666674,100
10321,107356367,500000
10322,26988989205,750
10323,257476128712,30800
10324,123578767561,8660
10325,107356367,500000
10326,1460081663,10
10327,23985046806,127630
10328,315445887300,19670
10329,302149389322,7260
10330,13175843055,480
10331,163565854700,12400
10332,4101675363,160
10333,2129728871,80
10334,2129728871,80
10335,13175843055,480
10336,11168928718,320
10337,11999169782,360
10338,1989408758,40
10339,226984532938,22430
10340,372005973138,20980
10341,2680666674,100
10342,4750466533,180
10343,27619497645,410
10344,1460081663,10
10345,31957226762,680
10346,26148963904,1240
10347,70761338602,8000
10348,181064439191,36600
10349,1460081663,10
10350,52603264488,3600
10351,8890640708,50
10352,1410951772,60
10353,1460081663,10
10354,15665291807,5600
10355,101006326032,30050
10356,2680666674,100
10357,13998415485,190
10358,554203530,248530
10359,81513870704,1260
10360,31957226762,680
10361,109465874812,8200
10362,2129728871,80
10363,3155297787,30
10364,220233453968,2420
10365,15523637423,68250
10366,642463108,20
10367,2129728871,80
10368,1989408758,40
10369,3498963678,400
10370,2700711032,200
10371,17461846483,210
10372,2680666674,100
10373,13805813254,350
10374,1460081663,10
10375,12501136590,260
10376,424493328863,3610
10377,10125666868,220
10378,1410951772,60
10379,1410951772,60
10380,83532074855,1300
10381,17461846483,210
10382,69062235443,3040
10383,10528801816,176450
10384,96397107272,1460
10385,70170852619,2320
10386,4035668373,202330
10387,6901886092,195510
10388,28481466122,420
10389,642463108,20
10390,130029866754,2440
10391,19618372147,640
10392,287102923813,3220
10393,17461846483,210
10394,28977655973,7840
10395,16628626764,130
10396,642463108,20
10397,1410951772,60
10398,278293215885,4250
10399,2129728871,80
10400,31377036712,900
10401,3248511615,70
10402,1410951772,60
10403,8890640708,50
10404,2131112755,120
10405,1989408758,40
10406,141000297510,17020
10407,103903431860,7140
10408,15230320883,500
10409,2115437574,227870
10410,3155297787,30
10411,12998938150,6100
10412,24764000847,138300
10413,1989408758,40
10414,16628626764,130
10415,10125666868,220
10416,2680666674,100
10417,642463108,20
10418,2131112755,120
10419,23717057018,270
10420,10125666868,220
10421,58706476768,49750
10422,1989408758,40
10423,25118415259,720
10424,642463108,20
10425,642463108,20
10426,53067740046,1080
10427,642463108,20
10428,2680666674,100
10429,11685752060,280
10430,642463108,20
10431,267830444789,1730
10432,3248511615,70
10433,306705968727,6230
10434,642463108,20
10435,13421214031,5520
10436,2700711032,200
10437,17231374945,560
10438,7660513669,162880
10439,2700711032,200
10440,8890640708,50
10441,76083682145,27000
10442,99185979019,3420
10443,7389868499,1000
10444,2680666674,100
10445,2680666674,100
10446,1460081663,10
10447,74508074661,740
10448,277537177695,4600
10449,19618372147,640
10450,7389868499,1000
10451,433659935657,2330
10452,2218386581,233450
10453,50977340686,620
10454,30567251497,920
10455,652316806,323840
10456,17231374945,560
10457,2700711032,200
10458,4101675363,160
10459,35082637617,1040
10460,2680666674,100
10461,219909588200,3980
10462,642463108,20
10463,1351571403649,2810
10464,33063196636,19640
10465,82766355497,2660
10466,2129728871,80
10467,3248511615,70
10468,314807222708,31870
10469,4101675363,160
10470,2700711032,200
10471,803029733,338520
10472,2129728871,80
10473,107356367,500000
10474,220225676402,3400
10475,38907977116,2400
10476,17231374945,560
10477,26148963904,1240
10478,2131112755,120
10479,2700711032,200
10480,107356367,500000
10481,156138698209,3360
10482,45869951033,12270
10483,191647937454,25110
10484,642463108,20
10485,27818723522,1280
10486,45588492446,76830
10487,41821030865,12480
10488,4101675363,160
10489,3155297787,30
10490,1410951772,60
10491,2131112755,120
10492,1410951772,60
10493,1197168871,299900
10494,1460081663,10
10495,17231374945,560
10496,15230320883,500
10497,1989408758,40
10498,13175843055,480
10499,5004700354,300
10500,65150716152,1420
10501,38756887751,6420
10502,32902663700,1020
10503,3155297787,30
10504,593645227,301390
10505,8890640708,50
10506,642463108,20
10507,3248511615,70
10508,107356367,500000
10509,46663626192,10960
10510,37625811344,1400
10511,642463108,20
10512,93834102770,17560
10513,462053606811,2370
10514,4101675363,160
10515,1460081663,10
10516,137548906446,6720
10517,19618372147,640
10518,4750466533,180
10519,11168928718,320
10520,81513870704,1260
10521,79821372396,1350
10522,498337452175,4170
10523,642463108,20
10524,49875810790,1680
10525,30630567467,67030
10526,11999169782,360
10527,11168928718,320
10528,3155297787,30
10529,1410951772,60
10530,5325216397,240
10531,5004700354,300
10532,14839130406,5220
10533,1989408758,40
10534,13503009596,170
10535,1040681926,380030
10536,125079048126,8300
10537,642463108,20
10538,107356367,500000
10539,31957226762,680
10540,2131112755,120
10541,2131112755,120
10542,4750466533,180
10543,1410951772,60
10544,3155297787,30
10545,2131112755,120
10546,107356367,500000
10547,300173495669,4120
10548,3155297787,30
10549,107815389228,2200
10550,2680666674,100
10551,2700711032,200
10552,1989408758,40
10553,400233039816,6590
10554,1989408758,40
10555,2680666674,100
10556,15149273275,230
10557,38907977116,2400
10558,2131112755,120
10559,5004700354,300
10560,1460081663,10
10561,2700711032,200
10562,5004700354,300
10563,12544194322,154820
10564,23717057018,270
10565,2680666674,100
10566,55237758047,9780
10567,194583691420,5300
10568,2700711032,200
10569,642463108,20
10570,2129728871,80
10571,32392093595,4900
10572,18405098557,1200
10573,642463108,20
10574,47727873071,3000
10575,99714527314,9750
10576,5004700354,300
10577,28481466122,420
10578,3498963678,400
10579,3155297787,30
10580,363366155230,20590
10581,1989408758,40
10582,29491905716,660
10583,29768191790,19200
10584,415774967797,9490
10585,188169186128,12730
10586,300064267948,4030
10587,217728719,446630
10588,10125666868,220
10589,130364661735,3840
10590,3155297787,30
10591,1989408758,40
10592,4101675363,160
10593,642463108,20
10594,72856305800,18010
10595,2680666674,100
10596,31377036712,900
10597,13805813254,350
10598,77236156537,8100
10599,33336156346,380
10600,25715559667,440
10601,144690978213,870
10602,642463108,20
10603,10093778100,110
10604,8890640708,50
10605,1989408758,40
10606,2131112755,120
10607,54096325140,2100
10608,2700711032,200
10609,2129728871,80
10610,1989408758,40
10611,29179337851,6400
10612,79130026723,11140
10613,1410951772,60
10614,123787477366,33800
10615,9128426838,600
10616,1410951772,60
10617,28433132681,5100
10618,11999169782,360
10619,9405702726,90
10620,107356367,500000
10621,37943036912,28180
10622,3321789778,234500
10623,2700711032,200
10624,1460081663,10
10625,107356367,500000
10626,2131112755,120
10627,155787284540,34980
10628,9948715262,170900
10629,23676532697,121230
10630,193491298968,1580
10631,642463108,20
10632,1410951772,60
10633,9405702726,90
10634,81151820138,8380
10635,562070864316,3440
10636,642463108,20
10637,449720840934,2740
10638,11168928718,320
10639,255299229344,34300
10640,190867469422,15580
10641,1989408758,40
10642,154639816897,13940
10643,517623471750,3210
10644,215797578189,3620
10645,8151850745,121210
10646,12501136590,260
10647,152589316481,2380
10648,5004700354,300
10649,76864215402,730
10650,642463108,20
10651,3155297787,30
10652,2129728871,80
10653,2129728871,80
10654,50799511083,5420
10655,2129728871,80
10656,3155297787,30
10657,25715559667,440
10658,9405702726,90
10659,261119521201,2820
10660,114997837656,8740
10661,1989408758,40
10662,107356367,500000
10663,95301836015,33380
10664,2700711032,200
10665,1989408758,40
10666,642463108,20
10667,411360089586,19980
10668,642463108,20
10669,10093778100,110
10670,75566779630,4800
10671,151592239727,51500
10672,83532074855,1300
10673,63012407342,5040
10674,8771610191,140
10675,363363885838,2070
10676,33044903468,97780
10677,106686622296,13260
10678,152168221929,18060
10679,3498963678,400
10680,2131112755,120
10681,153690887287,2880
10682,1460081663,10
10683,13998415485,190
10684,37159752956,1500
10685,48905287990,39160
10686,2129728871,80
10687,277537177695,4600
10688,1460081663,10
10689,1460081663,10
10690,4101675363,160
10691,50020304629,460
10692,70937215902,1320
10693,54096325140,2100
10694,125969587445,13580
10695,2131112755,120
10696,107356367,500000
10697,28481466122,420
10698,181667270545,6150
10699,59192250382,310
10700,107356367,500000
10701,3248511615,70
10702,22947144105,540
10703,2131112755,120
10704,24212632876,89170
10705,145451985609,2240
10706,11168928718,320
10707,22841573218,1800
10708,642463108,20
10709,17231374945,560
10710,405296629953,1450
10711,5325216397,240
10712,37445101835,9600
10713,27818723522,1280
10714,107356367,500000
10715,642463108,20
10716,107356367,500000
10717,378260521095,1750
10718,36817294349,1140
10719,13805813254,350
10720,642463108,20
10721,12998938150,6100
10722,17461846483,210
10723,18962906803,2000
10724,668382519391,3050
10725,74508074661,740
10726,3248511615,70
10727,107981293762,37770
10728,65150716152,1420
10729,83532074855,1300
10730,1410951772,60
10731,38941691457,1520
10732,2129728871,80
10733,54397845964,91500
10734,642463108,20
10735,107356367,500000
10736,153690887287,2880
10737,2680666674,100
10738,3155297787,30
10739,107356367,500000
10740,2131112755,120
10741,169124671513,3080
10742,5325216397,240
10743,3248511615,70
10744,4101675363,160
10745,76389082717,390
10746,75287509670,19720
10747,122120692610,2500
10748,3498963678,400
10749,165760151198,1340
10750,1410951772,60
10751,2131112755,120
10752,8771610191,140
10753,18405098557,1200
10754,3498963678,400
10755,26988989205,750
10756,107356367,500000
10757,135270746215,21860
10758,642463108,20
10759,11999169782,360
10760,3155297787,30
10761,1410951772,60
10762,25941016146,340
10763,117930987598,22350
10764,126147942816,990
10765,2131112755,120
10766,16628626764,130
10767,153690887287,2880
10768,33336156346,380
10769,90139664655,26280
10770,350944228122,20760
10771,3248511615,70
10772,1410951772,60
10773,2129728871,80
10774,2129728871,80
10775,2129728871,80
10776,280057160555,1230
10777,11685752060,280
10778,13998415485,190
10779,521046320091,4140
10780,25715559667,440
10781,7544341662,200840
10782,113146677197,4000
10783,2700711032,200
10784,1989408758,40
10785,4101675363,160
10786,28481466122,420
10787,70876543350,42020
10788,5325216397,240
10789,11685752060,280
10790,2131112755,120
10791,1989408758,40
10792,485453983427,2630
10793,42635005721,1920
10794,2129728871,80
10795,276884804428,3660
10796,50995383224,11100
10797,2680666674,100
10798,18536928071,1600
10799,260185197634,16130
10800,41633656026,290
10801,19618372147,640
10802,642463108,20
10803,7632138894,150
10804,2129728871,80
10805,1989408758,40
10806,11999169782,360
10807,287102923813,3220
10808,1410951772,60
10809,329315288424,2890
10810,25118415259,720
10811,1460081663,10
10812,2700711032,200
10813,642463108,20
10814,388800106436,6790
10815,3155297787,30
10816,49832246621,78120
10817,1410951772,60
10818,2680666674,100
10819,621930114941,3430
10820,11168928718,320
10821,1410951772,60
10822,8890640708,50
10823,107356367,500000
10824,8160380638,800
10825,5325216397,240
10826,264792450887,970
10827,504825863770,4630
10828,28423629096,700
10829,28423629096,700
10830,3248511615,70
10831,139806858576,11930
10832,3155297787,30
10833,1410951772,60
10834,4101675363,160
10835,186453575326,30960
10836,49531594239,87750
10837,49181019185,430
10838,5325216397,240
10839,3155297787,30
10840,1989408758,40
10841,58271147607,48610
10842,49702834124,78820
10843,196284049650,1820
10844,11685752060,280
10845,30567251497,920
10846,120414698142,9210
10847,50977340686,620
10848,11999169782,360
10849,15230320883,500
10850,407911554326,19030
10851,25715559667,440
10852,200140673058,3950
10853,243497629722,27600
10854,86528667452,43260
10855,11168928718,320
10856,88315747849,39200
10857,247153649165,43160
10858,28207339931,109140
10859,3248511615,70
10860,2680666674,100
10861,192237825632,2520
10862,41438005257,7220
10863,1989408758,40
10864,103743561379,9630
10865,642463108,20
10866,2680666674,100
10867,210829407440,31270
10868,2680666674,100
10869,107356367,500000
10870,1989408758,40
10871,79821372396,1350
10872,62230305739,450
10873,107356367,500000
10874,19299348365,146970
10875,13175843055,480
10876,5004700354,300
10877,103933996282,37280
10878,5004700354,300
10879,642463108,20
10880,3248511615,70
10881,642463108,20
10882,8890640708,50
10883,8890640708,50
10884,11168928718,320
10885,28481466122,420
10886,642463108,20
10887,3155297787,30
10888,2700711032,200
10889,2131112755,120
10890,414677715444,11620
10891,92117891650,10400
10892,45869569624,12260
10893,50799511083,5420
10894,28423629096,700
10895,37159752956,1500
10896,131272107452,19880
10897,94844142055,14600
10898,8771610191,140
10899,47043510260,8800
10900,107356367,500000
10901,102910723975,7430
10902,27619497645,410
10903,1460081663,10
10904,2680666674,100
10905,5004700354,300
10906,2700711032,200
10907,1410951772,60
10908,7632138894,150
10909,123787477366,33800
10910,3155297787,30
10911,44351758380,60100
10912,2700711032,200
10913,50439945870,5180
10914,11168928718,320
10915,8890640708,50
10916,184318031115,7660
10917,247775436646,11270
10918,107356367,500000
10919,102016275587,33410
10920,1460081663,10
10921,107356367,500000
10922,642463108,20
10923,4101675363,160
10924,7632138894,150
10925,1989408758,40
10926,1460081663,10
10927,11685752060,280
10928,9128426838,600
10929,1410951772,60
10930,117888475000,10040
10931,77917215680,55720
10932,3248511615,70
10933,173349614530,4020
10934,26148963904,1240
10935,11168928718,320
10936,107356367,500000
10937,3248511615,70
10938,74094047745,62760
10939,642463108,20
10940,8771610191,140
10941,1989408758,40
10942,2680666674,100
10943,49736015129,1440
10944,405296629953,1450
10945,50843730709,8640
10946,11168928718,320
10947,3248511615,70
10948,642463108,20
10949,642463108,20
10950,58939274048,12160
10951,18405098557,1200
10952,642463108,20
10953,2131112755,120
10954,16663604145,250
10955,7632138894,150
10956,1460081663,10
10957,5004700354,300
10958,1989408758,40
10959,18962906803,2000
10960,2129728871,80
10961,28772683235,6780
10962,2129728871,80
10963,2700711032,200
10964,1422967168,235170
10965,55326143328,30300
10966,1410951772,60
10967,3498963678,400
10968,1410951772,60
10969,2700711032,200
10970,2700711032,200
10971,15149273275,230
10972,291550928032,3260
10973,7632138894,150
10974,62785120680,39020
10975,2131112755,120
10976,711936062025,1790
10977,2129728871,80
10978,642463108,20
10979,22841573218,1800
10980,3155297787,30
10981,35241507899,117780
10982,1989408758,40
10983,3155297787,30
10984,642463108,20
10985,1754411637,218850
10986,1460081663,10
10987,642463108,20
10988,309119039089,23000
10989,642463108,20
10990,3155297787,30
10991,71720042109,1220
10992,1410951772,60
10993,47727873071,3000
10994,7389868499,1000
10995,2131112755,120
10996,8160380638,800
10997,31377036712,900
10998,2129728871,80
10999,107356367,500000
11000,642463108,20
11001,106514864326,490
11002,11168928718,320
11003,149053509611,2130
11004,1410951772,60
11005,3155297787,30
11006,2131112755,120
11007,4101675363,160
11008,6824093377,155690
11009,119288739323,9280
11010,1410951772,60
11011,554751053,305780
11012,107356367,500000
11013,193491298968,1580
11014,31672662363,840
11015,5325216397,240
11016,1460081663,10
11017,150376618518,1880
11018,642463108,20
11019,59192250382,310
11020,2129728871,80
11021,4101675363,160
11022,3248511615,70
11023,275449112731,24500
11024,8771610191,140
11025,1410951772,60
11026,615503402,398070
11027,424493328863,3610
11028,1460081663,10
11029,1410951772,60
11030,59192250382,310
11031,243926058211,2930
11032,2131112755,120
11033,75708503239,1960
11034,107356367,500000
11035,336946798,475560
11036,3155297787,30
11037,525572093761,1270
11038,206452427797,4180
11039,72861342852,18000
11040,2700711032,200
11041,65150716152,1420
11042,1989408758,40
11043,55558740625,5960
11044,7389868499,1000
11045,28169671387,109610
11046,8771610191,140
11047,13805813254,350
11048,8890640708,50
11049,2700711032,200
11050,289544047816,10730
11051,2700711032,200
11052,16663604145,250
11053,10125666868,220
11054,5004700354,300
11055,10125666868,220
11056,1989408758,40
11057,1460081663,10
11058,63551217216,1160
11059,107356367,500000
11060,2131112755,120
11061,2700711032,200
11062,110644350984,14500
11063,64353401503,6920
11064,373538203175,18480
11065,107356367,500000
11066,4376059732,152500
11067,85668977957,8840
11068,7389868499,1000
11069,78984216047,70940
11070,25715559667,440
11071,25259730417,124320
11072,1410951772,60
11073,642463108,20
11074,107356367,500000
11075,2129728871,80
11076,209476454288,27700
11077,31278034530,126170
11078,1460081663,10
11079,96947021348,46330
11080,17231374945,560
11081,2700711032,200
11082,124375194560,1180
11083,642463108,20
11084,5325216397,240
11085,4101675363,160
11086,2700711032,200
11087,2680666674,100
11088,642463108,20
11089,59177164252,96190
11090,638661505,390380
11091,906577985974,4300
11092,272310310368,3140
11093,2680666674,100
11094,1989408758,40
11095,642463108,20
11096,278807321930,34360
11097,1989408758,40
11098,192261904094,5430
11099,27818723522,1280
11100,2129728871,80
11101,2680666674,100
11102,5325216397,240
11103,107356367,500000
11104,1460081663,10
11105,107356367,500000
11106,2131112755,120
11107,1410951772,60
11108,11168928718,320
11109,171546664750,47320
11110,21695934599,6480
11111,245032347735,3160
11112,2700711032,200
11113,1460081663,10
11114,150376618518,1880
11115,107356367,500000
11116,1410951772,60
11117,23717057018,270
11118,10125666868,220
11119,50364448052,89110
11120,426567128638,2610
11121,4101675363,160
11122,642463108,20
11123,2680666674,100
11124,1460081663,10
11125,16628626764,130
11126,25801847636,580
11127,82464467710,15090
11128,75708503239,1960
11129,83130397074,2280
11130,2129728871,80
11131,1410951772,60
11132,26988989205,750
11133,120501650339,38290
11134,107356367,500000
11135,642463108,20
11136,1410951772,60
11137,2131112755,120
11138,10125666868,220
11139,10093778100,110
11140,1432673584,301470
11141,5325216397,240
11142,9128426838,600
11143,642463108,20
11144,1460081663,10
11145,78393088242,3200
11146,107356367,500000
11147,1410951772,60
11148,8771610191,140
11149,2680666674,100
11150,28481030422,520
11151,55845212249,1360
11152,3155297787,30
11153,46071646459,16000
11154,642463108,20
11155,7389868499,1000
11156,3155297787,30
11157,642463108,20
11158,25118415259,720
11159,2700711032,200
11160,642463108,20
11161,1460081663,10
11162,122758736466,1060
11163,136549315889,1380
11164,42645513714,5320
11165,3248511615,70
11166,158210297768,17870
11167,1460081663,10
11168,26878024615,960
11169,1410951772,60
11170,2700711032,200
11171,9405702726,90
11172,1410951772,60
11173,642463108,20
11174,9128426838,600
11175,12501136590,260
11176,77958152960,76760
11177,373044508019,3750
11178,118018387128,5470
11179,2131112755,120
11180,8160380638,800
11181,2129728871,80
11182,46879250683,4860
11183,404164755889,21320
11184,1460081663,10
11185,36817294349,1140
11186,22297071324,109580
11187,642463108,20
11188,1460081663,10
11189,144690978213,870
11190,1989408758,40
11191,1410951772,60
11192,3155297787,30
11193,10093778100,110
11194,642463108,20
11195,68020204993,39720
11196,642463108,20
11197,11999169782,360
11198,862976027,302300
11199,642463108,20
11200,2131112755,120
11201,5325216397,240
11202,2131112755,120
11203,17461846483,210
11204,2700711032,200
11205,5004700354,300
11206,1989408758,40
11207,3248511615,70
11208,50977340686,620
11209,25941016146,340
11210,1989408758,40
11211,63551217216,1160
11212,1460081663,10
11213,160687928966,4320
11214,150376618518,1880
11215,1460081663,10
11216,642463108,20
11217,4101675363,160
11218,4750466533,180
11219,1989408758,40
11220,16628626764,130
11221,5004700354,300
11222,39237349975,1120
11223,329793791884,21030
11224,63847318425,18280
11225,26988989205,750
11226,56620984161,7680
11227,4298545504,187320
11228,1989408758,40
11229,114185665339,2040
11230,53993829535,44520
11231,1989408758,40
11232,2680666674,100
11233,149164164468,2180
11234,73169373677,1620
11235,1460081663,10
11236,182747867130,4200
11237,72511708200,6020
11238,10125666868,220
11239,302479465599,2860
11240,1410951772,60
11241,8771610191,140
11242,642463108,20
11243,1989408758,40
11244,25118415259,720
11245,49736015129,1440
11246,182144215550,26380
11247,2680666674,100
11248,1460081663,10
11249,642463108,20
11250,15230320883,500
11251,272310310368,3140
11252,642463108,20
11253,2680666674,100
11254,38907977116,2400
11255,3155297787,30
11256,70170852619,2320
11257,11685752060,280
11258,33929652824,115030
11259,75566779630,4800
11260,96397107272,1460
11261,2700711032,200
11262,9128426838,600
11263,107356367,500000
11264,107356367,500000
11265,184198404744,16060
11266,40642282735,370
11267,642463108,20
11268,2680666674,100
11269,29491905716,660
11270,236331466937,3020
11271,11168928718,320
11272,18405098557,1200
11273,28423629096,700
11274,5004700354,300
11275,52603264488,3600
11276,2798606906,164900
11277,642463108,20
11278,4750466533,180
11279,7632138894,150
11280,107356367,500000
11281,642463108,20
11282,107356367,500000
11283,116001673525,8980
11284,17231374945,560
11285,1460081663,10
11286,642463108,20
11287,28423629096,700
11288,1460081663,10
11289,8890640708,50
11290,107356367,500000
11291,3155297787,30
11292,2680666674,100
11293,42635005721,1920
11294,2131112755,120
11295,4101675363,160
11296,642463108,20
11297,27818723522,1280
11298,327149689948,2780
11299,322944111330,20560
11300,8771610191,140
11301,1460081663,10
11302,345523172029,8190
11303,2131112755,120
11304,642463108,20
11305,1410951772,60
11306,13175843055,480
11307,38941691457,1520
11308,1460081663,10
11309,394804444130,20750
11310,49736015129,1440
11311,126101337696,2700
11312,107356367,500000
11313,28481466122,420
11314,11999169782,360
11315,38062709610,760
11316,881765289,327030
11317,33336156346,380
11318,642463108,20
11319,11999169782,360
11320,113927848559,76400
11321,1460081663,10
11322,2700711032,200
11323,107356367,500000
11324,3155297787,30
11325,22947144105,540
11326,86937114417,1560
11327,2129728871,80
11328,50439945870,5180
11329,642463108,20
11330,107356367,500000
11331,7981697222,170350
11332,966191321,428710
11333,3155297787,30
11334,11685752060,280
11335,16663604145,250
11336,8890640708,50
11337,57526693037,8910
11338,99185979019,3420
11339,74537924340,88470
11340,62230305739,450
11341,27818723522,1280
11342,2129728871,80
11343,16663604145,250
11344,107356367,500000
11345,673444442150,4780
11346,2131112755,120
11347,4750466533,180
11348,125767473348,5820
11349,81280467316,18020
11350,15744402077,124730
11351,2129728871,80
11352,48446638081,2600
11353,145008101845,3320
11354,3155297787,30
11355,19184085638,8260
11356,296762846065,3510
11357,4101675363,160
11358,642463108,20
11359,1410951772,60
11360,163238974875,41590
11361,642463108,20
11362,642463108,20
11363,44964107008,330
11364,225373861389,29320
11365,2700711032,200
11366,15230320883,500
11367,75708503239,1960
11368,107356367,500000
11369,31672662363,840
11370,18536928071,1600
11371,2680666674,100
11372,2700711032,200
11373,2700711032,200
11374,12501136590,260
11375,2680666674,100
11376,2129728871,80
11377,5325216397,240
11378,426567128638,2610
11379,49736015129,1440
11380,2131112755,120
11381,4750466533,180
11382,2700711032,200
11383,115824376321,20020
11384,5325216397,240
11385,25118415259,720
11386,642463108,20
11387,2700711032,200
11388,2680666674,100
11389,5004700354,300
11390,74034608099,14470
11391,3248511615,70
11392,15230320883,500
11393,5325216397,240
11394,1989408758,40
11395,1460081663,10
11396,226314048852,1610
11397,25715559667,440
11398,2129728871,80
11399,9128426838,600
11400,5325216397,240
11401,3155297787,30
11402,28824864152,85320
11403,9308467838,175540
11404,25801847636,580
11405,5004700354,300
11406,10790854661,5000
11407,149164164468,2180
11408,107356367,500000
11409,44964107008,330
11410,46266450120,880
11411,137522884224,2080
11412,1410951772,60
11413,8771610191,140
11414,13175843055,480
11415,10790854661,5000
11416,107356367,500000
11417,13998415485,190
11418,2131112755,120
11419,25801847636,580
11420,642463108,20
11421,266252316,466350
11422,544194063,329170
11423,13998415485,190
11424,1989408758,40
11425,48446638081,2600
11426,15230320883,500
11427,2700711032,200
11428,231116809145,710
11429,5004700354,300
11430,4750466533,180
11431,140497134293,52890
11432,8771610191,140
11433,192237825632,2520
11434,31377036712,900
11435,78602760033,68600
11436,162309174327,28160
11437,30567251497,920
11438,129936548133,1700
11439,81583537415,7530
11440,246857428778,32730
11441,2680666674,100
11442,5325216397,240
11443,3006243863,203490
11444,70170852619,2320
11445,2680666674,100
11446,25801847636,580
11447,2131112755,120
11448,2700711032,200
11449,5004700354,300
11450,165169020477,2960
11451,192261904094,5430
11452,1410951772,60
11453,1460081663,10
11454,642463108,20
11455,2700711032,200
11456,8890640708,50
11457,107356367,500000
11458,75129541798,46590
11459,107815389228,2200
11460,5325216397,240
11461,16628626764,130
11462,15230320883,500
11463,11999169782,360
11464,1460081663,10
11465,36817294349,1140
11466,1410951772,60
11467,3155297787,30
11468,2129728871,80
11469,3155297787,30
11470,3155297787,30
11471,3498963678,400
11472,174726063223,43520
11473,5004700354,300
11474,5325216397,240
11475,50179485531,48210
11476,52603264488,3600
11477,25801847636,580
11478,39237349975,1120
11479,37625811344,1400
11480,3155297787,30
11481,2700711032,200
11482,23749797266,76430
11483,331684785505,24840
11484,159840595184,14730
11485,3155297787,30
11486,1097904808,255510
11487,100039010971,10550
11488,18405098557,1200
11489,10093778100,110
11490,3248511615,70
11491,15230320883,500
11492,9405702726,90
11493,3248511615,70
11494,642463108,20
11495,105113523418,25390
11496,25941016146,340
11497,642463108,20
11498,13805813254,350
11499,13805813254,350
11500,2700711032,200
11501,50977340686,620
11502,635414093112,4270
11503,3498963678,400
11504,153827495750,2250
11505,38062709610,760
11506,2131112755,120
11507,6355960048,185040
11508,27466659792,780
11509,170693339548,7080
11510,372493674327,5390
11511,75708503239,1960
11512,59192250382,310
11513,11999169782,360
11514,22841573218,1800
11515,83018462314,2800
11516,130364661735,3840
11517,333049424242,2580
11518,642463108,20
11519,9405702726,90
11520,639563464975,1410
11521,1460081663,10
11522,1460081663,10
11523,642463108,20
11524,642463108,20
11525,3155297787,30
11526,247317608963,14920
11527,28481466122,420
11528,178131872399,2900
11529,642463108,20
11530,352934893899,21980
11531,2680666674,100
11532,1460081663,10
11533,11685752060,280
11534,4750466533,180
11535,1460081663,10
11536,72511708200,6020
11537,1410951772,60
11538,29491905716,660
11539,27619497645,410
11540,25941016146,340
11541,18536928071,1600
11542,7632138894,150
11543,34107639799,56100
11544,10125666868,220
11545,1410951772,60
11546,9598839553,144110
11547,307421705360,3680
11548,642463108,20
11549,4101675363,160
11550,2131112755,120
11551,386292149248,5450
11552,1410951772,60
11553,1989408758,40
11554,89504378304,630
11555,789134764,303220
11556,2131112755,120
11557,63551217216,1160
11558,107356367,500000
11559,107356367,500000
11560,37159752956,1500
11561,642463108,20
11562,3155297787,30
11563,262544015,417700
11564,11617382549,6000
11565,25118415259,720
11566,8771610191,140
11567,59326627443,1760
11568,163308059697,4400
11569,13175843055,480
11570,15230320883,500
11571,4750466533,180
11572,10125666868,220
11573,225484281718,9430
11574,31672662363,840
11575,33336156346,380
11576,36301848466,5700
11577,178379650537,11640
11578,3155297787,30
11579,1989408758,40
11580,149164164468,2180
11581,107356367,500000
11582,1627925888,301810
11583,28481030422,520
11584,1989408758,40
11585,8771610191,140
11586,56524356810,49220
11587,473390088664,3330
11588,73169373677,1620
11589,1989408758,40
11590,4101675363,160
11591,642463108,20
11592,42635005721,1920
11593,18536928071,1600
11594,2680666674,100
11595,114433548595,5790
11596,179715752216,20380
11597,15230320883,500
11598,2131112755,120
11599,38907977116,2400
11600,2131112755,120
11601,8771610191,140
11602,26735376575,129350
11603,642463108,20
11604,29491905716,660
11605,5004700354,300
11606,1989408758,40
11607,22841573218,1800
11608,2680666674,100
11609,2129728871,80
11610,37625811344,1400
11611,107356367,500000
11612,3155297787,30
11613,891251255,424740
11614,2131112755,120
11615,43088318607,107620
11616,1460081663,10
11617,135107441595,2120
11618,642463108,20
11619,1460081663,10
11620,127527079476,49110
11621,40058785915,1100
11622,4101675363,160
11623,41633656026,290
11624,11168928718,320
11625,67826821440,5900
11626,8160380638,800
11627,81768420176,690
11628,1460081663,10
11629,107356367,500000
11630,181181971125,5410
11631,2700711032,200
11632,28423629096,700
11633,5325216397,240
11634,229594225431,36890
11635,12501136590,260
11636,1989408758,40
11637,5004700354,300
11638,135107441595,2120
11639,10125666868,220
11640,642463108,20
11641,31672662363,840
11642,110300641914,61180
11643,2700711032,200
11644,4750466533,180
11645,7389868499,1000
11646,1410951772,60
11647,137193556010,1050
11648,82189529449,16860
11649,17461846483,210
11650,642463108,20
11651,8890640708,50
11652,136549315889,1380
11653,52793791325,52970
11654,107356367,500000
11655,91861780067,10820
11656,32902663700,1020
11657,1460081663,10
11658,2129728871,80
11659,107356367,500000
11660,4101675363,160
11661,2129728871,80
11662,59326627443,1760
11663,3155297787,30
11664,206452427797,4180
11665,766383381,303640
11666,226314048852,1610
11667,642463108,20
11668,4101675363,160
11669,65506600891,64120
11670,157452702164,4360
11671,81218848569,8280
11672,117521242923,3920
11673,642463108,20
11674,26878024615,960
11675,13998415485,190
11676,642463108,20
11677,13503009596,170
11678,11168928718,320
11679,107356367,500000
11680,188746529796,41770
11681,3155297787,30
11682,2131112755,120
11683,230445794698,17620
11684,4101675363,160
11685,642463108,20
11686,853621567,308250
11687,3155297787,30
11688,1410951772,60
11689,1460081663,10
11690,642463108,20
11691,59326627443,1760
11692,15665291807,5600
11693,933843637,462150
11694,3498963678,400
11695,2131112755,120
11696,3155297787,30
11697,1989408758,40
11698,11168928718,320
11699,2131112755,120
11700,2627743759,231620
11701,7389868499,1000
11702,3498963678,400
11703,2129728871,80
11704,50977340686,620
11705,642463108,20
11706,184581311080,850
11707,171229564096,3100
11708,2680666674,100
11709,28481466122,420
11710,73169373677,1620
11711,7632138894,150
11712,88576106229,7440
11713,194646950938,38130
11714,107356367,500000
11715,154044200429,7640
11716,1410951772,60
11717,75708503239,1960
11718,24555673640,9380
11719,71066342983,940
11720,26878024615,960
11721,178131872399,2900
11722,70937215902,1320
11723,2680666674,100
11724,49736015129,1440
11725,3155297787,30
11726,8771610191,140
11727,5325216397,240
11728,2700711032,200
11729,27928539037,71850
11730,2700711032,200
11731,1989408758,40
11732,1989408758,40
11733,7389868499,1000
11734,11685752060,280
11735,1410951772,60
11736,2680666674,100
11737,75201684972,2720
11738,2131112755,120
11739,26148963904,1240
11740,1410951772,60
11741,2680666674,100
11742,107356367,500000
11743,3155297787,30
11744,49736015129,1440
11745,25715559667,440
11746,25715559667,440
11747,35484487501,2560
11748,7389868499,1000
11749,7389868499,1000
11750,692923357726,4330
11751,3155297787,30
11752,7632138894,150
11753,3498963678,400
11754,17461846483,210
11755,2680666674,100
11756,1460081663,10
11757,13175843055,480
11758,208476476743,9170
11759,263306795635,2550
11760,4750466533,180
11761,96397107272,1460
11762,28481030422,520
11763,276822726826,2750
11764,642463108,20
11765,2131112755,120
11766,2129728871,80
11767,224387748893,4560
11768,21695934599,6480
11769,1410951772,60
11770,1410951772,60
11771,642463108,20
11772,220225676402,3400
11773,5325216397,240
11774,346357638222,27780
11775,71720042109,1220
11776,642463108,20
11777,642463108,20
11778,9405702726,90
11779,1410951772,60
11780,1591290695,301440
11781,89034756923,14660
11782,2131112755,120
11783,83532074855,1300
11784,194345861443,4160
11785,2129728871,80
11786,1989408758,40
11787,11685752060,280
11788,642463108,20
11789,21258475540,5240
11790,5325216397,240
11791,31957226762,680
11792,1460081663,10
11793,642463108,20
11794,2129728871,80
11795,107356367,500000
11796,1460081663,10
11797,150376618518,1880
11798,76726111901,5640
11799,5325216397,240
11800,2680666674,100
11801,1410951772,60
11802,1410951772,60
11803,1989408758,40
11804,17461846483,210
11805,26988989205,750
11806,23717057018,270
11807,2129728871,80
11808,7632138894,150
11809,10732982504,149580
11810,120397689630,2160
11811,384935901795,1890
11812,642463108,20
11813,22921442277,136060
11814,49089698063,17780
11815,2129728871,80
11816,197105998007,33670
11817,11685752060,280
11818,111177962277,1540
11819,50020304629,460
11820,62230305739,450
11821,2680666674,100
11822,642463108,20
11823,1410951772,60
11824,1410951772,60
11825,1460081663,10
11826,9405702726,90
11827,1410951772,60
11828,107356367,500000
11829,10125666868,220
11830,81218848569,8280
11831,456741189,438090
11832,13175843055,480
11833,642463108,20
11834,27466659792,780
11835,4750466533,180
11836,574843764102,4590
11837,1989408758,40
11838,1989408758,40
11839,265378121190,27820
11840,137532812846,1740
11841,136815065774,610
11842,71720042109,1220
11843,1460081663,10
11844,642463108,20
11845,5325216397,240
11846,642463108,20
11847,150586531437,1840
11848,231191207137,9970
11849,118464654746,8720
11850,19248205297,122360
11851,9128426838,600
11852,161082269082,1980
11853,263306795635,2550
11854,1460081663,10
11855,22947144105,540
11856,53075234171,9500
11857,13998415485,190
11858,107356367,500000
11859,13998415485,190
11860,114997837656,8740
11861,642463108,20
11862,50977340686,620
11863,13175843055,480
11864,1989408758,40
11865,3498963678,400
11866,9128426838,600
11867,26148963904,1240
11868,2680666674,100
11869,5325216397,240
11870,195048256135,13790
11871,3248511615,70
11872,50020304629,460
11873,107356367,500000
11874,457258205105,4290
11875,13805813254,350
11876,9337689220,172340
11877,17829134806,146760
11878,3155297787,30
11879,76864215402,730
11880,1410951772,60
11881,27466659792,780
11882,107356367,500000
11883,251476646118,41570
11884,642463108,20
11885,5004700354,300
11886,2129728871,80
11887,3155297787,30
11888,2680666674,100
11889,10790854661,5000
11890,1460081663,10
11891,176654329074,19100
11892,4368521797,144370
11893,20416971513,5020
11894,1989408758,40
11895,73752470465,49990
11896,745863041819,2270
11897,136956157556,5930
11898,49736015129,1440
11899,642463108,20
11900,203578942322,3380
11901,8890640708,50
11902,3248511615,70
11903,12501136590,260
11904,304059600576,30010
11905,1410951772,60
11906,15230320883,500
11907,4101675363,160
11908,5004700354,300
11909,107356367,500000
11910,2700711032,200
11911,11999169782,360
11912,49736015129,1440
11913,15149273275,230
11914,59326627443,1760
11915,26878024615,960
11916,212374625009,8530
11917,111177962277,1540
11918,11999169782,360
11919,362632963513,18040
11920,11168928718,320
11921,3155297787,30
11922,5004700354,300
11923,53637805687,820
11924,2131112755,120
11925,23717057018,270
11926,119255162670,7360
11927,59192250382,310
11928,1410951772,60
11929,12501136590,260
11930,3155297787,30
11931,75566779630,4800
11932,1989408758,40
11933,96046989559,43640
11934,7632138894,150
11935,1131200372658,2950
11936,642463108,20
11937,310801371668,22990
11938,107356367,500000
11939,1460081663,10
11940,62230305739,450
11941,2129728871,80
11942,642463108,20
11943,78925152437,4980
11944,15230320883,500
11945,1989408758,40
11946,4101675363,160
11947,82150868280,6050
11948,3248511615,70
11949,8160380638,800
11950,635414093112,4270
11951,2700711032,200
11952,642463108,20
11953,286068012509,5480
11954,642463108,20
11955,13805813254,350
11956,1337708863,300680
11957,150586531437,1840
11958,2680666674,100
11959,13805813254,350
11960,2129728871,80
11961,1460081663,10
11962,102866686468,7050
11963,10125666868,220
11964,1989408758,40
11965,5325216397,240
11966,642463108,20
11967,69097605880,9840
11968,642463108,20
11969,107356367,500000
11970,69570119769,24470
11971,356998367112,27060
11972,1989408758,40
11973,41633656026,290
11974,94920248285,40290
11975,38062709610,760
11976,40271490674,4840
11977,48919680559,16560
11978,2129728871,80
11979,5004700354,300
11980,188736604890,4500
11981,2129728871,80
11982,2700711032,200
11983,776271253,340370
11984,2700711032,200
11985,7632138894,150
11986,642463108,20
11987,2129728871,80
11988,107356367,500000
11989,178131872399,2900
11990,4101675363,160
11991,2129728871,80
11992,2700711032,200
11993,12501136590,260
11994,16628626764,130
11995,10125666868,220
11996,1460081663,10
11997,18962906803,2000
11998,107356367,500000
11999,694902885,496760
12000,8890640708,50
12001,7632138894,150
12002,15230320883,500
12003,424493328863,3610
12004,107356367,500000
12005,1410951772,60
12006,3498963678,400
12007,146616877072,1670
12008,319501492157,3780
12009,2131112755,120
12010,3248511615,70
12011,11168928718,320
12012,15230320883,500
12013,31231102416,5780
12014,238034536676,21420
12015,597854622103,4510
12016,1410951772,60
12017,196124027849,15560
12018,642463108,20
12019,296903811603,21330
12020,5325216397,240
12021,83130397074,2280
12022,153125796783,1550
12023,1460081663,10
12024,180736010960,8360
12025,2680666674,100
12026,162630588981,13500
12027,19618372147,640
12028,107356367,500000
12029,2700711032,200
12030,512624037976,4450
12031,7632138894,150
12032,372329212448,15770
12033,76726111901,5640
12034,166125087603,19290
12035,642463108,20
12036,70125742858,550
12037,642463108,20
12038,2680666674,100
12039,7632138894,150
12040,25118415259,720
12041,1410951772,60
12042,4101675363,160
12043,788453698,252110
12044,2131112755,120
12045,88670441383,8440
12046,26878024615,960
12047,107356367,500000
12048,18962906803,2000
12049,59326627443,1760
12050,2129728871,80
12051,136300868488,5130
12052,31957226762,680
12053,642463108,20
12054,1410951772,60
12055,27818723522,1280
12056,642463108,20
12057,3155297787,30
12058,8160380638,800
12059,46266450120,880
12060,173944146481,9620
12061,9128426838,600
12062,8890640708,50
12063,2129728871,80
12064,13101514727,120780
12065,1989408758,40
12066,107356367,500000
12067,3498963678,400
12068,111258118998,1780
12069,8771610191,140
12070,92071036458,15160
12071,89884823647,2480
12072,642463108,20
12073,2680666674,100
12074,328376471196,14290
12075,1460081663,10
12076,2700711032,200
12077,248672394983,3230
12078,13175843055,480
12079,2860892748,192820
12080,8890640708,50
12081,2131112755,120
12082,27619497645,410
12083,28927395967,136820
12084,197128150104,12250
12085,5325216397,240
12086,40058785915,1100
12087,68496873759,5580
12088,5325216397,240
12089,642463108,20
12090,273341572822,2920
12091,107356367,500000
12092,642463108,20
12093,1989408758,40
12094,40058785915,1100
12095,1382569033,281300
12096,28361958308,7620
12097,642463108,20
12098,3155297787,30
12099,737955398359,4470
12100,995519333783,3810
12101,2680666674,100
12102,184991408942,2460
12103,8771610191,140
12104,2131112755,120
12105,7632138894,150
12106,383071768493,23940
12107,191012842278,3640
12108,107356367,500000
12109,8890640708,50
12110,5004700354,300
12111,10125666868,220
12112,1410951772,60
12113,24738524121,9000
12114,276822726826,2750
12115,4101675363,160
12116,37625811344,1400
12117,137532812846,1740
12118,70170852619,2320
12119,22947144105,540
12120,66254129436,6570
12121,3248511615,70
12122,16663604145,250
12123,205866982524,11970
12124,107356367,500000
12125,7632138894,150
12126,1460081663,10
12127,2700711032,200
12128,80484081617,80440
12129,27466659792,780
12130,2700711032,200
12131,8160380638,800
12132,10093778100,110
12133,107356367,500000
12134,8160380638,800
12135,2680666674,100
12136,2680666674,100
12137,263615165710,3540
12138,206346245960,950
12139,8733449997,172210
12140,642463108,20
12141,2700711032,200
12142,7389868499,1000
12143,456939974313,1190
12144,111177962277,1540
12145,15230320883,500
12146,66254129436,6570
12147,642463108,20
12148,2129728871,80
12149,3155297787,30
12150,7389868499,1000
12151,2129728871,80
12152,2680666674,100
12153,15149273275,230
12154,2570463306,186470
12155,28481466122,420
12156,148042500812,42080
12157,642463108,20
12158,794878966153,3850
12159,3155297787,30
12160,358690989634,6460
12161,8212884533,182850
12162,642463108,20
12163,228517508811,3900
12164,53067740046,1080
12165,343994138283,4340
12166,2691632632,205920
12167,23462784328,88080
12168,9128426838,600
12169,1460081663,10
12170,25223263621,15060
12171,63012407342,5040
12172,69062235443,3040
12173,29491905716,660
12174,141488322401,3880
12175,41821030865,12480
12176,3248511615,70
12177,58309205757,8540
12178,25118415259,720
12179,8890640708,50
12180,70111958674,9870
12181,25941016146,340
12182,2129728871,80
12183,76699088255,2360
12184,25941016146,340
12185,151135980060,19500
12186,642463108,20
12187,25801847636,580
12188,50020304629,460
12189,29318039319,89240
12190,107356367,500000
12191,2131112755,120
12192,70876543350,42020
12193,157452702164,4360
12194,2700711032,200
12195,4101675363,160
12196,13175843055,480
12197,226314048852,1610
12198,2700711032,200
12199,11168928718,320
12200,5004700354,300
12201,1989408758,40
12202,11168928718,320
12203,4750466533,180
12204,387462718755,10520
12205,4101675363,160
12206,642463108,20
12207,122120692610,2500
12208,5325216397,240
12209,13503009596,170
12210,80867563876,11040
12211,1989408758,40
12212,1460081663,10
12213,59192250382,310
12214,16345921391,56570
12215,25118415259,720
12216,10093778100,110
12217,2131112755,120
12218,10125666868,220
12219,2700711032,200
12220,10125666868,220
12221,25941016146,340
12222,28423629096,700
12223,15230320883,500
12224,171229564096,3100
12225,79185209118,12820
12226,205933271813,10420
12227,10093778100,110
12228,49736015129,1440
12229,642463108,20
12230,28481030422,520
12231,5004700354,300
12232,642463108,20
12233,4101675363,160
12234,16704191328,10500
12235,4750466533,180
12236,1989408758,40
12237,9405702726,90
12238,5305562652,174880
12239,1410951772,60
12240,107356367,500000
12241,107356367,500000
12242,27818723522,1280
12243,113146677197,4000
12244,63551217216,1160
12245,78925152437,4980
12246,2129728871,80
12247,25118415259,720
12248,1932180555290,2090
12249,426567128638,2610
12250,1989408758,40
12251,1410951772,60
12252,200043033315,4540
12253,2131112755,120
12254,3248511615,70
12255,929809573,274370
12256,35082637617,1040
12257,3155297787,30
12258,642463108,20
12259,184991408942,2460
12260,29491905716,660
12261,11617382549,6000
12262,119523174937,930
12263,15230320883,500
12264,2131112755,120
12265,2131112755,120
12266,1989408758,40
12267,2700711032,200
12268,13998415485,190
12269,278293215885,4250
12270,642463108,20
12271,60174789578,10030
12272,19618372147,640
12273,11999169782,360
12274,5325216397,240
12275,28481030422,520
12276,2129728871,80
12277,11168928718,320
12278,501174089865,3890
12279,40183417397,5840
12280,16663604145,250
12281,13175843055,480
12282,3248511615,70
12283,1989408758,40
12284,1410951772,60
12285,82816160235,1640
12286,31957226762,680
12287,15230320883,500
12288,141004352283,60280
12289,1177315554,395620
12290,8890640708,50
12291,642463108,20
12292,642463108,20
12293,93463046883,24650
12294,2700711032,200
12295,209542455259,4060
12296,1460081663,10
12297,1460081663,10
12298,1989408758,40
12299,13998415485,190
12300,7632138894,150
12301,2131112755,120
12302,1537296279,241190
12303,642463108,20
12304,53067740046,1080
12305,2700711032,200
12306,2129728871,80
12307,4750466533,180
12308,3155297787,30
12309,13805813254,350
12310,1989408758,40
12311,107815389228,2200
12312,95853480649,20300
12313,15230320883,500
12314,28423629096,700
12315,196284049650,1820
12316,4750466533,180
12317,155237312337,57000
12318,642463108,20
12319,35484487501,2560
12320,642463108,20
12321,3155297787,30
12322,11168928718,320
12323,71720042109,1220
12324,43845140351,5380
12325,79821372396,1350
12326,153827495750,2250
12327,3248511615,70
12328,11763083192,173230
12329,15230320883,500
12330,26878024615,960
12331,1989408758,40
12332,11999169782,360
12333,8160380638,800
12334,11999169782,360
12335,642463108,20
12336,69062235443,3040
12337,76003942536,1860
12338,31672662363,840
12339,107356367,500000
12340,241798423648,810
12341,1410951772,60
12342,45037630446,29640
12343,155043166460,2620
12344,2129728871,80
12345,68521172507,7980
12346,5325216397,240
12347,224628256645,2340
12348,1410951772,60
12349,2680666674,100
12350,3248511615,70
12351,3248511615,70
12352,642463108,20
12353,206157346093,22810
12354,104388908941,72960
12355,17461846483,210
12356,3155297787,30
12357,3248511615,70
12358,580024749243,2050
12359,642463108,20
12360,2700711032,200
12361,11999169782,360
12362,2700711032,200
12363,1989408758,40
12364,27619497645,410
12365,4101675363,160
12366,81768420176,690
12367,71066342983,940
12368,290187094708,17080
12369,41160800922,101580
12370,3155297787,30
12371,18996202784,89400
12372,15230320883,500
12373,2680666674,100
12374,8890640708,50
12375,28481466122,420
12376,59326627443,1760
12377,144978121763,46170
12378,165972722923,1250
12379,1989408758,40
12380,9128426838,600
12381,123578767561,8660
12382,16628626764,130
12383,4101675363,160
12384,642463108,20
12385,1989408758,40
12386,107356367,500000
12387,107356367,500000
12388,96397107272,1460
12389,107815389228,2200
12390,150376618518,1880
12391,1460081663,10
12392,38941691457,1520
12393,32127016025,30260
12394,1048609385,384680
12395,58571749105,5120
12396,2129728871,80
12397,2131112755,120
12398,241798423648,810
12399,29491905716,660
12400,642463108,20
12401,142683136590,13070
12402,8771610191,140
12403,31377036712,900
12404,85265160185,23450
12405,13175843055,480
12406,10125666868,220
12407,107356367,500000
12408,1989408758,40
12409,1460081663,10
12410,42635005721,1920
12411,2700711032,200
12412,1460081663,10
12413,2131112755,120
12414,107356367,500000
12415,205598359712,2300
12416,1989408758,40
12417,1460081663,10
12418,124943216139,22650
12419,1410951772,60
12420,59326627443,1760
12421,7389868499,1000
12422,3155297787,30
12423,1410951772,60
12424,41921819600,16420
12425,38062709610,760
12426,642463108,20
12427,9405702726,90
12428,1989408758,40
12429,1460081663,10
12430,72251914867,1480
12431,193387501226,13350
12432,2700711032,200
12433,11168928718,320
12434,384637377932,3180
12435,115469428174,2940
12436,2680666674,100
12437,28481030422,520
12438,5004700354,300
12439,111258118998,1780
12440,9128426838,600
12441,642463108,20
12442,25715559667,440
12443,310189568282,8860
12444,3155297787,30
12445,26878024615,960
12446,2700711032,200
12447,50977340686,620
12448,31672662363,840
12449,2131112755,120
12450,10093778100,110
12451,642463108,20
12452,2680666674,100
12453,2131112755,120
12454,173931198010,1510
12455,338326843180,6540
12456,59192250382,310
12457,1410951772,60
12458,45404365079,80660
12459,1460081663,10
12460,26744858109,4970
12461,1460081663,10
12462,155394881426,27870
12463,26163889154,20000
12464,1460081663,10
12465,3498963678,400
12466,38907977116,2400
12467,50977340686,620
12468,8160380638,800
12469,5004700354,300
12470,692409000,310600
12471,7632138894,150
12472,108300503059,40000
12473,8771610191,140
12474,642463108,20
12475,37625811344,1400
12476,2131112755,120
12477,448484883112,4680
12478,54096325140,2100
12479,2131112755,120
12480,316166795241,21570
12481,642463108,20
12482,5325216397,240
12483,13805813254,350
12484,3155297787,30
12485,116233051714,34160
12486,5004700354,300
12487,26148963904,1240
12488,38577124578,49440
12489,395039734538,14270
12490,132878146393,11240
12491,74508074661,740
12492,642463108,20
12493,2680666674,100
12494,110703189125,510
12495,13998415485,190
12496,50020304629,460
12497,80697351164,6500
12498,53067740046,1080
12499,44964107008,330
12500,38907977116,2400
12501,2129728871,80
12502,16628626764,130
12503,137193556010,1050
12504,300064267948,4030
12505,110794512641,58020
12506,232419034166,25730
12507,171229564096,3100
12508,13998415485,190
12509,1460081663,10
12510,63868019628,6970
12511,15149273275,230
12512,25555689816,113770
12513,37625811344,1400
12514,717021519,489260
12515,45869569624,12260
12516,2700711032,200
12517,83130397074,2280
12518,13175843055,480
12519,33706276256,110140
12520,1989408758,40
12521,220233453968,2420
12522,642463108,20
12523,107356367,500000
12524,642463108,20
12525,642463108,20
12526,107356367,500000
12527,12501136590,260
12528,2129728871,80
12529,29491905716,660
12530,1410951772,60
12531,1410951772,60
12532,2542712728,199030
12533,78393088242,3200
12534,2131112755,120
12535,642463108,20
12536,2131112755,120
12537,642463108,20
12538,231116809145,710
12539,1460081663,10
12540,19618372147,640
12541,34732904909,59270
12542,642463108,20
12543,8160380638,800
12544,642463108,20
12545,161082269082,1980
12546,1989408758,40
12547,36817294349,1140
12548,83532074855,1300
12549,5325216397,240
12550,2129728871,80
12551,26988989205,750
12552,7632138894,150
12553,16628626764,130
12554,130364661735,3840
12555,55473720664,39180
12556,18405098557,1200
12557,4750466533,180
12558,11685752060,280
12559,1005619509,397500
12560,2131112755,120
12561,83615987996,14880
12562,1410951772,60
12563,5004700354,300
12564,2680666674,100
12565,81513870704,1260
12566,642463108,20
12567,39237349975,1120
12568,44964107008,330
12569,29837437092,98680
12570,642463108,20
12571,7632138894,150
12572,3155297787,30
12573,4750466533,180
12574,335260492419,27850
12575,71720042109,1220
12576,18405098557,1200
12577,36301848466,5700
12578,1989408758,40
12579,598013095,450500
12580,642463108,20
12581,63222235117,5800
12582,344023391781,18590
12583,9405702726,90
12584,2680666674,100
12585,17461846483,210
12586,29491905716,660
12587,642463108,20
12588,184991408942,2460
12589,12147480327,112720
12590,1410951772,60
12591,72251914867,1480
12592,642463108,20
12593,59192250382,310
12594,59867397552,5910
12595,1989408758,40
12596,28481030422,520
12597,2680666674,100
12598,125552745665,6680
12599,16628626764,130
12600,3248511615,70
12601,10093778100,110
12602,13175843055,480
12603,642463108,20
12604,1460081663,10
12605,1410951772,60
12606,16628626764,130
12607,18536928071,1600
12608,9128426838,600
12609,50020304629,460
12610,1989408758,40
12611,333049424242,2580
12612,3498963678,400
12613,118676899328,75300
12614,38453886123,12600
12615,1410951772,60
12616,1016045840,270250
12617,1460081663,10
12618,28423629096,700
12619,10125666868,220
12620,154044200429,7640
12621,19082771969,153580
12622,1894823794,217560
12623,1989408758,40
12624,3155297787,30
12625,45701126569,53490
12626,2129728871,80
12627,359250472537,1110
12628,300173495669,4120
12629,9405702726,90
12630,28481466122,420
12631,13503009596,170
12632,197905276278,27080
12633,69128358495,4820
12634,69128358495,4820
12635,8771610191,140
12636,2680666674,100
12637,3248511615,70
12638,3155297787,30
12639,4101675363,160
12640,1410951772,60
12641,5004700354,300
12642,3155297787,30
12643,3155297787,30
12644,44020660638,6120
12645,83532074855,1300
12646,11168928718,320
12647,124325817782,66140
12648,150586531437,1840
12649,642463108,20
12650,7389868499,1000
12651,46873391825,20030
12652,25118415259,720
12653,53637805687,820
12654,4750466533,180
12655,1460081663,10
12656,13175843055,480
12657,41722682741,109020
12658,2129728871,80
12659,60896523245,34080
12660,642463108,20
12661,3248511615,70
12662,3155297787,30
12663,36817294349,1140
12664,2129728871,80
12665,107356367,500000
12666,65150716152,1420
12667,2680666674,100
12668,300710757689,30080
12669,13175843055,480
12670,4101675363,160
12671,2131112755,120
12672,2129728871,80
12673,2131112755,120
12674,295166768831,35580
12675,3248511615,70
12676,107356367,500000
12677,2131112755,120
12678,2680666674,100
12679,36817294349,1140
12680,642463108,20
12681,126101337696,2700
12682,5325216397,240
12683,107356367,500000
12684,2131112755,120
12685,385727987,452060
12686,107356367,500000
12687,2129728871,80
12688,31377036712,900
12689,3248511615,70
12690,107356367,500000
12691,178832612739,20870
12692,2131112755,120
12693,1989408758,40
12694,425115754418,13930
12695,2131112755,120
12696,56757000936,860
12697,642463108,20
12698,71720042109,1220
12699,3248511615,70
12700,18962906803,2000
12701,10125666868,220
12702,25715559667,440
12703,179005833493,14950
12704,114185665339,2040
12705,107356367,500000
12706,64707038648,5500
12707,122758736466,1060
12708,1410951772,60
12709,33336156346,380
12710,206346245960,950
12711,1989408758,40
12712,16628626764,130
12713,7389868499,1000
12714,314580645801,2260
12715,50020304629,460
12716,1410951772,60
12717,107356367,500000
12718,1410951772,60
12719,2700711032,200
12720,110703189125,510
12721,11685752060,280
12722,107356367,500000
12723,98675456188,2020
12724,28481030422,520
12725,163483255922,11760
12726,342656301767,20220
12727,185207928160,25680
12728,28433132681,5100
12729,42945444408,7880
12730,141368224621,16520
12731,16663604145,250
12732,186084113926,4910
12733,75708503239,1960
12734,13503009596,170
12735,544952399199,1850
12736,107356367,500000
12737,3155297787,30
12738,2129728871,80
12739,107752437226,40540
12740,99250112107,1940
12741,39237349975,1120
12742,264015364834,15820
12743,13998415485,190
12744,101708932252,980
12745,15149273275,230
12746,5054268406,159030
12747,642463108,20
12748,291550928032,3260
12749,18405098557,1200
12750,83018462314,2800
12751,2448919355,190920
12752,107356367,500000
12753,1410951772,60
12754,3248511615,70
12755,1989408758,40
12756,13805813254,350
12757,2131112755,120
12758,15230320883,500
12759,43281651185,107660
12760,8890640708,50
12761,2131112755,120
12762,9128426838,600
12763,124375194560,1180
12764,2700711032,200
12765,639563464975,1410
12766,91253084478,10440
12767,107356367,500000
12768,41633656026,290
12769,11168928718,320
12770,27818723522,1280
12771,37625811344,1400
12772,1989408758,40
12773,7389868499,1000
12774,117495491071,15020
12775,1410951772,60
12776,2131112755,120
12777,2131112755,120
12778,18953189146,4940
12779,697301321,414290
12780,193445801817,29150
12781,340265626334,5990
12782,276697806198,25350
12783,5325216397,240
12784,11685752060,280
12785,642463108,20
12786,158893180602,19440
12787,642463108,20
12788,1989408758,40
12789,3155297787,30
12790,2131112755,120
12791,5004700354,300
12792,335082250712,4700
12793,11999169782,360
12794,260317020969,570
12795,3248511615,70
12796,107356367,500000
12797,5325216397,240
12798,13998415485,190
12799,173092753846,5010
12800,54096325140,2100
12801,1460081663,10
12802,899233564082,4050
12803,2700711032,200
12804,2129728871,80
12805,107356367,500000
12806,642463108,20
12807,78393088242,3200
12808,5004700354,300
12809,2131112755,120
12810,642463108,20
12811,4750466533,180
12812,2680666674,100
12813,4750466533,180
12814,3248511615,70
12815,1989408758,40
12816,1989408758,40
12817,101163758335,19330
12818,16663604145,250
12819,2129728871,80
12820,2680666674,100
12821,5325216397,240
12822,2129728871,80
12823,462053606811,2370
12824,5325216397,240
12825,473390088664,3330
12826,642463108,20
12827,8771610191,140
12828,3568750643,222150
12829,63551217216,1160
12830,26148963904,1240
12831,2129728871,80
12832,43821441387,7920
12833,1989408758,40
12834,80028775152,8460
12835,107356367,500000
12836,13175843055,480
12837,2700711032,200
12838,129940151631,20780
12839,583496972292,4070
12840,642463108,20
12841,82816160235,1640
12842,642463108,20
12843,27904980066,122540
12844,107356367,500000
12845,33652981256,73400
12846,27880639771,136920
12847,209542455259,4060
12848,199288361563,7210
12849,243926058211,2930
12850,70170852619,2320
12851,124375194560,1180
12852,1989408758,40
12853,71720042109,1220
12854,44964107008,330
12855,111258118998,1780
12856,1410951772,60
12857,174655456873,9390
12858,1460081663,10
12859,176194675518,1010
12860,1989408758,40
12861,82967424457,24030
12862,5004700354,300
12863,11999169782,360
12864,107356367,500000
12865,1410951772,60
12866,9405702726,90
12867,21462108561,94550
12868,1410951772,60
12869,7632138894,150
12870,200140673058,3950
12871,25941016146,340
12872,2700711032,200
12873,9405702726,90
12874,700781980,371000
12875,3155297787,30
12876,11999169782,360
12877,13998415485,190
12878,278293215885,4250
12879,30567251497,920
12880,26988989205,750
12881,129936548133,1700
12882,174026483422,3240
12883,1460081663,10
12884,311247943354,8430
12885,10093778100,110
12886,2131112755,120
12887,272310310368,3140
12888,642463108,20
12889,13175843055,480
12890,642463108,20
12891,107356367,500000
12892,13175843055,480
12893,2680666674,100
12894,39237349975,1120
12895,2914021754,220010
12896,3155297787,30
12897,1989408758,40
12898,1989408758,40
12899,43821441387,7920
12900,241620203447,3060
12901,3155297787,30
12902,2129728871,80
12903,49736015129,1440
12904,25715559667,440
12905,642463108,20
12906,39237349975,1120
12907,117584555981,2640
12908,4101675363,160
12909,7389868499,1000
12910,1460081663,10
12911,2129728871,80
12912,1989408758,40
12913,3248511615,70
12914,2129728871,80
12915,107356367,500000
12916,30567251497,920
12917,642463108,20
12918,642463108,20
12919,642463108,20
12920,12501136590,260
12921,1460081663,10
12922,3155297787,30
12923,2129728871,80
12924,1460081663,10
12925,25941016146,340
12926,653141204187,4720
12927,1410951772,60
12928,3498963678,400
12929,14839130406,5220
12930,124038154441,27680
12931,7389868499,1000
12932,24899962020,72620
12933,113944913565,10230
12934,13503009596,170
12935,642463108,20
12936,82816160235,1640
12937,2700711032,200
12938,13175843055,480
12939,8771610191,140
12940,18405098557,1200
12941,642463108,20
12942,54510048580,11520
12943,165760151198,1340
12944,127347856466,22560
12945,8890640708,50
12946,4750466533,180
12947,2700711032,200
12948,642463108,20
12949,384935901795,1890
12950,3155297787,30
12951,642463108,20
12952,160387245922,6930
12953,2131112755,120
12954,83532074855,1300
12955,71720042109,1220
12956,12034167866,163600
12957,2700711032,200
12958,1460081663,10
12959,2128642087429,4410
12960,74508074661,740
12961,22947144105,540
12962,571426736,257460
12963,2680666674,100
12964,263306795635,2550
12965,42635005721,1920
12966,107815389228,2200
12967,49923851272,107340
12968,15149273275,230
12969,22947144105,540
12970,4101675363,160
12971,642463108,20
12972,2680666674,100
12973,2680666674,100
12974,107356367,500000
12975,31672662363,840
12976,76699088255,2360
12977,35484487501,2560
12978,59192250382,310
12979,319843335044,1770
12980,59326627443,1760
12981,47727873071,3000
12982,642463108,20
12983,3155297787,30
12984,1460081663,10
12985,642463108,20
12986,15665291807,5600
12987,2680666674,100
12988,220225676402,3400
12989,16404063520,5400
12990,126202656200,72130
12991,642463108,20
12992,59192250382,310
12993,642463108,20
12994,2680666674,100
12995,2131112755,120
12996,17231374945,560
12997,9128426838,600
12998,2680666674,100
12999,9128426838,600
13000,16628626764,130
13001,163725952810,16840
13002,642463108,20
13003,10125666868,220
13004,642463108,20
13005,3498963678,400
13006,54486777198,81220
13007,642463108,20
13008,126101337696,2700
13009,102918731629,58030
13010,2131112755,120
13011,2129728871,80
13012,1989408758,40
13013,642463108,20
13014,40052448521,69180
13015,58309205757,8540
13016,5325216397,240
13017,41633656026,290
13018,405296629953,1450
13019,74508074661,740
13020,109478010256,8220
13021,107356367,500000
13022,3155297787,30
13023,18405098557,1200
13024,2680666674,100
13025,135470139763,22640
13026,124375194560,1180
13027,7632138894,150
13028,13478460716,127500
13029,336994068,464400
13030,2680666674,100
13031,2129728871,80
13032,10125666868,220
13033,292806859080,25300
13034,219909588200,3980
13035,5004700354,300
13036,16663604145,250
13037,642463108,20
13038,2131112755,120
13039,2129728871,80
13040,3248511615,70
13041,7632138894,150
13042,423301590279,3150
13043,2680666674,100
13044,3248511615,70
13045,13175843055,480
13046,485453983427,2630
13047,53958367724,83700
13048,423715096610,3350
13049,4101675363,160
13050,169078418254,3720
13051,8771610191,140
13052,2131112755,120
13053,159801588060,52340
13054,359250472537,1110
13055,549570073322,3730
13056,1460081663,10
13057,9128426838,600
13058,4101675363,160
13059,642463108,20
13060,642463108,20
13061,78393088242,3200
13062,26878024615,960
13063,141488322401,3880
13064,19618372147,640
13065,2129728871,80
13066,2131112755,120
13067,2700711032,200
13068,118111112421,5230
13069,1989408758,40
13070,2680666674,100
13071,107356367,500000
13072,5004700354,300
13073,78393088242,3200
13074,3155297787,30
13075,642463108,20
13076,63551217216,1160
13077,16367385483,156370
13078,124375194560,1180
13079,219909588200,3980
13080,107356367,500000
13081,642463108,20
13082,2131112755,120
13083,2131112755,120
13084,642463108,20
13085,49089698063,17780
13086,7632138894,150
13087,12501136590,260
13088,73892253061,89900
13089,11168928718,320
13090,2700711032,200
13091,27466659792,780
13092,3498963678,400
13093,54096325140,2100
13094,11999169782,360
13095,1410951772,60
13096,155043166460,2620
13097,2700711032,200
13098,4101675363,160
13099,26148963904,1240
13100,66869347035,12020
13101,2129728871,80
13102,21695934599,6480
13103,642463108,20
13104,1989408758,40
13105,20722080129,11480
13106,79393439122,5200
13107,7632138894,150
13108,3248511615,70
13109,1460081663,10
13110,642463108,20
13111,3248511615,70
13112,119938063081,2150
13113,2680666674,100
13114,642463108,20
13115,1460081663,10
13116,1460081663,10
13117,947232950,455790
13118,116879273391,37850
13119,105910324974,15600
13120,1989408758,40
13121,231793056679,6440
13122,2700711032,200
13123,440133462917,4740
13124,100302383014,51810
13125,4750466533,180
13126,11999169782,360
13127,1410951772,60
13128,4101675363,160
13129,49181019185,430
13130,2131112755,120
13131,343004207016,530
13132,107356367,500000
13133,7632138894,150
13134,69062235443,3040
13135,31231102416,5780
13136,7389868499,1000
13137,1460081663,10
13138,776084680,266450
13139,1989408758,40
13140,642463108,20
13141,2700711032,200
13142,110703189125,510
13143,3155297787,30
13144,8771610191,140
13145,16628626764,130
13146,5325216397,240
13147,642463108,20
13148,642463108,20
13149,28481466122,420
13150,9128426838,600
13151,49736015129,1440
13152,364905480612,2190
13153,4750466533,180
13154,2131112755,120
13155,122758736466,1060
13156,107356367,500000
13157,47727873071,3000
13158,2129728871,80
13159,173944146481,9620
13160,2131112755,120
13161,73169373677,1620
13162,1460081663,10
13163,12501136590,260
13164,8160380638,800
13165,1460081663,10
13166,18405098557,1200
13167,521046320091,4140
13168,642463108,20
13169,10125666868,220
13170,642463108,20
13171,642463108,20
13172,642463108,20
13173,38941691457,1520
13174,107356367,500000
13175,174447513074,1370
13176,12501136590,260
13177,2700711032,200
13178,3155297787,30
13179,19618372147,640
13180,15032679679,157460
13181,250508916277,15320
13182,31377036712,900
13183,1989408758,40
13184,82983209900,29480
13185,1410951772,60
13186,27702462078,133520
13187,2680666674,100
13188,1460081663,10
13189,288001819702,4520
13190,1410951772,60
13191,642463108,20
13192,2680666674,100
13193,2700711032,200
13194,279255516496,17400
13195,7068153430,203360
13196,3155297787,30
13197,1460081663,10
13198,4101675363,160
13199,512624037976,4450
13200,173349614530,4020
13201,9818612106,169380
13202,2131112755,120
13203,5325216397,240
13204,10790854661,5000
13205,2680666674,100
13206,95126470552,8550
13207,107356367,500000
13208,96397107272,1460
13209,1460081663,10
13210,1989408758,40
13211,62006238663,16440
13212,2700711032,200
13213,1989408758,40
13214,37159752956,1500
13215,642463108,20
13216,10125666868,220
13217,409670247278,13120
13218,120783344797,7120
13219,2131112755,120
13220,15230320883,500
13221,1460081663,10
13222,2129728871,80
13223,2129728871,80
13224,3155297787,30
13225,261119521201,2820
13226,107356367,500000
13227,64014537207,13200
13228,642463108,20
13229,264792450887,970
13230,217010712174,3520
13231,8887773515,173180
13232,36817294349,1140
13233,1410951772,60
13234,1989408758,40
13235,5004700354,300
13236,8890640708,50
13237,1235924176,292320
13238,11168928718,320
13239,182747867130,4200
13240,49227074022,76580
13241,2700711032,200
13242,3155297787,30
13243,50799511083,5420
13244,186478669059,4280
13245,241620203447,3060
13246,3155297787,30
13247,107356367,500000
13248,28423629096,700
13249,1460081663,10
13250,25118415259,720
13251,15149273275,230
13252,67774165811,770
13253,25801847636,580
13254,642463108,20
13255,389766824985,3500
13256,217010712174,3520
13257,107356367,500000
13258,2129728871,80
13259,155394881426,27870
13260,1460081663,10
13261,15149273275,230
13262,9128426838,600
13263,78393088242,3200
13264,117888475000,10040
13265,4101675363,160
13266,642463108,20
13267,107356367,500000
13268,642463108,20
13269,23504449540,5090
13270,11227801484,4960
13271,76389082717,390
13272,141295678608,1170
13273,1989408758,40
13274,8890640708,50
13275,2131112755,120
13276,1460081663,10
13277,17461846483,210
13278,3498963678,400
13279,26736020681,126230
13280,3155297787,30
13281,11168928718,320
13282,320352833076,31880
13283,53637805687,820
13284,69335711435,2220
13285,2680666674,100
13286,31672662363,840
13287,8160380638,800
13288,4101675363,160
13289,10125666868,220
13290,12665382267,4920
13291,29491905716,660
13292,2700711032,200
13293,46266450120,880
13294,677844893,358440
13295,107356367,500000
13296,17461846483,210
13297,1460081663,10
13298,63594772780,84420
13299,376511022571,3460
13300,1189024672,314330
13301,2129728871,80
13302,3498963678,400
13303,642463108,20
13304,855593184,374400
13305,107356367,500000
13306,5004700354,300
13307,1460081663,10
13308,188271688429,3940
13309,200043033315,4540
13310,76389082717,390
13311,335082250712,4700
13312,2131112755,120
13313,5325216397,240
13314,1601387659,302860
13315,104554120890,14300
13316,208799793,461530
13317,107356367,500000
13318,7389868499,1000
13319,81513870704,1260
13320,5004700354,300
13321,38062709610,760
13322,2700711032,200
13323,1989408758,40
13324,4750466533,180
13325,3155297787,30
13326,1989408758,40
13327,1410951772,60
13328,2680666674,100
13329,642463108,20
13330,11999169782,360
13331,42635005721,1920
13332,75201684972,2720
13333,60613236194,41640
13334,1460081663,10
13335,31957226762,680
13336,4101675363,160
13337,8160380638,800
13338,1989408758,40
13339,77887012297,5630
13340,3155297787,30
13341,19618372147,640
13342,1460081663,10
13343,2680666674,100
13344,1275855453,205000
13345,13175843055,480
13346,308451069305,7830
13347,3498963678,400
13348,107356367,500000
13349,180905470906,7700
13350,642463108,20
13351,642463108,20
13352,253264721098,11900
13353,2079371159147,4570
13354,2680666674,100
13355,1989408758,40
13356,11685752060,280
13357,2700711032,200
13358,10125666868,220
13359,35954025418,106110
13360,10790854661,5000
13361,635414093112,4270
13362,152332105369,5440
13363,1410951772,60
13364,1460081663,10
13365,28481466122,420
13366,1410951772,60
13367,25941016146,340
13368,2131112755,120
13369,28423629096,700
13370,9405702726,90
13371,7389868499,1000
13372,32581665945,6240
13373,642463108,20
13374,5325216397,240
13375,1410951772,60
13376,642463108,20
13377,15149273275,230
13378,224175917101,20160
13379,32273638048,4880
13380,148963651289,1660
13381,206662577146,43600
13382,85613685079,12200
13383,53067740046,1080
13384,4101675363,160
13385,12501136590,260
13386,11168928718,320
13387,122971945463,470
13388,107815389228,2200
13389,260317020969,570
13390,17461846483,210
13391,25941016146,340
13392,8160380638,800
13393,2700711032,200
13394,642463108,20
13395,2129728871,80
13396,15230320883,500
13397,96397107272,1460
13398,161082269082,1980
13399,66670154645,17900
13400,642463108,20
13401,448533878185,4460
13402,9128426838,600
13403,642463108,20
13404,663923324613,1990
13405,268571666672,16400
13406,1460081663,10
13407,1410951772,60
13408,27823517189,8160
13409,99338643844,8730
13410,2700711032,200
13411,5004700354,300
13412,27823517189,8160
13413,642463108,20
13414,54096325140,2100
13415,44114382019,13080
13416,18070015473,7760
13417,642463108,20
13418,5325216397,240
13419,59326627443,1760
13420,1496144320,305630
13421,11168928718,320
13422,8771610191,140
13423,107815389228,2200
13424,48103746458,7540
13425,378260521095,1750
13426,11168928718,320
13427,5325216397,240
13428,59867397552,5910
13429,2131112755,120
13430,297915750030,30060
13431,2680666674,100
13432,161082269082,1980
13433,45372110909,92810
13434,3155297787,30
13435,107356367,500000
13436,117584555981,2640
13437,2700711032,200
13438,280629417048,14870
13439,114185665339,2040
13440,107356367,500000
13441,146204046778,12930
13442,924780868,483750
13443,330684439463,3760
13444,62230305739,450
13445,56816059127,24020
13446,97734781664,5610
13447,8771610191,140
13448,83018462314,2800
13449,2131112755,120
13450,17231374945,560
13451,13805813254,350
13452,8160380638,800
13453,642463108,20
13454,9128426838,600
13455,11999169782,360
13456,11685752060,280
13457,107356367,500000
13458,210576129005,2840
13459,76389082717,390
13460,1989408758,40
13461,2700711032,200
13462,38453886123,12600
13463,2129728871,80
13464,8771610191,140
13465,107356367,500000
13466,7773840569,183230
13467,333049424242,2580
13468,324652129013,3580
13469,2680666674,100
13470,2129728871,80
13471,165760151198,1340
13472,2131112755,120
13473,11168928718,320
13474,271599818,413050
13475,642463108,20
13476,272310310368,3140
13477,81768420176,690
13478,7624495380,121270
13479,107356367,500000
13480,54881752888,6210
13481,113624803022,36030
13482,44964107008,330
13483,99250112107,1940
13484,10093778100,110
13485,59241903043,64650
13486,8890640708,50
13487,642463108,20
13488,4101675363,160
13489,33336156346,380
13490,27466659792,780
13491,35082637617,1040
13492,413972159189,4240
13493,642463108,20
13494,10790854661,5000
13495,307421705360,3680
13496,642463108,20
13497,107356367,500000
13498,2680666674,100
13499,642463108,20
13500,193812609867,26920
13501,3155297787,30
13502,2129728871,80
13503,2131112755,120
13504,12665382267,4920
13505,2680666674,100
13506,4101675363,160
13507,642463108,20
13508,2700711032,200
13509,111177962277,1540
13510,89725718745,12800
13511,271661497,411740
13512,508545867,279350
13513,4101675363,160
13514,2131112755,120
13515,1460081663,10
13516,1460081663,10
13517,26878024615,960
13518,153690887287,2880
13519,30567251497,920
13520,224387748893,4560
13521,217010712174,3520
13522,86937114417,1560
13523,1460081663,10
13524,38941691457,1520
13525,642463108,20
13526,1460081663,10
13527,99185979019,3420
13528,642463108,20
13529,62116165559,36000
13530,1460081663,10
13531,1989408758,40
13532,521046320091,4140
13533,5325216397,240
13534,13805813254,350
13535,55240071613,57930
13536,12501136590,260
13537,307421705360,3680
13538,4750466533,180
13539,2680666674,100
13540,38453886123,12600
13541,263615165710,3540
13542,2680666674,100
13543,448533878185,4460
13544,642463108,20
13545,3155297787,30
13546,9128426838,600
13547,145451985609,2240
13548,40642282735,370
13549,1708511324,224650
13550,94589386483,10100
13551,46164985971,15480
13552,67429264529,23640
13553,642463108,20
13554,28423629096,700
13555,9405702726,90
13556,97509121996,7240
13557,8890640708,50
13558,17461846483,210
13559,38941691457,1520
13560,15230320883,500
13561,243926058211,2930
13562,1460081663,10
13563,16628626764,130
13564,107356367,500000
13565,1989408758,40
13566,642463108,20
13567,107356367,500000
13568,5325216397,240
13569,2680666674,100
13570,642463108,20
13571,40271490674,4840
13572,104167458859,55200
13573,1989408758,40
13574,3498963678,400
13575,11168928718,320
13576,25715559667,440
13577,5325216397,240
13578,23717057018,270
13579,15149273275,230
13580,7389868499,1000
13581,4101675363,160
13582,642463108,20
13583,107356367,500000
13584,120397689630,2160
13585,2129728871,80
13586,2700711032,200
13587,9405702726,90
13588,1460081663,10
13589,642463108,20
13590,2183916516,187550
13591,3155297787,30
13592,33336156346,380
13593,48446638081,2600
13594,42945444408,7880
13595,25941016146,340
13596,13805813254,350
13597,56757000936,860
13598,53993829535,44520
13599,2680666674,100
13600,169649308169,46710
13601,191012842278,3640
13602,136549315889,1380
13603,2680666674,100
13604,8160380638,800
13605,1989408758,40
13606,120397689630,2160
13607,5004700354,300
13608,1460081663,10
13609,13175843055,480
13610,339844633650,20040
13611,75566779630,4800
13612,999905119750,4390
13613,1989408758,40
13614,107356367,500000
13615,107356367,500000
13616,180680107930,54000
13617,99185979019,3420
13618,2680666674,100
13619,4101675363,160
13620,8890640708,50
13621,149164164468,2180
13622,2131112755,120
13623,107356367,500000
13624,378255485978,3970
13625,130152141993,13440
13626,2680666674,100
13627,642463108,20
13628,642463108,20
13629,18962906803,2000
13630,107356367,500000
13631,3248511615,70
13632,7632138894,150
13633,3155297787,30
13634,2700711032,200
13635,3498963678,400
13636,2700711032,200
13637,96459026902,10640
13638,137522884224,2080
13639,22947144105,540
13640,1460081663,10
13641,89884823647,2480
13642,15230320883,500
13643,2129728871,80
13644,3155297787,30
13645,16628626764,130
13646,2700711032,200
13647,22947144105,540
13648,1016053771,313650
13649,106795623113,18740
13650,642463108,20
13651,3155297787,30
13652,38062709610,760
13653,642463108,20
13654,642463108,20
13655,5004700354,300
13656,37159752956,1500
13657,310401310,486700
13658,566007206742,2910
13659,1410951772,60
13660,107356367,500000
13661,33336156346,380
13662,28481030422,520
13663,44964107008,330
13664,260596243771,32020
13665,11916585507,121950
13666,2131112755,120
13667,1410951772,60
13668,4750466533,180
13669,32626852578,81410
13670,110703189125,510
13671,30567251497,920
13672,121633099952,26650
13673,12501136590,260
13674,136549315889,1380
13675,1460081663,10
13676,53067740046,1080
13677,35082637617,1040
13678,1989408758,40
13679,28481466122,420
13680,121887661710,8630
13681,2680666674,100
13682,24637270778,49960
13683,107356367,500000
13684,32902663700,1020
13685,11106437370,133910
13686,107356367,500000
13687,186478669059,4280
13688,3155297787,30
13689,76864215402,730
13690,642463108,20
13691,393379227957,22900
13692,8890640708,50
13693,50977340686,620
13694,1989408758,40
13695,25801847636,580
13696,1989408758,40
13697,299716928185,6170
13698,25715559667,440
13699,28349314960,98320
13700,33336156346,380
13701,78741178761,9720
13702,544952399199,1850
13703,3155297787,30
13704,241600182891,28030
13705,188355900878,13040
13706,2129728871,80
13707,28423629096,700
13708,8890640708,50
13709,59192250382,310
13710,1460081663,10
13711,327149689948,2780
13712,1989408758,40
13713,2129728871,80
13714,52960467757,85260
13715,1460081663,10
13716,3155297787,30
13717,1410951772,60
13718,231116809145,710
13719,3155297787,30
13720,2700711032,200
13721,1460081663,10
13722,307421705360,3680
13723,65150716152,1420
13724,106514864326,490
13725,4101675363,160
13726,8890640708,50
13727,642463108,20
13728,209934235089,2350
13729,113146677197,4000
13730,1460081663,10
13731,44964107008,330
13732,124707897921,64570
13733,9128426838,600
13734,130029866754,2440
13735,10125666868,220
13736,2131112755,120
13737,3248511615,70
13738,7632138894,150
13739,378686257654,2690
13740,4750466533,180
13741,2680666674,100
13742,5325216397,240
13743,19618372147,640
13744,353465618379,7090
13745,112795203005,9080
13746,54881752888,6210
13747,71066342983,940
13748,76003942536,1860
13749,2131112755,120
13750,2131112755,120
13751,2129728871,80
13752,2129728871,80
13753,2129728871,80
13754,1989408758,40
13755,107356367,500000
13756,13998415485,190
13757,2680666674,100
13758,32902663700,1020
13759,7389868499,1000
13760,1989408758,40
13761,5004700354,300
13762,27619497645,410
13763,1106228015722,3170
13764,4750466533,180
13765,2700711032,200
13766,1989408758,40
13767,642463108,20
13768,188736604890,4500
13769,163324317620,3480
13770,28481466122,420
13771,81513870704,1260
13772,13998415485,190
13773,5004700354,300
13774,236331466937,3020
13775,2700711032,200
13776,21011183343,5940
13777,2700711032,200
13778,18405098557,1200
13779,142844778033,25470
13780,8771610191,140
13781,70937215902,1320
13782,642463108,20
13783,642463108,20
13784,313549703372,27100
13785,27818723522,1280
13786,46879250683,4860
13787,1410951772,60
13788,69062235443,3040
13789,119523174937,930
13790,12501136590,260
13791,9405702726,90
13792,4101675363,160
13793,107356367,500000
13794,210538159840,16930
13795,2700711032,200
13796,18405098557,1200
13797,13175843055,480
13798,106514864326,490
13799,2129728871,80
13800,107356367,500000
13801,2700711032,200
13802,3498963678,400
13803,1989408758,40
13804,11685752060,280
13805,10125666868,220
13806,2129728871,80
13807,61344368875,62040
13808,37159752956,1500
13809,55845212249,1360
13810,220233453968,2420
13811,5004700354,300
13812,2700711032,200
13813,32392093595,4900
13814,3155297787,30
13815,245032347735,3160
13816,1229358791,364550
13817,10125666868,220
13818,107356367,500000
13819,149164164468,2180
13820,9128426838,600
13821,1989408758,40
13822,27818723522,1280
13823,91144982551,36940
13824,2700711032,200
13825,1410951772,60
13826,1460081663,10
13827,46266450120,880
13828,118111112421,5230
13829,1989408758,40
13830,3498963678,400
13831,27466659792,780
13832,1410951772,60
13833,53637805687,820
13834,83532074855,1300
13835,9128426838,600
13836,15149273275,230
13837,1989408758,40
13838,642463108,20
13839,47581210552,6220
13840,8771610191,140
13841,315269804880,2210
13842,391612105618,4620
13843,3248511615,70
13844,49908806252,107830
13845,8160380638,800
13846,107356367,500000
13847,2129728871,80
13848,19013188802,81600
13849,305554040092,24240
13850,192237825632,2520
13851,22947144105,540
13852,240957657702,13560
13853,2700711032,200
13854,26148963904,1240
13855,82766355497,2660
13856,86937114417,1560
13857,3248511615,70
13858,10093778100,110
13859,423301590279,3150
13860,147463684592,10910
13861,36179511657,64210
13862,2131112755,120
13863,13503009596,170
13864,642463108,20
13865,3498963678,400
13866,107352834553,7710
13867,19618372147,640
13868,94522636237,670
13869,231116809145,710
13870,642463108,20
13871,1989408758,40
13872,64707038648,5500
13873,5325216397,240
13874,29102983580,111390
13875,70170852619,2320
13876,335082250712,4700
13877,61613819664,8040
13878,546285819149,4350
13879,462053606811,2370
13880,11168928718,320
13881,16404063520,5400
13882,13175843055,480
13883,115377229398,60240
13884,2129728871,80
13885,1410951772,60
13886,134455127353,57540
13887,72662092656,7600
13888,642463108,20
13889,29179337851,6400
13890,19618372147,640
13891,3155297787,30
13892,3155297787,30
13893,147683639451,1930
13894,169190833490,7100
13895,11685752060,280
13896,1460081663,10
13897,153690887287,2880
13898,1410951772,60
13899,2680666674,100
13900,9128426838,600
13901,17461846483,210
13902,3498963678,400
13903,53067740046,1080
13904,2700711032,200
13905,62977550822,53860
13906,2680666674,100
13907,31957226762,680
13908,466203489,396310
13909,23717057018,270
13910,3248511615,70
13911,173931198010,1510
13912,2129728871,80
13913,2700711032,200
13914,35082637617,1040
13915,7389868499,1000
13916,65150716152,1420
13917,642463108,20
13918,122758736466,1060
13919,1410951772,60
13920,25118415259,720
13921,4981176948,206330
13922,2129728871,80
13923,107356367,500000
13924,2129728871,80
13925,2680666674,100
13926,114521748358,63930
13927,2131112755,120
13928,38062709610,760
13929,13175843055,480
13930,2700711032,200
13931,96674594301,54820
13932,107356367,500000
13933,2700711032,200
13934,119938063081,2150
13935,13175843055,480
13936,107356367,500000
13937,11685752060,280
13938,3498963678,400
13939,77887012297,5630
13940,574843764102,4590
13941,14378731055,143820
13942,1410951772,60
13943,1065991347,263200
13944,642463108,20
13945,143140613519,60040
13946,137193556010,1050
13947,5008269566,139450
13948,37159752956,1500
13949,120280732504,8850
13950,642463108,20
13951,1460081663,10
13952,120397689630,2160
13953,2700711032,200
13954,107356367,500000
13955,566007206742,2910
13956,20722080129,11480
13957,2129728871,80
13958,7389868499,1000
13959,3498963678,400
13960,102866686468,7050
13961,11168928718,320
13962,2129728871,80
13963,14883378625,135780
13964,1460081663,10
13965,29768191790,19200
13966,2680666674,100
13967,2131112755,120
13968,3155297787,30
13969,1989408758,40
13970,107356367,500000
13971,1460081663,10
13972,2680666674,100
13973,2129728871,80
13974,26148963904,1240
13975,642463108,20
13976,46266450120,880
13977,35484487501,2560
13978,107356367,500000
13979,4101675363,160
13980,7632138894,150
13981,124515848751,55050
13982,148963651289,1660
13983,32217954904,106120
13984,15230320883,500
13985,4101675363,160
13986,2680666674,100
13987,2700711032,200
13988,7632138894,150
13989,1460081663,10
13990,35854513022,6900
13991,97766829188,33490
13992,850270291,444360
13993,26148963904,1240
13994,642463108,20
13995,8771610191,140
13996,642463108,20
13997,18405098557,1200
13998,49736015129,1440
13999,18962906803,2000
14000,3248511615,70
14001,642463108,20
14002,1989408758,40
14003,130364661735,3840
14004,1989408758,40
14005,2129728871,80
14006,1989408758,40
14007,1460081663,10
14008,278293215885,4250
14009,161082269082,1980
14010,16498505629,92530
14011,135107441595,2120
14012,19618372147,640
14013,89034756923,14660
14014,107356367,500000
14015,16628626764,130
14016,2700711032,200
14017,5325216397,240
14018,182546953784,2680
14019,642463108,20
14020,1460081663,10
14021,2700711032,200
14022,3155297787,30
14023,15230320883,500
14024,2129728871,80
14025,2700711032,200
14026,13503009596,170
14027,470034630,379230
14028,5004700354,300
14029,17339398633,5720
14030,11685752060,280
14031,2680666674,100
14032,642463108,20
14033,268973084860,16070
14034,642463108,20
14035,15149273275,230
14036,642463108,20
14037,13175843055,480
14038,158669614977,19740
14039,2700711032,200
14040,2700711032,200
14041,13998415485,190
14042,61660091028,43030
14043,11168928718,320
14044,1989408758,40
14045,1410951772,60
14046,642463108,20
14047,376511022571,3460
14048,25782256583,141500
14049,642463108,20
14050,15230320883,500
14051,38062709610,760
14052,107356367,500000
14053,205593863462,29810
14054,129903619438,20950
14055,315269804880,2210
14056,120414698142,9210
14057,2129728871,80
14058,33336156346,380
14059,152589316481,2380
14060,166627165515,14780
14061,7812847424,181970
14062,203578942322,3380
14063,9128426838,600
14064,1460081663,10
14065,4101675363,160
14066,5004700354,300
14067,2129728871,80
14068,1460081663,10
14069,64707038648,5500
14070,228185692796,33400
14071,15230320883,500
14072,2129728871,80
14073,642463108,20
14074,302479465599,2860
14075,3155297787,30
14076,539072936,382260
14077,99250112107,1940
14078,1989408758,40
14079,642463108,20
14080,12146185012,110980
14081,642463108,20
14082,276822726826,2750
14083,2680666674,100
14084,2131112755,120
14085,1460081663,10
14086,15149273275,230
14087,13503009596,170
14088,295576270644,25040
14089,1410951772,60
14090,94409064733,60220
14091,241798423648,810
14092,22841573218,1800
14093,1460081663,10
14094,3670049425,172090
14095,3155297787,30
14096,16663604145,250
14097,8771610191,140
14098,4101675363,160
14099,1989408758,40
14100,642463108,20
14101,101708932252,980
14102,3155297787,30
14103,27619497645,410
14104,9128426838,600
14105,1460081663,10
14106,2129728871,80
14107,9128426838,600
14108,5325216397,240
14109,48390685016,103390
14110,2700711032,200
14111,2130675930,219010
14112,3498963678,400
14113,251338281906,30040
14114,29179337851,6400
14115,50020304629,460
14116,18536928071,1600
14117,145451985609,2240
14118,49875810790,1680
14119,33336156346,380
14120,28423629096,700
14121,18536928071,1600
14122,2131112755,120
14123,5004700354,300
14124,112795203005,9080
14125,1460081663,10
14126,26878024615,960
14127,73169373677,1620
14128,2700711032,200
14129,304317630247,34860
14130,3248511615,70
14131,50843730709,8640
14132,952867248,302160
14133,319843335044,1770
14134,68020204993,39720
14135,138976509189,29180
14136,70937215902,1320
14137,642463108,20
14138,642463108,20
14139,58945512381,102710
14140,33336156346,380
14141,3155297787,30
14142,2700711032,200
14143,1389685117,225270
14144,17231374945,560
14145,107356367,500000
14146,7389868499,1000
14147,5325216397,240
14148,7389868499,1000
14149,7632138894,150
14150,11685752060,280
14151,2129728871,80
14152,1989408758,40
14153,25715559667,440
14154,1023114824993,2990
14155,245032347735,3160
14156,26878024615,960
14157,20416971513,5020
14158,2700711032,200
14159,2129728871,80
14160,254780453903,24860
14161,642463108,20
14162,11168928718,320
14163,31672662363,840
14164,573360086416,2170
14165,32902663700,1020
14166,9405702726,90
14167,272310310368,3140
14168,42635005721,1920
14169,133040742336,5660
14170,58070709841,8600
14171,2680666674,100
14172,1989408758,40
14173,2129728871,80
14174,13805813254,350
14175,2866608574,196670
14176,1410951772,60
14177,650683900538,2470
14178,1989408758,40
14179,10125666868,220
14180,2131112755,120
14181,1460081663,10
14182,496382929649,2430
14183,70761338602,8000
14184,1410951772,60
14185,642463108,20
14186,2131112755,120
14187,2700711032,200
14188,294751080091,3960
14189,130029866754,2440
14190,3248511615,70
14191,107356367,500000
14192,873359267,365800
14193,8771610191,140
14194,11168928718,320
14195,3155297787,30
14196,15149273275,230
14197,81513870704,1260
14198,13175843055,480
14199,137522884224,2080
14200,13503009596,170
14201,83615987996,14880
14202,56620984161,7680
14203,31672662363,840
14204,101111464291,75290
14205,2131112755,120
14206,229123793731,2760
14207,28481030422,520
14208,1460081663,10
14209,12501136590,260
14210,42635005721,1920
14211,82816160235,1640
14212,642463108,20
14213,642463108,20
14214,107356367,500000
14215,184862306526,6130
14216,82816160235,1640
14217,122971945463,470
14218,739254999192,3930
14219,8771610191,140
14220,28481030422,520
14221,48446638081,2600
14222,2680666674,100
14223,67774165811,770
14224,110703189125,510
14225,17231374945,560
14226,2129728871,80
14227,1989408758,40
14228,6996454091,200800
14229,38907977116,2400
14230,5325216397,240
14231,8160380638,800
14232,889948658515,4090
14233,74854963566,14900
14234,7389868499,1000
14235,167982378968,15840
14236,50977340686,620
14237,2680666674,100
14238,642463108,20
14239,57840102947,72880
14240,504825863770,4630
14241,642463108,20
14242,67717573064,14340
14243,8160380638,800
14244,612249073361,1650
14245,26988989205,750
14246,2700711032,200
14247,10125666868,220
14248,3155297787,30
14249,44964107008,330
14250,4101675363,160
14251,38907977116,2400
14252,1460081663,10
14253,107356367,500000
14254,642463108,20
14255,793181759801,4430
14256,37159752956,1500
14257,13175843055,480
14258,13175843055,480
14259,107356367,500000
14260,10790854661,5000
14261,4101675363,160
14262,2129728871,80
14263,1410951772,60
14264,2700711032,200
14265,32902663700,1020
14266,40271490674,4840
14267,642463108,20
14268,154990333876,4380
14269,196284049650,1820
14270,94522636237,670
14271,58309205757,8540
14272,2680666674,100
14273,5004700354,300
14274,107356367,500000
14275,10383486198,147200
14276,1460081663,10
14277,156696300929,17660
14278,1989408758,40
14279,11685752060,280
14280,1410951772,60
14281,26878024615,960
14282,1989408758,40
14283,2852065849,221900
14284,3155297787,30
14285,107356367,500000
14286,16628626764,130
14287,13805813254,350
14288,642463108,20
14289,7632138894,150
14290,3155297787,30
14291,4750466533,180
14292,42635005721,1920
14293,37943036912,28180
14294,234010124977,13180
14295,1460081663,10
14296,8890640708,50
14297,5004700354,300
14298,8771610191,140
14299,220225676402,3400
14300,206452427797,4180
14301,168400491722,24850
14302,66869347035,12020
14303,2700711032,200
14304,642463108,20
14305,2129728871,80
14306,36817294349,1140
14307,21011183343,5940
14308,642463108,20
14309,642463108,20
14310,18405098557,1200
14311,4101675363,160
14312,126147942816,990
14313,60428856775,13400
14314,1460081663,10
14315,40720059316,9760
14316,2700711032,200
14317,17086530987,129540
14318,193230669403,50920
14319,107356367,500000
14320,31957226762,680
14321,22947144105,540
14322,2700711032,200
14323,146475329286,10600
14324,1989408758,40
14325,642463108,20
14326,10125666868,220
14327,59192250382,310
14328,1410951772,60
14329,10093778100,110
14330,18962906803,2000
14331,10125666868,220
14332,1410951772,60
14333,38907977116,2400
14334,107356367,500000
14335,2700711032,200
14336,112795203005,9080
14337,166594710771,16280
14338,11168928718,320
14339,97509121996,7240
14340,642463108,20
14341,4101675363,160
14342,135470139763,22640
14343,5004700354,300
14344,5004700354,300
14345,224628256645,2340
14346,8160380638,800
14347,25715559667,440
14348,165760151198,1340
14349,19618372147,640
14350,40642282735,370
14351,642463108,20
14352,1023114824993,2990
14353,893007206595,3790
14354,8160380638,800
14355,2680666674,100
14356,1055706783897,4790
14357,59326627443,1760
14358,122758736466,1060
14359,47727873071,3000
14360,107356367,500000
14361,642463108,20
14362,25118415259,720
14363,1989408758,40
14364,107356367,500000
14365,124415512111,38930
14366,649815528,348750
14367,125079048126,8300
14368,72956501380,14480
14369,31377036712,900
14370,2131112755,120
14371,4101675363,160
14372,47727873071,3000
14373,1410951772,60
14374,1410951772,60
14375,107356367,500000
14376,47665070292,17940
14377,7632138894,150
14378,5004700354,300
14379,2700711032,200
14380,276884804428,3660
14381,110756253105,72400
14382,2131112755,120
14383,8890640708,50
14384,56345436066,31420
14385,19184085638,8260
14386,1982491890,211960
14387,107356367,500000
14388,11168928718,320
14389,4768083848,170850
14390,2700711032,200
14391,7632138894,150
14392,15230320883,500
14393,426567128638,2610
14394,26878024615,960
14395,5266243914,185430
14396,73169373677,1620
14397,7389868499,1000
14398,107356367,500000
14399,642463108,20
14400,31672662363,840
14401,4101675363,160
14402,28423629096,700
14403,3155297787,30
14404,218901263671,1210
14405,11685752060,280
14406,28300159084,121580
14407,9405702726,90
14408,517623471750,3210
14409,242464481741,1900
14410,1460081663,10
14411,244293578,443800
14412,127553685404,11000
14413,642463108,20
14414,107356367,500000
14415,642463108,20
14416,107356367,500000
14417,63250740635,40030
14418,297291323100,15730
14419,107356367,500000
14420,182747867130,4200
14421,26988989205,750
14422,100033413566,10530
14423,83212976477,29340
14424,14320310474,5160
14425,5325216397,240
14426,5325216397,240
14427,280057160555,1230
14428,642463108,20
14429,18536928071,1600
14430,13998415485,190
14431,18536928071,1600
14432,912457349326,2110
14433,8771610191,140
14434,107356367,500000
14435,37625811344,1400
14436,1989408758,40
14437,62225051135,39360
14438,572870339,366950
14439,2700711032,200
14440,8160380638,800
14441,15230320883,500
14442,89884823647,2480
14443,70171011028,48620
14444,13503009596,170
14445,27619497645,410
14446,4101675363,160
14447,4750466533,180
14448,238586520562,10510
14449,433659935657,2330
14450,642463108,20
14451,642463108,20
14452,25801847636,580
14453,2129728871,80
14454,51688650021,38500
14455,357833618667,4100
14456,642463108,20
14457,2131112755,120
14458,7632138894,150
14459,642463108,20
14460,8160380638,800
14461,74508074661,740
14462,5004700354,300
14463,642463108,20
14464,4750466533,180
14465,16628626764,130
14466,2129728871,80
14467,207329203496,8090
14468,18405098557,1200
14469,1460081663,10
14470,163565854700,12400
14471,13175843055,480
14472,8794857605,164080
14473,78393088242,3200
14474,2680666674,100
14475,63551217216,1160
14476,2700711032,200
14477,30567251497,920
14478,642463108,20
14479,18405098557,1200
14480,80390538173,16680
14481,51055806471,6080
14482,3498963678,400
14483,18536928071,1600
14484,25801847636,580
14485,642463108,20
14486,1340541947255,2390
14487,642463108,20
14488,1989408758,40
14489,7632138894,150
14490,642463108,20
14491,107356367,500000
14492,1989408758,40
14493,749626636,268050
14494,7389868499,1000
14495,32581665945,6240
14496,642463108,20
14497,2131112755,120
14498,5325216397,240
14499,2129728871,80
14500,3248511615,70
14501,1410951772,60
14502,107356367,500000
14503,57526693037,8910
14504,50977340686,620
14505,3248511615,70
14506,7632138894,150
14507,642463108,20
14508,11168928718,320
14509,13503009596,170
14510,28423629096,700
14511,642463108,20
14512,4101675363,160
14513,25715559667,440
14514,89790886943,9680
14515,107356367,500000
14516,13175843055,480
14517,2700711032,200
14518,88648587395,17550
14519,673444442150,4780
14520,3954472673,158310
14521,12501136590,260
14522,18338581356,4810
14523,75708503239,1960
14524,3498963678,400
14525,1410951772,60
14526,26148963904,1240
14527,339864372696,4420
14528,18536928071,1600
14529,8771610191,140
14530,2129728871,80
14531,224628256645,2340
14532,42635005721,1920
14533,15230320883,500
14534,1460081663,10
14535,5004700354,300
14536,642463108,20
14537,15230320883,500
14538,19916225329,147930
14539,2131112755,120
14540,642463108,20
14541,107356367,500000
14542,18405098557,1200
14543,797857790457,3110
14544,16628626764,130
14545,642463108,20
14546,19618372147,640
14547,158779184950,10700
14548,7632138894,150
14549,14821368510,152190
14550,280057160555,1230
14551,3155297787,30
14552,4101675363,160
14553,642463108,20
14554,11999169782,360
14555,1460081663,10
14556,1460081663,10
14557,76726111901,5640
14558,2131112755,120
14559,2129728871,80
14560,62230305739,450
14561,2680666674,100
14562,1460081663,10
14563,13503009596,170
14564,5004700354,300
14565,3248511615,70
14566,28481030422,520
14567,107356367,500000
14568,3498963678,400
14569,4101675363,160
14570,1206468413,213710
14571,1410951772,60
14572,642463108,20
14573,53067740046,1080
14574,1460081663,10
14575,2700711032,200
14576,2129728871,80
14577,13720452815,144240
14578,56003782975,12000
14579,135107441595,2120
14580,642463108,20
14581,1410951772,60
14582,9128426838,600
14583,3155297787,30
14584,12501136590,260
14585,23717057018,270
14586,2680666674,100
14587,5325216397,240
14588,1989408758,40
14589,49736015129,1440
14590,8160380638,800
14591,241620203447,3060
14592,11685752060,280
14593,2680666674,100
14594,27818723522,1280
14595,3155297787,30
14596,5325216397,240
14597,7389868499,1000
14598,3714822975,231920
14599,50415846549,44250
14600,107356367,500000
14601,1989408758,40
14602,18405098557,1200
14603,3155297787,30
14604,300728203972,36380
14605,642463108,20
14606,2129728871,80
14607,10125666868,220
14608,736825887773,4490
14609,234911174529,2980
14610,50020304629,460
14611,1989408758,40
14612,56757000936,860
14613,642463108,20
14614,2131112755,120
14615,8160380638,800
14616,145360818634,44580
14617,107356367,500000
14618,5004700354,300
14619,7389868499,1000
14620,642463108,20
14621,302939777455,17700
14622,13805813254,350
14623,11168928718,320
14624,34644788461,9240
14625,3155297787,30
14626,2129728871,80
14627,642463108,20
14628,55082232789,6010
14629,2700711032,200
14630,31723455528,11460
14631,34413937744,107030
14632,642463108,20
14633,73169373677,1620
14634,2131112755,120
14635,19618372147,640
14636,2129728871,80
14637,107356367,500000
14638,115666587138,8060
14639,11685752060,280
14640,166724340361,1030
14641,144541241443,47720
14642,33336156346,380
14643,2129728871,80
14644,2680666674,100
14645,294751080091,3960
14646,4750466533,180
14647,3155297787,30
14648,13175843055,480
14649,642463108,20
14650,18405098557,1200
14651,2129728871,80
14652,5325216397,240
14653,470368498441,2790
14654,2700711032,200
14655,1989408758,40
14656,17231374945,560
14657,3155297787,30
14658,72662092656,7600
14659,21258475540,5240
14660,2680666674,100
14661,3498963678,400
14662,202321285269,11810
14663,2129728871,80
14664,5004700354,300
14665,1410951772,60
14666,7389868499,1000
14667,7389868499,1000
14668,2129728871,80
14669,18405098557,1200
14670,1989408758,40
14671,2700711032,200
14672,147683639451,1930
14673,642463108,20
14674,1989408758,40
14675,228517508811,3900
14676,642463108,20
14677,1410951772,60
14678,37130883368,21120
14679,107356367,500000
14680,1410951772,60
14681,86937114417,1560
14682,374378282011,22020
14683,33581421055,120380
14684,642463108,20
14685,24738524121,9000
14686,642463108,20
14687,581457002,272200
14688,642463108,20
14689,5325216397,240
14690,18536928071,1600
14691,70937215902,1320
14692,76152442909,6800
14693,37159752956,1500
14694,833117861,432590
14695,18405098557,1200
14696,10125666868,220
14697,642463108,20
14698,10093778100,110
14699,1989408758,40
14700,13805813254,350
14701,76003942536,1860
14702,8771610191,140
14703,642463108,20
14704,217404291361,15140
14705,194346270316,8960
14706,642463108,20
14707,169601958156,3740
14708,642463108,20
14709,71720042109,1220
14710,101204283825,12360
14711,4101675363,160
14712,107356367,500000
14713,642463108,20
14714,3498963678,400
14715,2700711032,200
14716,1989408758,40
14717,10093778100,110
14718,107356367,500000
14719,10125666868,220
14720,2131112755,120
14721,3498963678,400
14722,2129728871,80
14723,11685752060,280
14724,7841735630,130350
14725,153690887287,2880
14726,1989408758,40
14727,2129728871,80
14728,11999169782,360
14729,51055806471,6080
14730,314580645801,2260
14731,642463108,20
14732,107356367,500000
14733,642463108,20
14734,1989408758,40
14735,5325216397,240
14736,36817294349,1140
14737,5325216397,240
14738,4101675363,160
14739,141143676802,11580
14740,2129728871,80
14741,20248949565,129250
14742,107356367,500000
14743,107356367,500000
14744,233011439758,46380
14745,10125666868,220
14746,2680666674,100
14747,642463108,20
14748,1989408758,40
14749,384128128643,3870
14750,19618372147,640
14751,3248511615,70
14752,66833792654,51390
14753,77800241054,6280
14754,70937215902,1320
14755,64324031020,5540
14756,2131112755,120
14757,1410951772,60
14758,9405702726,90
14759,3498963678,400
14760,18536928071,1600
14761,642463108,20
14762,10770032145,128100
14763,98557972364,10830
14764,124375194560,1180
14765,2129728871,80
14766,3498963678,400
14767,79241013199,57720
14768,27823517189,8160
14769,25118415259,720
14770,13805813254,350
14771,448533878185,4460
14772,2700711032,200
14773,1460081663,10
14774,4750466533,180
14775,397346719462,10010
14776,2700711032,200
14777,117999348035,22740
14778,163308059697,4400
14779,187288847485,12840
14780,3248511615,70
14781,1989408758,40
14782,26878024615,960
14783,1989408758,40
14784,22841573218,1800
14785,83532074855,1300
14786,642463108,20
14787,94844142055,14600
14788,163324317620,3480
14789,129936548133,1700
14790,206346245960,950
14791,107356367,500000
14792,2680666674,100
14793,80565976998,15400
14794,55845212249,1360
14795,135107441595,2120
14796,5004700354,300
14797,324554456578,6520
14798,3155297787,30
14799,573360086416,2170
14800,642463108,20
14801,38907977116,2400
14802,107356367,500000
14803,14902410181,124350
14804,3155297787,30
14805,642463108,20
14806,25715559667,440
14807,136549315889,1380
14808,10790854661,5000
14809,31377036712,900
14810,2700711032,200
14811,113146677197,4000
14812,1989408758,40
14813,2700711032,200
14814,59326627443,1760
14815,52172536529,5730
14816,26878024615,960
14817,642463108,20
14818,239768377,457090
14819,31672662363,840
14820,207279038233,4850
14821,1204653527191,3390
14822,186478669059,4280
14823,1410951772,60
14824,9405702726,90
14825,403341370965,9360
14826,5325216397,240
14827,12501136590,260
14828,25941016146,340
14829,384891186518,13670
14830,12501136590,260
14831,3498963678,400
14832,13998415485,190
14833,2129728871,80
14834,293924625117,9770
14835,10125666868,220
14836,107356367,500000
14837,3248511615,70
14838,46071646459,16000
14839,1410951772,60
14840,1989408758,40
14841,2183916516,187550
14842,13805813254,350
14843,16628626764,130
14844,47727873071,3000
14845,82971013378,19420
14846,2680666674,100
14847,642463108,20
14848,4750466533,180
14849,6070080254,186900
14850,1410951772,60
14851,122971945463,470
14852,2129728871,80
14853,2700711032,200
14854,3155297787,30
14855,107356367,500000
14856,159244795673,9860
14857,4101675363,160
14858,3248511615,70
14859,5325216397,240
14860,12501136590,260
14861,18536928071,1600
14862,185432619376,51460
14863,38062709610,760
14864,32902663700,1020
14865,262743322879,28960
14866,15230320883,500
14867,28423629096,700
14868,37367707801,104750
14869,642463108,20
14870,22500770241,136640
14871,642463108,20
14872,69062235443,3040
14873,75472778549,10840
14874,35082637617,1040
14875,1410951772,60
14876,17461846483,210
14877,1410951772,60
14878,107356367,500000
14879,7632138894,150
14880,1410951772,60
14881,9405702726,90
14882,642463108,20
14883,9735207176,142070
14884,35082637617,1040
14885,1460081663,10
14886,41633656026,290
14887,11999169782,360
14888,217010712174,3520
14889,170254487513,910
14890,73169373677,1620
14891,125079048126,8300
14892,5325216397,240
14893,10125666868,220
14894,9405702726,90
14895,2700711032,200
14896,1989408758,40
14897,247035687332,15290
14898,31672662363,840
14899,11685752060,280
14900,2129728871,80
14901,102265675773,12080
14902,11168928718,320
14903,2700711032,200
14904,11920990583,122010
14905,30567251497,920
14906,19401885549,12280
14907,8890640708,50
14908,82766355497,2660
14909,8160380638,800
14910,113146677197,4000
14911,149164164468,2180
14912,4750466533,180
14913,2131112755,120
14914,72251914867,1480
14915,1410951772,60
14916,25941016146,340
14917,11999169782,360
14918,1410951772,60
14919,107356367,500000
14920,32902663700,1020
14921,10125666868,220
14922,2129728871,80
14923,20862689771,96720
14924,13503009596,170
14925,1410951772,60
14926,428810220,396170
14927,51522838025,5080
14928,8160380638,800
14929,11168928718,320
14930,977957785,468540
14931,109999233238,650
14932,2700711032,200
14933,3248511615,70
14934,166541020085,58900
14935,25801847636,580
14936,2129728871,80
14937,10125666868,220
14938,2131112755,120
14939,4101675363,160
14940,55071409279,5760
14941,3498963678,400
14942,181103568696,12120
14943,2129728871,80
14944,84519752614,56170
14945,9128426838,600
14946,1460081663,10
14947,70125742858,550
14948,56198528984,5260
14949,1989408758,40
14950,1989408758,40
14951,770734902,271340
14952,107356367,500000
14953,1410951772,60
14954,8890640708,50
14955,3498963678,400
14956,99945040962,57780
14957,642463108,20
14958,46266450120,880
14959,451911498604,2490
14960,13805813254,350
14961,31672662363,840
14962,61922174060,83150
14963,3498963678,400
14964,25118415259,720
14965,30567251497,920
14966,4101675363,160
14967,75417837498,48720
14968,11999169782,360
14969,1460081663,10
14970,10093778100,110
14971,11999169782,360
14972,25118415259,720
14973,4750466533,180
14974,2680666674,100
14975,642463108,20
14976,75566779630,4800
14977,107356367,500000
14978,7142042945,156140
14979,107356367,500000
14980,314580645801,2260
14981,8890640708,50
14982,2129728871,80
14983,229123793731,2760
14984,642463108,20
14985,287102923813,3220
14986,23689975358,71760
14987,48446638081,2600
14988,2700711032,200
14989,1989408758,40
14990,101986895741,7340
14991,2700711032,200
14992,26148963904,1240
14993,40142224772,8760
14994,29491905716,660
14995,4101675363,160
14996,5004700354,300
14997,3155297787,30
14998,642463108,20
14999,22947144105,540
15000,3248511615,70
15001,90107705426,5880
15002,4101675363,160
15003,287102923813,3220
15004,1410951772,60
15005,16628626764,130
15006,8160380638,800
15007,1460081663,10
15008,11999169782,360
15009,3155297787,30
15010,906155734,268150
15011,1410951772,60
15012,5325216397,240
15013,11999169782,360
15014,302479465599,2860
15015,15230320883,500
15016,13998415485,190
15017,25118415259,720
15018,196064729542,12420
15019,1989408758,40
15020,80565976998,15400
15021,2131112755,120
15022,2700711032,200
15023,3155297787,30
15024,4101675363,160
15025,32885164424,75960
15026,7389868499,1000
15027,642463108,20
15028,209666940502,8620
15029,246341878872,12680
15030,137193556010,1050
15031,3155297787,30
15032,174546942072,14700
15033,55845212249,1360
15034,22947144105,540
15035,2131112755,120
15036,937772070,392640
15037,56757000936,860
15038,83018462314,2800
15039,2700711032,200
15040,1410951772,60
15041,126147942816,990
15042,5325216397,240
15043,3155297787,30
15044,36817294349,1140
15045,1989408758,40
15046,62230305739,450
15047,7389868499,1000
15048,5004700354,300
15049,11168928718,320
15050,405533842725,19230
15051,29491905716,660
15052,275955706536,17300
15053,1410951772,60
15054,99185979019,3420
15055,46266450120,880
15056,13175843055,480
15057,17461846483,210
15058,3498963678,400
15059,2700711032,200
15060,2129728871,80
15061,13175843055,480
15062,56345436066,31420
15063,642463108,20
15064,220233453968,2420
15065,28361958308,7620
15066,31672662363,840
15067,11999169782,360
15068,25801847636,580
15069,2700711032,200
15070,107356367,500000
15071,29179337851,6400
15072,9128426838,600
15073,40050120614,6200
15074,11685752060,280
15075,1989408758,40
15076,2700711032,200
15077,167003571736,5030
15078,1460081663,10
15079,1410951772,60
15080,3248511615,70
15081,50020304629,460
15082,3498963678,400
15083,3155297787,30
15084,9128426838,600
15085,642463108,20
15086,137532812846,1740
15087,642463108,20
15088,2129728871,80
15089,642463108,20
15090,165083654093,15960
15091,294751080091,3960
15092,38881031399,116680
15093,228517508811,3900
15094,44964107008,330
15095,333980914477,11740
15096,65287586747,26980
15097,4750466533,180
15098,169078418254,3720
15099,107356367,500000
15100,1460081663,10
15101,2700711032,200
15102,2364110931427,3770
15103,9128426838,600
15104,28481030422,520
15105,304035953801,8270
15106,18536928071,1600
15107,1989408758,40
15108,141488322401,3880
15109,13805813254,350
15110,527213783046,2410
15111,4101675363,160
15112,32169506566,4990
15113,10093778100,110
15114,226314048852,1610
15115,7389868499,1000
15116,1410951772,60
15117,243970108846,33960
15118,3248511615,70
15119,1460081663,10
15120,22947144105,540
15121,16663604145,250
15122,3498963678,400
15123,5004700354,300
15124,2131112755,120
15125,88887306759,31070
15126,4101675363,160
15127,31957226762,680
15128,1460081663,10
15129,5325216397,240
15130,46266450120,880
15131,8771610191,140
15132,4750466533,180
15133,3155297787,30
15134,7632138894,150
15135,83018462314,2800
15136,16628626764,130
15137,1989408758,40
15138,661622301,329410
15139,48173707138,7520
15140,26878024615,960
15141,1410951772,60
15142,2680666674,100
15143,2700711032,200
15144,129125912472,6620
15145,642463108,20
15146,95185346891,6380
15147,642463108,20
15148,38907977116,2400
15149,642463108,20
15150,355523621,385770
15151,31672662363,840
15152,600872776372,4110
15153,5325216397,240
15154,123515545527,49770
15155,3155297787,30
15156,642463108,20
15157,3155297787,30
15158,642463108,20
15159,642463108,20
15160,120872139553,6640
15161,3155297787,30
15162,2131112755,120
15163,78393088242,3200
15164,190304740232,17910
15165,7632138894,150
15166,2129728871,80
15167,9128426838,600
15168,1989408758,40
15169,355192384860,13240
15170,28413116971,106260
15171,8890640708,50
15172,219909588200,3980
15173,2700711032,200
15174,1460081663,10
15175,48446638081,2600
15176,46905331934,102840
15177,1460081663,10
15178,297500263381,2540
15179,2680666674,100
15180,8890640708,50
15181,2129728871,80
15182,260420933,336600
15183,1460081663,10
15184,1989408758,40
15185,796558882,383760
15186,4101675363,160
15187,89281624597,76720
15188,2131112755,120
15189,3155297787,30
15190,501174089865,3890
15191,75201684972,2720
15192,5004700354,300
15193,62192263275,72280
15194,9405702726,90
15195,721809445428,3690
15196,84418823966,8420
15197,107356367,500000
15198,112366189941,47090
15199,3155297787,30
15200,2131112755,120
15201,11685752060,280
15202,8771610191,140
15203,3155297787,30
15204,3248511615,70
15205,69678725452,64670
15206,192237825632,2520
15207,145451985609,2240
15208,8160380638,800
15209,494035026,406320
15210,3248511615,70
15211,1460081663,10
15212,2700711032,200
15213,2680666674,100
15214,107356367,500000
15215,63551217216,1160
15216,9405702726,90
15217,10125666868,220
15218,3155297787,30
15219,28423629096,700
15220,2129728871,80
15221,2680666674,100
15222,2129728871,80
15223,2129728871,80
15224,1460081663,10
15225,1460081663,10
15226,1410951772,60
15227,8890640708,50
15228,26988989205,750
15229,2680666674,100
15230,11999169782,360
15231,13503009596,170
15232,2700711032,200
15233,161082269082,1980
15234,1989408758,40
15235,3248511615,70
15236,11168928718,320
15237,2680666674,100
15238,1989408758,40
15239,3248511615,70
15240,3155297787,30
15241,3155297787,30
15242,229401599349,3120
15243,26878024615,960
15244,4017084001,158430
15245,66869347035,12020
15246,1460081663,10
15247,1460081663,10
15248,25715559667,440
15249,174026483422,3240
15250,107356367,500000
15251,2131112755,120
15252,1410951772,60
15253,2131112755,120
15254,54096325140,2100
15255,31672662363,840
15256,2576891056783,4670
15257,2680666674,100
15258,52305736796,60840
15259,107356367,500000
15260,8771610191,140
15261,37159752956,1500
15262,498337452175,4170
15263,1410951772,60
15264,21258475540,5240
15265,1989408758,40
15266,111258118998,1780
15267,30567251497,920
15268,9405702726,90
15269,330721574885,15530
15270,107356367,500000
15271,71837015266,8240
15272,2700711032,200
15273,130364661735,3840
15274,2860892748,192820
15275,183582178228,55390
15276,8771610191,140
15277,150586531437,1840
15278,3155297787,30
15279,22055633920,88600
15280,9405702726,90
15281,18405098557,1200
15282,107356367,500000
15283,642463108,20
15284,35890065294,119630
15285,93188040016,7070
15286,1410951772,60
15287,1460081663,10
15288,3155297787,30
15289,291911363406,13450
15290,1989408758,40
15291,1989408758,40
15292,642463108,20
15293,112941435435,9890
15294,4101675363,160
15295,642463108,20
15296,1410951772,60
15297,305394885319,16220
15298,3155297787,30
15299,107356367,500000
15300,3155297787,30
15301,9751959634,112790
15302,84418823966,8420
15303,3155297787,30
15304,673444442150,4780
15305,11168928718,320
15306,2700711032,200
15307,11685752060,280
15308,5325216397,240
15309,797857790457,3110
15310,642463108,20
15311,28481466122,420
15312,83532074855,1300
15313,264792450887,970
15314,3248511615,70
15315,71720042109,1220
15316,7632138894,150
15317,107356367,500000
15318,224387748893,4560
15319,1126629984,285400
15320,2131112755,120
15321,107356367,500000
15322,779453430,386160
15323,49875810790,1680
15324,8160380638,800
15325,2915359248,205190
15326,59326627443,1760
15327,7632138894,150
15328,19401885549,12280
15329,15230320883,500
15330,1460081663,10
15331,3155297787,30
15332,89884823647,2480
15333,26988989205,750
15334,1989408758,40
15335,28423629096,700
15336,2680666674,100
15337,642463108,20
15338,3155297787,30
15339,1460081663,10
15340,10125666868,220
15341,2129728871,80
15342,49736015129,1440
15343,3498963678,400
15344,642463108,20
15345,41633656026,290
15346,9128426838,600
15347,29925821869,129130
15348,2129728871,80
15349,2131112755,120
15350,102116632169,18980
15351,1410951772,60
15352,1460081663,10
15353,4750466533,180
15354,1410951772,60
15355,107356367,500000
15356,5004700354,300
15357,2680666674,100
15358,11168928718,320
15359,176194675518,1010
15360,3248511615,70
15361,8890640708,50
15362,56198528984,5260
15363,114448332906,7870
15364,642463108,20
15365,10093778100,110
15366,50799511083,5420
15367,278293215885,4250
15368,18536928071,1600
15369,3248511615,70
15370,39237349975,1120
15371,76003942536,1860
15372,7389868499,1000
15373,26148963904,1240
15374,1460081663,10
15375,25715559667,440
15376,2131112755,120
15377,8771610191,140
15378,1460081663,10
15379,107356367,500000
15380,18405098557,1200
15381,12501136590,260
15382,8771610191,140
15383,2700711032,200
15384,52603264488,3600
15385,2680666674,100
15386,642463108,20
15387,9128426838,600
15388,56757000936,860
15389,107356367,500000
15390,1410951772,60
15391,485453983427,2630
15392,1072060651,298270
15393,4750466533,180
15394,1460081663,10
15395,23717057018,270
15396,1410951772,60
15397,3155297787,30
15398,3155297787,30
15399,63551217216,1160
15400,642463108,20
15401,4101675363,160
15402,51055806471,6080
15403,1460081663,10
15404,69335711435,2220
15405,94522636237,670
15406,642463108,20
15407,2129728871,80
15408,39237349975,1120
15409,5004700354,300
15410,70125742858,550
15411,642463108,20
15412,32909905217,48000
15413,3155297787,30
15414,7632138894,150
15415,2131112755,120
15416,1410951772,60
15417,9405702726,90
15418,2131112755,120
15419,9128426838,600
15420,163324317620,3480
15421,1410951772,60
15422,4750466533,180
15423,1460081663,10
15424,2129728871,80
15425,19618372147,640
15426,113146677197,4000
15427,31377036712,900
15428,15230320883,500
15429,1175519909,239090
15430,642463108,20
15431,50020304629,460
15432,2700711032,200
15433,7632138894,150
15434,7632138894,150
15435,2129728871,80
15436,642463108,20
15437,642463108,20
15438,3248511615,70
15439,1460081663,10
15440,642463108,20
15441,5325216397,240
15442,20416971513,5020
15443,28481466122,420
15444,107356367,500000
15445,17461846483,210
15446,2700711032,200
15447,1989408758,40
15448,5004700354,300
15449,389766824985,3500
15450,1460081663,10
15451,99714527314,9750
15452,642463108,20
15453,2680666674,100
15454,12501136590,260
15455,165169020477,2960
15456,107356367,500000
15457,2680666674,100
15458,205933271813,10420
15459,55792197777,74880
15460,1410951772,60
15461,1410951772,60
15462,67774165811,770
15463,13175843055,480
15464,18536928071,1600
15465,193858811010,42660
15466,2680666674,100
15467,2129728871,80
15468,1410951772,60
15469,10790854661,5000
15470,4101675363,160
15471,107356367,500000
15472,1989408758,40
15473,4867074306,179840
15474,13998415485,190
15475,117584555981,2640
15476,1989408758,40
15477,294751080091,3960
15478,193265306036,24550
15479,107356367,500000
15480,580024749243,2050
15481,9128426838,600
15482,955841426,324790
15483,55558740625,5960
15484,46266450120,880
15485,3248511615,70
15486,3155297787,30
15487,457258205105,4290
15488,2700711032,200
15489,11168928718,320
15490,13982007166,106330
15491,29491905716,660
15492,3248511615,70
15493,78393088242,3200
15494,94522636237,670
15495,213145025374,24360
15496,107356367,500000
15497,5325216397,240
15498,8890640708,50
15499,2680666674,100
15500,65150716152,1420
15501,15230320883,500
15502,28423629096,700
15503,2129728871,80
15504,200461023860,11430
15505,1410951772,60
15506,1410951772,60
15507,77800241054,6280
15508,4750466533,180
15509,56757000936,860
15510,27466659792,780
15511,107356367,500000
15512,642463108,20
15513,3248511615,70
15514,1460081663,10
15515,1410951772,60
15516,2892677410,185590
15517,28103336431,100820
15518,107356367,500000
15519,4750466533,180
15520,38062709610,760
15521,642463108,20
15522,62919815419,88480
15523,22841573218,1800
15524,22947144105,540
15525,5004700354,300
15526,1410951772,60
15527,107356367,500000
15528,44964107008,330
15529,352402719280,26800
15530,72251914867,1480
15531,16628626764,130
15532,107356367,500000
15533,12501136590,260
15534,126612739997,8020
15535,79987335938,11020
15536,153034810015,12660
15537,18536928071,1600
15538,1989408758,40
15539,3498963678,400
15540,107356367,500000
15541,4101675363,160
15542,2700711032,200
15543,105680957087,46780
15544,1460081663,10
15545,5004700354,300
15546,3155297787,30
15547,1460081663,10
15548,26878024615,960
15549,17461846483,210
15550,1460081663,10
15551,32902663700,1020
15552,228517508811,3900
15553,494700489869,1090
15554,25118415259,720
15555,612249073361,1650
15556,745863041819,2270
15557,3248511615,70
15558,1460081663,10
15559,4101675363,160
15560,36817294349,1140
15561,1004445622,471500
15562,105060106173,15360
15563,2680666674,100
15564,28481466122,420
15565,59192250382,310
15566,11168928718,320
15567,1989408758,40
15568,71066342983,940
15569,136536785255,7390
15570,184100832790,53100
15571,1460081663,10
15572,228517508811,3900
15573,7632138894,150
15574,7389868499,1000
15575,2129728871,80
15576,1460081663,10
15577,49471693579,5620
15578,1989408758,40
15579,35082637617,1040
15580,173931198010,1510
15581,107356367,500000
15582,25118415259,720
15583,19618372147,640
15584,115469428174,2940
15585,2129728871,80
15586,13805813254,350
15587,15230320883,500
15588,21011183343,5940
15589,8771610191,140
15590,22841573218,1800
15591,150586531437,1840
15592,38907977116,2400
15593,69335711435,2220
15594,44613707855,55120
15595,5004700354,300
15596,2131112755,120
15597,10093778100,110
15598,1460081663,10
15599,423715096610,3350
15600,5325216397,240
15601,27818723522,1280
15602,3155297787,30
15603,1460081663,10
15604,137532812846,1740
15605,2700711032,200
15606,642463108,20
15607,53637805687,820
15608,5325216397,240
15609,11999169782,360
15610,1460081663,10
15611,642463108,20
15612,76699088255,2360
15613,32863010262,113960
15614,13503009596,170
15615,4101675363,160
15616,2129728871,80
15617,1460081663,10
15618,642463108,20
15619,44964107008,330
15620,642463108,20
15621,167003571736,5030
15622,50248735656,100800
15623,18405098557,1200
15624,6611513578,203720
15625,4101675363,160
15626,366970729753,4080
15627,4101675363,160
15628,31672662363,840
15629,2680666674,100
15630,2131112755,120
15631,19184085638,8260
15632,8890640708,50
15633,3155297787,30
15634,43733607686,66800
15635,49875810790,1680
15636,642463108,20
15637,18536928071,1600
15638,3248511615,70
15639,25941016146,340
15640,32606963178,4950
15641,3248511615,70
15642,190414973126,39440
15643,139518877538,790
15644,33336156346,380
15645,3155297787,30
15646,82658042365,830
15647,2700711032,200
15648,17231374945,560
15649,48173707138,7520
15650,15149273275,230
15651,642463108,20
15652,113146677197,4000
15653,107356367,500000
15654,114126188151,14590
15655,2680666674,100
15656,642463108,20
15657,7632138894,150
15658,5325216397,240
15659,1989408758,40
15660,2131112755,120
15661,344699522943,12990
15662,5004700354,300
15663,642463108,20
15664,17244400102,150000
15665,2680666674,100
15666,2700711032,200
15667,61613819664,8040
15668,642463108,20
15669,40058785915,1100
15670,3248511615,70
15671,642463108,20
15672,115469428174,2940
15673,25941016146,340
15674,28481030422,520
15675,1410951772,60
15676,11685752060,280
15677,82150868280,6050
15678,9128426838,600
15679,50020304629,460
15680,229790663476,7300
15681,4101675363,160
15682,11168928718,320
15683,10125666868,220
15684,86705927179,63420
15685,59192250382,310
15686,107356367,500000
15687,1989408758,40
15688,1410951772,60
15689,40642282735,370
15690,117888475000,10040
15691,3155297787,30
15692,642463108,20
15693,36817294349,1140
15694,28481030422,520
15695,11168928718,320
15696,101708932252,980
15697,378686257654,2690
15698,25941016146,340
15699,1989408758,40
15700,11685752060,280
15701,5325216397,240
15702,184581311080,850
15703,87041141580,38200
15704,1410951772,60
15705,13503009596,170
15706,3248511615,70
15707,3894236221,189570
15708,62977550822,53860
15709,2700711032,200
15710,642463108,20
15711,642463108,20
15712,3248511615,70
15713,22841573218,1800
15714,5325216397,240
15715,7632138894,150
15716,22947144105,540
15717,306258115,441050
15718,7632138894,150
15719,19618372147,640
15720,2680666674,100
15721,2131112755,120
15722,1107095409486,1490
15723,75566779630,4800
15724,2700711032,200
15725,40271490674,4840
15726,1989408758,40
15727,41921819600,16420
15728,83130397074,2280
15729,17461846483,210
15730,42635005721,1920
15731,642463108,20
15732,78925152437,4980
15733,1989408758,40
15734,2700711032,200
15735,150394398258,28090
15736,2700711032,200
15737,1410951772,60
15738,642463108,20
15739,2129728871,80
15740,28481466122,420
15741,78154439434,58300
15742,1989408758,40
15743,1460081663,10
15744,1410951772,60
15745,260343882,356970
15746,184581311080,850
15747,1410951772,60
15748,4750466533,180
15749,107356367,500000
15750,3498963678,400
15751,1410951772,60
15752,303108684034,22420
15753,10125666868,220
15754,10125666868,220
15755,55071409279,5760
15756,3155297787,30
15757,53637805687,820
15758,8771610191,140
15759,65150716152,1420
15760,18405098557,1200
15761,95073702191,53220
15762,23717057018,270
15763,642463108,20
15764,1989408758,40
15765,161082269082,1980
15766,256486154530,19380
15767,39693064331,13850
15768,304002120256,8250
15769,89504378304,630
15770,12501136590,260
15771,8771610191,140
15772,25106565534,9100
15773,8890640708,50
15774,642463108,20
15775,642463108,20
15776,292015626133,12640
15777,2129728871,80
15778,15230320883,500
15779,11999169782,360
15780,4101675363,160
15781,3248511615,70
15782,3155297787,30
15783,1989408758,40
15784,54096325140,2100
15785,1779887800,267090
15786,277537177695,4600
15787,3155297787,30
15788,32273638048,4880
15789,49471693579,5620
15790,35082637617,1040
15791,55845212249,1360
15792,1989408758,40
15793,111177962277,1540
15794,3155297787,30
15795,16628626764,130
15796,333049424242,2580
15797,170787682866,7160
15798,2680666674,100
15799,35082637617,1040
15800,8890640708,50
15801,18405098557,1200
15802,13805813254,350
15803,27466659792,780
15804,7632138894,150
15805,3498963678,400
15806,11685752060,280
15807,205598359712,2300
15808,12501136590,260
15809,136549315889,1380
15810,10125666868,220
15811,107356367,500000
15812,8890640708,50
15813,7568843928,148310
15814,2131112755,120
15815,2680666674,100
15816,76389082717,390
15817,642463108,20
15818,363093030099,14720
15819,4101675363,160
15820,107356367,500000
15821,1410951772,60
15822,3155297787,30
15823,1410951772,60
15824,10093778100,110
15825,344708084038,27800
15826,549570073322,3730
15827,62230305739,450
15828,139806858576,11930
15829,5004700354,300
15830,107356367,500000
15831,53067740046,1080
15832,8160380638,800
15833,19401885549,12280
15834,107356367,500000
15835,251605500215,12900
15836,74532248886,6660
15837,13805813254,350
15838,23717057018,270
15839,1989408758,40
15840,566179046010,4440
15841,2129728871,80
15842,4101675363,160
15843,1460081663,10
15844,1989408758,40
15845,1989408758,40
15846,730278769,490180
15847,3498963678,400
15848,2680666674,100
15849,642463108,20
15850,612249073361,1650
15851,2680666674,100
15852,99345347646,25010
15853,52603264488,3600
15854,50977340686,620
15855,4168107676,218370
15856,50799511083,5420
15857,3155297787,30
15858,165972722923,1250
15859,8160380638,800
15860,11916585507,121950
15861,1460081663,10
15862,69091660329,21040
15863,65150716152,1420
15864,295491006451,8350
15865,472051669970,2230
15866,25801847636,580
15867,2680666674,100
15868,78251081001,17580
15869,366970729753,4080
15870,16663604145,250
15871,3498963678,400
15872,4101675363,160
15873,3155297787,30
15874,37625811344,1400
15875,135609853602,60930
15876,32902663700,1020
15877,642463108,20
15878,1460081663,10
15879,60896523245,34080
15880,3155297787,30
15881,642463108,20
15882,13503009596,170
15883,27818723522,1280
15884,29489322883,111450
15885,1460081663,10
15886,37159752956,1500
15887,3155297787,30
15888,3498963678,400
15889,3155297787,30
15890,9405702726,90
15891,106514864326,490
15892,35484487501,2560
15893,11168928718,320
15894,11685752060,280
15895,119523174937,930
15896,46821356484,95910
15897,10093778100,110
15898,8771610191,140
15899,194345861443,4160
15900,15230320883,500
15901,9128426838,600
15902,3155297787,30
15903,7632138894,150
15904,8160380638,800
15905,2129728871,80
15906,2129728871,80
15907,2131112755,120
15908,107356367,500000
15909,1410951772,60
15910,54096325140,2100
15911,2131112755,120
15912,262199590636,36480
15913,12501136590,260
15914,8160380638,800
15915,4750466533,180
15916,228517508811,3900
15917,9237746075,176890
15918,54765665696,10120
15919,89504378304,630
15920,25941016146,340
15921,642463108,20
15922,1460081663,10
15923,2129728871,80
15924,49875810790,1680
15925,8160380638,800
15926,33336156346,380
15927,130029866754,2440
15928,28423629096,700
15929,107356367,500000
15930,8890640708,50
15931,1460081663,10
15932,102540802919,10140
15933,9405702726,90
15934,11685752060,280
15935,1460081663,10
15936,2131112755,120
15937,3498963678,400
15938,22841573218,1800
15939,105650778329,60620
15940,642463108,20
15941,54510048580,11520
15942,2602576306,207330
15943,171229564096,3100
15944,115469428174,2940
15945,31377036712,900
15946,3248511615,70
15947,25118415259,720
15948,8160380638,800
15949,39237349975,1120
15950,142699942548,34560
15951,3155297787,30
15952,242464481741,1900
15953,1989408758,40
15954,2680666674,100
15955,10125666868,220
15956,89884823647,2480
15957,2129728871,80
15958,8160380638,800
15959,1989408758,40
15960,29491905716,660
15961,642463108,20
15962,12501136590,260
15963,2700711032,200
15964,642463108,20
15965,642463108,20
15966,19618372147,640
15967,15149273275,230
15968,11999169782,360
15969,49875810790,1680
15970,59093303154,6140
15971,1989408758,40
15972,12501136590,260
15973,2680666674,100
15974,202533814234,49330
15975,27466659792,780
15976,9128426838,600
15977,11168928718,320
15978,83018462314,2800
15979,13175843055,480
15980,274386283366,12100
15981,3248511615,70
15982,87428380030,5490
15983,193491298968,1580
15984,17461846483,210
15985,1270010134,295200
15986,1460081663,10
15987,128299740136,7960
15988,642463108,20
15989,18953189146,4940
15990,3248511615,70
15991,107356367,500000
15992,485453983427,2630
15993,25801847636,580
15994,49875810790,1680
15995,1989408758,40
15996,5004700354,300
15997,1410951772,60
15998,440133462917,4740
15999,26878024615,960
16000,49471693579,5620
16001,155043166460,2620
16002,129936548133,1700
16003,642463108,20
16004,220233453968,2420
16005,25715559667,440
16006,11685752060,280
16007,149164164468,2180
16008,78499865639,88500
16009,48446638081,2600
16010,2680666674,100
16011,2129728871,80
16012,15230320883,500
16013,2700711032,200
16014,642463108,20
16015,2680666674,100
16016,20619000102,132790
16017,13805813254,350
16018,1460081663,10
16019,1460081663,10
16020,8771610191,140
16021,2680666674,100
16022,60621460711,10200
16023,130029866754,2440
16024,642463108,20
16025,505360480,439950
16026,3498963678,400
16027,59326627443,1760
16028,7632138894,150
16029,3155297787,30
16030,7632138894,150
16031,7389868499,1000
16032,153125796783,1550
16033,13175843055,480
16034,1460081663,10
16035,3248511615,70
16036,2680666674,100
16037,107356367,500000
16038,33336156346,380
16039,1460081663,10
16040,229401599349,3120
16041,1989408758,40
16042,16628626764,130
16043,4101675363,160
16044,23717057018,270
16045,217010712174,3520
16046,10125666868,220
16047,17461846483,210
16048,3155297787,30
16049,13805813254,350
16050,2131112755,120
16051,1989408758,40
16052,2680666674,100
16053,1410951772,60
16054,2129728871,80
16055,5004700354,300
16056,1410951772,60
16057,25715559667,440
16058,11617382549,6000
16059,1460081663,10
16060,23717057018,270
16061,4101675363,160
16062,109999233238,650
16063,3155297787,30
16064,15230320883,500
16065,1989408758,40
16066,103067638059,29760
16067,1071417555,444700
16068,5325216397,240
16069,3155297787,30
16070,7389868499,1000
16071,30567251497,920
16072,642463108,20
16073,4101675363,160
16074,1340994595,318680
16075,5004700354,300
16076,8771610191,140
16077,8771610191,140
16078,18962906803,2000
16079,107356367,500000
16080,18405098557,1200
16081,15149273275,230
16082,74508074661,740
16083,642463108,20
16084,1989408758,40
16085,125969587445,13580
16086,3498963678,400
16087,1460081663,10
16088,107356367,500000
16089,32595661477,88320
16090,1989408758,40
16091,78628630914,11400
16092,2129728871,80
16093,39237349975,1120
16094,107356367,500000
16095,24606427995,61820
16096,3155297787,30
16097,13503009596,170
16098,8890640708,50
16099,642463108,20
16100,3248511615,70
16101,1989408758,40
16102,1410951772,60
16103,11168928718,320
16104,675670447,245200
16105,1008297041137,4150
16106,19618372147,640
16107,15149273275,230
16108,3155297787,30
16109,43845140351,5380
16110,11999169782,360
16111,86937114417,1560
16112,1460081663,10
16113,27835673714,138520
16114,168214069651,15120
16115,25118415259,720
16116,61710558043,62250
16117,2131112755,120
16118,2129728871,80
16119,35082637617,1040
16120,25941016146,340
16121,152669405443,9120
16122,3498963678,400
16123,70937215902,1320
16124,40642282735,370
16125,2700711032,200
16126,165029021099,27760
16127,49181019185,430
16128,4101675363,160
16129,76003942536,1860
16130,22947144105,540
16131,2129728871,80
16132,5004700354,300
16133,224387748893,4560
16134,19618372147,640
16135,1410951772,60
16136,63551217216,1160
16137,3248511615,70
16138,3155297787,30
16139,642463108,20
16140,107356367,500000
16141,7389868499,1000
16142,3498963678,400
16143,82150868280,6050
16144,157852755435,10150
16145,527383545871,1950
16146,1460081663,10
16147,642463108,20
16148,107356367,500000
16149,11617382549,6000
16150,59806392317,14490
16151,107815389228,2200
16152,1607022131,277590
16153,7389868499,1000
16154,18405098557,1200
16155,1460081663,10
16156,53067740046,1080
16157,642463108,20
16158,1460081663,10
16159,74654628479,20610
16160,46767686948,68590
16161,166724340361,1030
16162,211281511869,22100
16163,1460081663,10
16164,9405702726,90
16165,642463108,20
16166,4101675363,160
16167,11999169782,360
16168,100397189411,14160
16169,1410951772,60
16170,17461846483,210
16171,55845212249,1360
16172,3498963678,400
16173,19618372147,640
16174,107356367,500000
16175,11685752060,280
16176,28531164686,74740
16177,1989408758,40
16178,2129728871,80
16179,120397689630,2160
16180,363363885838,2070
16181,642463108,20
16182,2131112755,120
16183,202994484565,46910
16184,17461846483,210
16185,363742937050,7790
16186,1989408758,40
16187,23374335083,79680
16188,25941016146,340
16189,2129728871,80
16190,9128426838,600
16191,83532074855,1300
16192,28481466122,420
16193,642463108,20
16194,3991843101,209690
16195,404028186,289300
16196,1460081663,10
16197,642463108,20
16198,2700711032,200
16199,40389754126,7350
16200,154605920387,1720
16201,2680666674,100
16202,2680666674,100
16203,33336156346,380
16204,41438005257,7220
16205,1989408758,40
16206,11999169782,360
16207,642463108,20
16208,3155297787,30
16209,266913208789,30910
16210,117521242923,3920
16211,642463108,20
16212,10093778100,110
16213,3155297787,30
16214,2131112755,120
16215,203578942322,3380
16216,22841573218,1800
16217,174026483422,3240
16218,8771610191,140
16219,59093303154,6140
16220,37159752956,1500
16221,642463108,20
16222,29491905716,660
16223,494700489869,1090
16224,49875810790,1680
16225,1989408758,40
16226,107356367,500000
16227,28423629096,700
16228,2129728871,80
16229,8771610191,140
16230,67429264529,23640
16231,11972898484,136760
16232,10125666868,220
16233,293665816674,7330
16234,1460081663,10
16235,746307859914,3650
16236,642463108,20
16237,138887121083,13730
16238,305989913765,12060
16239,9405702726,90
16240,76003942536,1860
16241,2680666674,100
16242,98123032171,15180
16243,1460081663,10
16244,11168928718,320
16245,107356367,500000
16246,16628626764,130
16247,5325216397,240
16248,5004700354,300
16249,8771610191,140
16250,126101337696,2700
16251,642463108,20
16252,8771610191,140
16253,8771610191,140
16254,163324317620,3480
16255,63850614584,74470
16256,107356367,500000
16257,25941016146,340
16258,712309364,310480
16259,28481030422,520
16260,1989408758,40
16261,1410951772,60
16262,209542455259,4060
16263,17461846483,210
16264,3248511615,70
16265,3155297787,30
16266,2129728871,80
16267,1460081663,10
16268,10125666868,220
16269,7389868499,1000
16270,75566779630,4800
16271,642463108,20
16272,2131112755,120
16273,107356367,500000
16274,27466659792,780
16275,123507227487,63840
16276,2680666674,100
16277,64014537207,13200
16278,642463108,20
16279,642463108,20
16280,49736015129,1440
16281,1460081663,10
16282,71812450487,9690
16283,3155297787,30
16284,107356367,500000
16285,16663604145,250
16286,642463108,20
16287,642463108,20
16288,1989408758,40
16289,22841573218,1800
16290,230834646,495300
16291,1989408758,40
16292,1410951772,60
16293,27619497645,410
16294,13998415485,190
16295,145451985609,2240
16296,1989408758,40
16297,893007206595,3790
16298,130029866754,2440
16299,2129728871,80
16300,109278493537,7180
16301,28481030422,520
16302,2131112755,120
16303,2700711032,200
16304,16628626764,130
16305,25715559667,440
16306,59561721098,45150
16307,2700711032,200
16308,1460081663,10
16309,2129728871,80
16310,8890640708,50
16311,2680666674,100
16312,27818723522,1280
16313,7632138894,150
16314,9405702726,90
16315,642463108,20
16316,28481466122,420
16317,642463108,20
16318,107356367,500000
16319,2700711032,200
16320,642463108,20
16321,11168928718,320
16322,642463108,20
16323,1460081663,10
16324,1460081663,10
16325,5325216397,240
16326,139899194651,24220
16327,50020304629,460
16328,115469428174,2940
16329,642463108,20
16330,2700711032,200
16331,163308059697,4400
16332,2129728871,80
16333,2680666674,100
16334,28481466122,420
16335,153827495750,2250
16336,25941016146,340
16337,2680666674,100
16338,642463108,20
16339,642463108,20
16340,165010097420,10950
16341,81768420176,690
16342,107356367,500000
16343,2700711032,200
16344,2129728871,80
16345,4101675363,160
16346,1460081663,10
16347,4750466533,180
16348,107356367,500000
16349,18821770734,114050
16350,9405702726,90
16351,280057160555,1230
16352,13805813254,350
16353,118018387128,5470
16354,31957226762,680
16355,1989408758,40
16356,642463108,20
16357,642463108,20
16358,324652129013,3580
16359,4101675363,160
16360,681952331607,3570
16361,5004700354,300
16362,75566779630,4800
16363,1410951772,60
16364,7389868499,1000
16365,2680666674,100
16366,4101675363,160
16367,8890640708,50
16368,61236483904,5280
16369,1460081663,10
16370,2680666674,100
16371,210576129005,2840
16372,107356367,500000
16373,4101675363,160
16374,76864215402,730
16375,59192250382,310
16376,22841573218,1800
16377,214688546396,3340
16378,3155297787,30
16379,10790854661,5000
16380,2131112755,120
16381,15230320883,500
16382,2561626141,243140
16383,56704791397,51330
16384,2131112755,120
16385,1460081663,10
16386,8771610191,140
16387,642463108,20
16388,82658042365,830
16389,8160380638,800
16390,348153595914,12110
16391,1410951772,60
16392,3155297787,30
16393,5004700354,300
16394,107356367,500000
16395,31672662363,840
16396,59731837861,84840
16397,642463108,20
16398,642463108,20
16399,1410951772,60
16400,191131218819,8340
16401,72251914867,1480
16402,318629965032,31520
16403,190355985406,1150
16404,10093778100,110
16405,11685752060,280
16406,2700711032,200
16407,642463108,20
16408,78388833005,85220
16409,80348054188,51930
16410,63496439540,93530
16411,166616916635,23490
16412,5004700354,300
16413,107356367,500000
16414,2700711032,200
16415,1410951772,60
16416,107356367,500000
16417,2129728871,80
16418,1460081663,10
16419,2680666674,100
16420,61841205958,8410
16421,107356367,500000
16422,71720042109,1220
16423,120397689630,2160
16424,948113432,433840
16425,31957226762,680
16426,1410951772,60
16427,50439945870,5180
16428,107356367,500000
16429,1460081663,10
16430,1989408758,40
16431,1989408758,40
16432,99185979019,3420
16433,97734781664,5610
16434,192806953470,3280
16435,1460081663,10
16436,1410951772,60
16437,53579326618,105740
16438,15149273275,230
16439,2680666674,100
16440,13805813254,350
16441,2129728871,80
16442,145379771536,21790
16443,642463108,20
16444,191036112673,15330
16445,642463108,20
16446,19618372147,640
16447,67774165811,770
16448,8890640708,50
16449,11685752060,280
16450,31957226762,680
16451,146616877072,1670
16452,27466659792,780
16453,642463108,20
16454,1460081663,10
16455,2131112755,120
16456,38941691457,1520
16457,13175843055,480
16458,1989408758,40
16459,37159752956,1500
16460,26878024615,960
16461,37471176522,72740
16462,12062441303,146040
16463,3155297787,30
16464,11168928718,320
16465,47581210552,6220
16466,1821124846,202590
16467,17231374945,560
16468,9405702726,90
16469,660885619,425580
16470,117495491071,15020
16471,2680666674,100
16472,107356367,500000
16473,1460081663,10
16474,2680666674,100
16475,1410951772,60
16476,118056829791,8080
16477,20472074915,101270
16478,2129728871,80
16479,80123303252,2140
16480,50020304629,460
16481,27466659792,780
16482,1410951772,60
16483,187547498618,34600
16484,30122720190,94250
16485,19945434567,90070
16486,96397107272,1460
16487,38907977116,2400
16488,72251914867,1480
16489,1989408758,40
16490,1989408758,40
16491,4750466533,180
16492,642463108,20
16493,3498963678,400
16494,1357719254459,4640
16495,25118415259,720
16496,67944173862,8480
16497,65150716152,1420
16498,642463108,20
16499,36817294349,1140
16500,1410951772,60
16501,58955902197,7200
16502,13503009596,170
16503,4101675363,160
16504,26988989205,750
16505,15149273275,230
16506,2700711032,200
16507,107356367,500000
16508,8771610191,140
16509,361170626118,3820
16510,111177962277,1540
16511,141143676802,11580
16512,8890640708,50
16513,33336156346,380
16514,107356367,500000
16515,179064316560,15930
16516,2680666674,100
16517,29491905716,660
16518,178173697955,20180
16519,4101675363,160
16520,3155297787,30
16521,642463108,20
16522,46266450120,880
16523,5004700354,300
16524,1460081663,10
16525,27466659792,780
16526,35082637617,1040
16527,115050307933,52720
16528,15665291807,5600
16529,1410951772,60
16530,1989408758,40
16531,1989408758,40
16532,7632138894,150
16533,642463108,20
16534,35082637617,1040
16535,7389868499,1000
16536,107356367,500000
16537,2680666674,100
16538,58706476768,49750
16539,137193556010,1050
16540,3248511615,70
16541,3498963678,400
16542,2700711032,200
16543,27818723522,1280
16544,2680666674,100
16545,37159752956,1500
16546,99368322953,13870
16547,50977340686,620
16548,55162147963,12040
16549,117523184948,67990
16550,2129728871,80
16551,524483546373,3310
16552,9405702726,90
16553,1460081663,10
16554,25801847636,580
16555,162630588981,13500
16556,16628626764,130
16557,11685752060,280
16558,2700711032,200
16559,3498963678,400
16560,413773138,409990
16561,2131112755,120
16562,107356367,500000
16563,169124671513,3080
16564,13175843055,480
16565,17231374945,560
16566,25941016146,340
16567,2700711032,200
16568,107356367,500000
16569,465259677922,3370
16570,185468143475,3700
16571,70937215902,1320
16572,2700711032,200
16573,995519333783,3810
16574,158779184950,10700
16575,192237825632,2520
16576,2680666674,100
16577,2680666674,100
16578,1460081663,10
16579,642463108,20
16580,2129728871,80
16581,5004700354,300
16582,3155297787,30
16583,82350957612,40500
16584,11168928718,320
16585,47681653467,61410
16586,124943216139,22650
16587,44964107008,330
16588,183121670115,44940
16589,2131112755,120
16590,40642282735,370
16591,2129728871,80
16592,26878024615,960
16593,12501136590,260
16594,86937114417,1560
16595,18536928071,1600
16596,28428213870,40570
16597,22947144105,540
16598,58939274048,12160
16599,8890640708,50
16600,3155297787,30
16601,8771610191,140
16602,26878024615,960
16603,642463108,20
16604,10093778100,110
16605,37159752956,1500
16606,641261893,298520
16607,1989408758,40
16608,4101675363,160
16609,18405098557,1200
16610,109999233238,650
16611,2131112755,120
16612,1989408758,40
16613,7632138894,150
16614,196284049650,1820
16615,15665291807,5600
16616,23504449540,5090
16617,1460081663,10
16618,89884823647,2480
16619,9128426838,600
16620,19618372147,640
16621,29491905716,660
16622,642463108,20
16623,2129728871,80
16624,75201684972,2720
16625,3155297787,30
16626,1460081663,10
16627,1989408758,40
16628,209934235089,2350
16629,2129728871,80
16630,2129728871,80
16631,107356367,500000
16632,7632138894,150
16633,3155297787,30
16634,2700711032,200
16635,3248511615,70
16636,119857066206,12580
16637,9128426838,600
16638,380106740082,4580
16639,642463108,20
16640,38907977116,2400
16641,107356367,500000
16642,31672662363,840
16643,2131112755,120
16644,17461846483,210
16645,1989408758,40
16646,1410951772,60
16647,50995383224,11100
16648,62230305739,450
16649,462053606811,2370
16650,7632138894,150
16651,28481466122,420
16652,663923324613,1990
16653,13175843055,480
16654,2129728871,80
16655,15230320883,500
16656,2131112755,120
16657,62230305739,450
16658,19618372147,640
16659,10125666868,220
16660,9405702726,90
16661,75135440225,5370
16662,120397689630,2160
16663,2131112755,120
16664,339864372696,4420
16665,9405702726,90
16666,40058785915,1100
16667,27619497645,410
16668,1432533169,320600
16669,3155297787,30
16670,642463108,20
16671,2131112755,120
16672,642463108,20
16673,642463108,20
16674,66670154645,17900
16675,3248511615,70
16676,37625811344,1400
16677,1460081663,10
16678,83018462314,2800
16679,20533334047,5650
16680,642463108,20
16681,129363295084,21340
16682,642463108,20
16683,209542455259,4060
16684,501174089865,3890
16685,27818723522,1280
16686,13998415485,190
16687,54510048580,11520
16688,27466659792,780
16689,1460081663,10
16690,71720042109,1220
16691,320883901352,3860
16692,1460081663,10
16693,48817098433,39680
16694,8160380638,800
16695,49875810790,1680
16696,107356367,500000
16697,1989408758,40
16698,4750466533,180
16699,2131112755,120
16700,4101675363,160
16701,1460081663,10
16702,8771610191,140
16703,76347205664,10340
16704,107356367,500000
16705,13175843055,480
16706,31957226762,680
16707,2129728871,80
16708,153827495750,2250
16709,38756259941,123630
16710,16628626764,130
16711,1460081663,10
16712,194691835742,18350
16713,642463108,20
16714,40058785915,1100
16715,12501136590,260
16716,10093778100,110
16717,41633656026,290
16718,27818723522,1280
16719,8771610191,140
16720,137522884224,2080
16721,925310348,306200
16722,171229564096,3100
16723,122120692610,2500
16724,29561264791,8320
16725,25801847636,580
16726,3155297787,30
16727,36817294349,1140
16728,25715559667,440
16729,9405702726,90
16730,107356367,500000
16731,1410951772,60
16732,336360021768,8900
16733,19618372147,640
16734,220225676402,3400
16735,54096325140,2100
16736,562070864316,3440
16737,1460081663,10
16738,2131112755,120
16739,11685752060,280
16740,1410951772,60
16741,36817294349,1140
16742,5004700354,300
16743,520494315121,4260
16744,129936548133,1700
16745,3155297787,30
16746,2129728871,80
16747,642463108,20
16748,2680666674,100
16749,3155297787,30
16750,75566779630,4800
16751,1460081663,10
16752,10093778100,110
16753,2131112755,120
16754,992439321312,2850
16755,2680666674,100
16756,200429324878,27240
16757,107356367,500000
16758,859025139495,4210
16759,83130397074,2280
16760,42635005721,1920
16761,12501136590,260
16762,13998415485,190
16763,7632138894,150
16764,107356367,500000
16765,28481466122,420
16766,3498963678,400
16767,25715559667,440
16768,2680666674,100
16769,71720042109,1220
16770,11168928718,320
16771,320883901352,3860
16772,13998415485,190
16773,90726221836,8920
16774,43754259058,8580
16775,28423629096,700
16776,35082637617,1040
16777,2129728871,80
16778,2131112755,120
16779,4101675363,160
16780,1410951772,60
16781,1410951772,60
16782,69335711435,2220
16783,1460081663,10
16784,2129728871,80
16785,4750466533,180
16786,4101675363,160
16787,3498963678,400
16788,114185665339,2040
16789,2131112755,120
16790,9128426838,600
16791,28481030422,520
16792,19618372147,640
16793,78076326950,52070
16794,2700711032,200
16795,166252775963,47860
16796,5004700354,300
16797,4101675363,160
16798,30567251497,920
16799,1989408758,40
16800,1410951772,60
16801,148963651289,1660
16802,214688546396,3340
16803,1989408758,40
16804,32043800329,129020
16805,5004700354,300
16806,9128426838,600
16807,1989408758,40
16808,3155297787,30
16809,642463108,20
16810,9128426838,600
16811,11999169782,360
16812,107356367,500000
16813,18405098557,1200
16814,37445101835,9600
16815,642463108,20
16816,2131112755,120
16817,122120692610,2500
16818,31859868490,10260
16819,1460081663,10
16820,196703753487,25540
16821,1460081663,10
16822,2131112755,120
16823,46170538294,115970
16824,2680666674,100
16825,48446638081,2600
16826,1410951772,60
16827,8771610191,140
16828,2129728871,80
16829,8890640708,50
16830,70937215902,1320
16831,16628626764,130
16832,1989408758,40
16833,2131112755,120
16834,1460081663,10
16835,49736015129,1440
16836,107356367,500000
16837,1989408758,40
16838,31377036712,900
16839,1460081663,10
16840,41633656026,290
16841,2700711032,200
16842,80123303252,2140
16843,11227801484,4960
16844,5004700354,300
16845,3498963678,400
16846,642463108,20
16847,2131112755,120
16848,10093778100,110
16849,642463108,20
16850,99185979019,3420
16851,119949105407,5360
16852,642463108,20
16853,4101675363,160
16854,642463108,20
16855,107356367,500000
16856,18536928071,1600
16857,134747085544,9800
16858,182747867130,4200
16859,8890640708,50
16860,118396499731,27460
16861,2131112755,120
16862,642463108,20
16863,2129728871,80
16864,137953704189,61680
16865,1989408758,40
16866,8771610191,140
16867,186478669059,4280
16868,107356367,500000
16869,5325216397,240
16870,107356367,500000
16871,38941691457,1520
16872,50995383224,11100
16873,642463108,20
16874,977903594,370370
16875,1410951772,60
16876,66783476115,91300
16877,9315459031,130780
16878,95853480649,20300
16879,3498963678,400
16880,26878024615,960
16881,26163889154,20000
16882,642463108,20
16883,31957226762,680
16884,3155297787,30
16885,151866697079,16160
16886,73177540417,24100
16887,107356367,500000
16888,11999169782,360
16889,11617382549,6000
16890,2131112755,120
16891,642463108,20
16892,81513870704,1260
16893,107356367,500000
16894,105060106173,15360
16895,7632138894,150
16896,642463108,20
16897,150175121765,18900
16898,642463108,20
16899,779340021,331610
16900,11999169782,360
16901,12665382267,4920
16902,5325216397,240
16903,241798423648,810
16904,1081676838,299830
16905,101793693596,6390
16906,1460081663,10
16907,25118415259,720
16908,642463108,20
16909,68020204993,39720
16910,28481030422,520
16911,28423629096,700
16912,1460081663,10
16913,319843335044,1770
16914,1460081663,10
16915,107356367,500000
16916,11999169782,360
16917,1460081663,10
16918,329315288424,2890
16919,84948296669,22830
16920,64014537207,13200
16921,1989408758,40
16922,642463108,20
16923,49736015129,1440
16924,642463108,20
16925,642463108,20
16926,107356367,500000
16927,642463108,20
16928,3498963678,400
16929,452059168386,1910
16930,1986537379,230010
16931,606575206,476650
16932,1410951772,60
16933,642463108,20
16934,568955300168,1710
16935,1460081663,10
16936,107356367,500000
16937,70170852619,2320
16938,113146677197,4000
16939,10790854661,5000
16940,327680457,332730
16941,107356367,500000
16942,107356367,500000
16943,79770938357,12810
16944,107356367,500000
16945,107356367,500000
16946,8890640708,50
16947,5004700354,300
16948,18583146420,133480
16949,1460081663,10
16950,13503009596,170
16951,67774165811,770
16952,32998588839,10000
16953,68496873759,5580
16954,15230320883,500
16955,2131112755,120
16956,11685752060,280
16957,26878024615,960
16958,7632138894,150
16959,15149273275,230
16960,57268799551,5060
16961,2680666674,100
16962,109506267516,10050
16963,1460081663,10
16964,62230305739,450
16965,642463108,20
16966,59326627443,1760
16967,15230320883,500
16968,8890640708,50
16969,1989408758,40
16970,49736015129,1440
16971,2700711032,200
16972,35082637617,1040
16973,32273638048,4880
16974,642463108,20
16975,642463108,20
16976,4750466533,180
16977,188169186128,12730
16978,25715559667,440
16979,22947144105,540
16980,100950791067,39740
16981,4750466533,180
16982,153396806994,16720
16983,5325216397,240
16984,37625811344,1400
16985,1989408758,40
16986,25106565534,9100
16987,1410951772,60
16988,32902663700,1020
16989,4101675363,160
16990,28423629096,700
16991,19618372147,640
16992,59192250382,310
16993,11999169782,360
16994,102358998374,9640
16995,350859242927,10710
16996,5956985986,153970
16997,7632138894,150
16998,1410951772,60
16999,7389868499,1000
17000,2700711032,200
17001,3498963678,400
17002,2700711032,200
17003,65849979103,10370
17004,1410951772,60
17005,145451985609,2240
17006,75472778549,10840
17007,642463108,20
17008,2129728871,80
17009,1410951772,60
17010,316608923490,12780
17011,3155297787,30
17012,10790854661,5000
17013,261219375875,16700
17014,2131112755,120
17015,2680666674,100
17016,3155297787,30
17017,2129728871,80
17018,190355985406,1150
17019,11227801484,4960
17020,424493328863,3610
17021,642463108,20
17022,18962906803,2000
17023,32874172972,131840
17024,568955300168,1710
17025,3248511615,70
17026,50020304629,460
17027,69128358495,4820
17028,642463108,20
17029,52603264488,3600
17030,520494315121,4260
17031,8771610191,140
17032,7632138894,150
17033,81768420176,690
17034,1460081663,10
17035,38907977116,2400
17036,83146685683,7720
17037,3155297787,30
17038,3498963678,400
17039,147683639451,1930
17040,107356367,500000
17041,2700711032,200
17042,645480664539,2870
17043,8890640708,50
17044,82658042365,830
17045,642463108,20
17046,4101675363,160
17047,28481030422,520
17048,3155297787,30
17049,135138348792,17820
17050,457258205105,4290
17051,8771610191,140
17052,56757000936,860
17053,1460081663,10
17054,188271688429,3940
17055,107356367,500000
17056,17231374945,560
17057,52603264488,3600
17058,1460081663,10
17059,1989408758,40
17060,3155297787,30
17061,3498963678,400
17062,642463108,20
17063,10125666868,220
17064,1989408758,40
17065,130783899884,26730
17066,37625811344,1400
17067,2129728871,80
17068,642463108,20
17069,16628626764,130
17070,642463108,20
17071,107356367,500000
17072,15230320883,500
17073,2700711032,200
17074,169056974485,21510
17075,11685752060,280
17076,62230305739,450
17077,308181868321,6860
17078,1460081663,10
17079,31859868490,10260
17080,2700711032,200
17081,1989408758,40
17082,2129728871,80
17083,16663604145,250
17084,19618372147,640
17085,25941016146,340
17086,80028775152,8460
17087,3155297787,30
17088,642463108,20
17089,3498963678,400
17090,1460081663,10
17091,37159752956,1500
17092,218901263671,1210
17093,2131112755,120
17094,141295678608,1170
17095,5004700354,300
17096,2129728871,80
17097,71771702721,7500
17098,2194234735,195730
17099,187288847485,12840
17100,642463108,20
17101,96397107272,1460
17102,13805813254,350
17103,1460081663,10
17104,28481030422,520
17105,5325216397,240
17106,258999921565,9790
17107,17461846483,210
17108,1460081663,10
17109,1460081663,10
17110,5004700354,300
17111,1989408758,40
17112,310340818524,22690
17113,9128426838,600
17114,642463108,20
17115,71771702721,7500
17116,75921672811,18710
17117,107356367,500000
17118,22947144105,540
17119,255640100699,32640
17120,2700711032,200
17121,2700711032,200
17122,10125666868,220
17123,2131112755,120
17124,83532074855,1300
17125,5004700354,300
17126,10125666868,220
17127,8771610191,140
17128,282637395498,20480
17129,1460081663,10
17130,60428856775,13400
17131,16628626764,130
17132,31404566533,128670
17133,25941016146,340
17134,88166665880,34200
17135,8160380638,800
17136,77800241054,6280
17137,1989408758,40
17138,1410951772,60
17139,5325216397,240
17140,15031975850,102470
17141,59192250382,310
17142,5325216397,240
17143,1989408758,40
17144,107356367,500000
17145,1989408758,40
17146,198387141671,5530
17147,1460081663,10
17148,2129728871,80
17149,81973719042,22180
17150,2680666674,100
17151,129936548133,1700
17152,16628626764,130
17153,13175843055,480
17154,169124671513,3080
17155,28433132681,5100
17156,2680666674,100
17157,13805813254,350
17158,1410951772,60
17159,196284049650,1820
17160,150586531437,1840
17161,37159752956,1500
17162,3498963678,400
17163,30567251497,920
17164,642463108,20
17165,13175843055,480
17166,35082637617,1040
17167,9128426838,600
17168,107356367,500000
17169,105910324974,15600
17170,16628626764,130
17171,9128426838,600
17172,74508074661,740
17173,38062709610,760
17174,171916584414,10690
17175,9400129372,167470
17176,3248511615,70
17177,2700711032,200
17178,7632138894,150
17179,2129728871,80
17180,2131112755,120
17181,11168928718,320
17182,426567128638,2610
17183,15149273275,230
17184,76864215402,730
17185,2129728871,80
17186,130364661735,3840
17187,2680666674,100
17188,597854622103,4510
17189,2680666674,100
17190,17231374945,560
17191,2700711032,200
17192,5004700354,300
17193,1410951772,60
17194,2680666674,100
17195,101708932252,980
17196,82345901758,87470
17197,25118415259,720
17198,70212743818,6090
17199,636637479,380310
17200,642463108,20
17201,3248511615,70
17202,11999169782,360
17203,48173707138,7520
17204,3155297787,30
17205,182747867130,4200
17206,2129728871,80
17207,2129728871,80
17208,28820080511,42210
17209,7632138894,150
17210,1410951772,60
17211,107356367,500000
17212,5004700354,300
17213,1989408758,40
17214,642463108,20
17215,1410951772,60
17216,1989408758,40
17217,25118415259,720
17218,642463108,20
17219,9128426838,600
17220,5325216397,240
17221,234911174529,2980
17222,2700711032,200
17223,50020304629,460
17224,2700711032,200
17225,642463108,20
17226,3155297787,30
17227,7632138894,150
17228,11685752060,280
17229,147683639451,1930
17230,69062235443,3040
17231,28481466122,420
17232,642463108,20
17233,9128426838,600
17234,3155297787,30
17235,1460081663,10
17236,191066783078,10450
17237,3155297787,30
17238,440133462917,4740
17239,28481466122,420
17240,5325216397,240
17241,38062709610,760
17242,86937114417,1560
17243,40720059316,9760
17244,401791518887,16830
17245,1460081663,10
17246,3498963678,400
17247,9405702726,90
17248,169124671513,3080
17249,1989408758,40
17250,461130475,329440
17251,40642282735,370
17252,1460081663,10
17253,425453253638,12180
17254,642463108,20
17255,4101675363,160
17256,71720042109,1220
17257,7389868499,1000
17258,25715559667,440
17259,11168928718,320
17260,25042475912,67650
17261,5004700354,300
17262,496382929649,2430
17263,642463108,20
17264,13805813254,350
17265,3248511615,70
17266,19618372147,640
17267,1460081663,10
17268,27466659792,780
17269,1460081663,10
17270,3248511615,70
17271,1989408758,40
17272,1989408758,40
17273,1410951772,60
17274,13998415485,190
17275,176194675518,1010
17276,186256602039,8680
17277,57392309256,73000
17278,3155297787,30
17279,10125666868,220
17280,107356367,500000
17281,8160380638,800
17282,33336156346,380
17283,642463108,20
17284,3248511615,70
17285,2131112755,120
17286,88064424465,14450
17287,74508074661,740
17288,3498963678,400
17289,1410951772,60
17290,197071791968,47300
17291,2129728871,80
17292,107356367,500000
17293,25715559667,440
17294,33336156346,380
17295,1460081663,10
17296,1410951772,60
17297,3155297787,30
17298,1460081663,10
17299,7632138894,150
17300,1460081663,10
17301,156138698209,3360
17302,229123793731,2760
17303,5325216397,240
17304,642463108,20
17305,642463108,20
17306,642463108,20
17307,3155297787,30
17308,2129728871,80
17309,297500263381,2540
17310,1989408758,40
17311,196284049650,1820
17312,2700711032,200
17313,3155297787,30
17314,10125666868,220
17315,8771610191,140
17316,3248511615,70
17317,33336156346,380
17318,61458308343,71990
17319,8771610191,140
17320,1989408758,40
17321,412467379663,14400
17322,25941016146,340
17323,1460081663,10
17324,169124671513,3080
17325,4101675363,160
17326,920377517,481120
17327,34644788461,9240
17328,34151821973,108120
17329,107356367,500000
17330,5325216397,240
17331,215797578189,3620
17332,6980813363,205300
17333,107356367,500000
17334,61613819664,8040
17335,3155297787,30
17336,3498963678,400
17337,11999169782,360
17338,28423629096,700
17339,15665291807,5600
17340,1460081663,10
17341,149053509611,2130
17342,30827214048,16850
17343,18405098557,1200
17344,2680666674,100
17345,5004700354,300
17346,3155297787,30
17347,7389868499,1000
17348,346474113468,12750
17349,19618372147,640
17350,38907977116,2400
17351,11685752060,280
17352,17461846483,210
17353,401376771,352000
17354,19618372147,640
17355,4081589662,170060
17356,2700711032,200
17357,449720840934,2740
17358,7632138894,150
17359,1460081663,10
17360,107356367,500000
17361,11999169782,360
17362,5325216397,240
17363,3751587288,205690
17364,1989408758,40
17365,642463108,20
17366,1460081663,10
17367,169425691824,57640
17368,13404878182,168640
17369,32606963178,4950
17370,1410951772,60
17371,15230320883,500
17372,147911134137,11940
17373,41633656026,290
17374,38062709610,760
17375,12501136590,260
17376,3498963678,400
17377,405296629953,1450
17378,2129728871,80
17379,1989408758,40
17380,126147942816,990
17381,364905480612,2190
17382,5325216397,240
17383,32273638048,4880
17384,10125666868,220
17385,41633656026,290
17386,2129728871,80
17387,642463108,20
17388,107356367,500000
17389,1460081663,10
17390,2131112755,120
17391,1460081663,10
17392,11685752060,280
17393,4101675363,160
17394,642463108,20
17395,427471106790,4010
17396,43403328555,73880
17397,2131112755,120
17398,642463108,20
17399,218901263671,1210
17400,3155297787,30
17401,3248511615,70
17402,44964107008,330
17403,642463108,20
17404,642463108,20
17405,2700711032,200
17406,3155297787,30
17407,76050453707,32740
17408,99250112107,1940
17409,93064460072,56350
17410,38062709610,760
17411,122277226790,16430
17412,5325216397,240
17413,8890640708,50
17414,184581311080,850
17415,11168928718,320
17416,53637805687,820
17417,5004700354,300
17418,600872776372,4110
17419,218901263671,1210
17420,62230305739,450
17421,2680666674,100
17422,2680666674,100
17423,3155297787,30
17424,63551217216,1160
17425,5325216397,240
17426,2680666674,100
17427,642463108,20
17428,1410951772,60
17429,107356367,500000
17430,1214051819,356940
17431,107356367,500000
17432,9128426838,600
17433,29491905716,660
17434,4101675363,160
17435,11168928718,320
17436,2129728871,80
17437,465259677922,3370
17438,4101675363,160
17439,107356367,500000
17440,2129728871,80
17441,2131112755,120
17442,49177343723,8700
17443,107356367,500000
17444,632493003,401390
17445,73169373677,1620
17446,44976473227,54010
17447,642463108,20
17448,9128426838,600
17449,107356367,500000
17450,70937215902,1320
17451,3248511615,70
17452,793072515,253300
17453,9128426838,600
17454,28722049303,112060
17455,4798763318,217530
17456,360625082592,18800
17457,4750466533,180
17458,1460081663,10
17459,141295678608,1170
17460,79130026723,11140
17461,3248511615,70
17462,2131112755,120
17463,78628630914,11400
17464,19618372147,640
17465,2700711032,200
17466,18249029939,142320
17467,36981785133,30560
17468,24738524121,9000
17469,1460081663,10
17470,14896795443,139330
17471,9128426838,600
17472,67774165811,770
17473,27818723522,1280
17474,28423629096,700
17475,2700711032,200
17476,564865280053,3550
17477,72511708200,6020
17478,29405995646,7230
17479,10790854661,5000
17480,2129728871,80
17481,4101675363,160
17482,31957226762,680
17483,120397689630,2160
17484,28481466122,420
17485,99250112107,1940
17486,99391224572,10560
17487,3155297787,30
17488,288001819702,4520
17489,2131112755,120
17490,75708503239,1960
17491,51522838025,5080
17492,169601958156,3740
17493,148963651289,1660
17494,107356367,500000
17495,17231374945,560
17496,154605920387,1720
17497,56896886293,22800
17498,1989408758,40
17499,11168928718,320
17500,2131112755,120
17501,41633656026,290
17502,11168928718,320
17503,384935901795,1890
17504,2700711032,200
17505,2700711032,200
17506,65150716152,1420
17507,107356367,500000
17508,84948296669,22830
17509,265665738231,12710
17510,2131112755,120
17511,192806953470,3280
17512,12998938150,6100
17513,287102923813,3220
17514,323381176475,18600
17515,69335711435,2220
17516,1989408758,40
17517,107356367,500000
17518,2700711032,200
17519,10125666868,220
17520,25715559667,440
17521,55845212249,1360
17522,2680666674,100
17523,642463108,20
17524,59506617347,101970
17525,75708503239,1960
17526,2131112755,120
17527,642463108,20
17528,174854364318,24830
17529,166724340361,1030
17530,75566779630,4800
17531,112759213544,21220
17532,2680666674,100
17533,2302979525,204570
17534,48792379821,24000
17535,1460081663,10
17536,7632138894,150
17537,642463108,20
17538,106514864326,490
17539,642463108,20
17540,642463108,20
17541,69097605880,9840
17542,12501136590,260
17543,59561721098,45150
17544,85653166578,15890
17545,53067740046,1080
17546,15149273275,230
17547,115469428174,2940
17548,13175843055,480
17549,15230320883,500
17550,37159752956,1500
17551,2131112755,120
17552,29491905716,660
17553,8160380638,800
17554,642463108,20
17555,135107441595,2120
17556,1460081663,10
17557,8160380638,800
17558,1410951772,60
17559,7389868499,1000
17560,224628256645,2340
17561,40642282735,370
17562,491498435304,2530
17563,15230320883,500
17564,8160380638,800
17565,638835281,340780
17566,186400197426,33020
17567,83532074855,1300
17568,2680666674,100
17569,8890640708,50
17570,1460081663,10
17571,2700711032,200
17572,25941016146,340
17573,4101675363,160
17574,642463108,20
17575,642463108,20
17576,38941691457,1520
17577,2129728871,80
17578,13998415485,190
17579,9128426838,600
17580,2700711032,200
17581,3155297787,30
17582,107815389228,2200
17583,642463108,20
17584,1410951772,60
17585,2680666674,100
17586,1410951772,60
17587,8771610191,140
17588,3248511615,70
17589,642463108,20
17590,192806953470,3280
17591,107356367,500000
17592,1989408758,40
17593,176194675518,1010
17594,10125666868,220
17595,11685752060,280
17596,3498963678,400
17597,11999169782,360
17598,5325216397,240
17599,1410951772,60
17600,3155297787,30
17601,29179337851,6400
17602,1460081663,10
17603,17461846483,210
17604,13998415485,190
17605,456939974313,1190
17606,9985356111,164490
17607,152083837392,50320
17608,13998415485,190
17609,1410951772,60
17610,214688546396,3340
17611,642463108,20
17612,53637805687,820
17613,71727099349,22170
17614,38453886123,12600
17615,109999233238,650
17616,40271490674,4840
17617,44346993896,5330
17618,395878108954,16300
17619,16663604145,250
17620,4101675363,160
17621,229401599349,3120
17622,642463108,20
17623,5325216397,240
17624,1896589829,192470
17625,2129728871,80
17626,166594710771,16280
17627,31957226762,680
17628,11168928718,320
17629,107356367,500000
17630,4101675363,160
17631,40058785915,1100
17632,166194219441,12310
17633,642463108,20
17634,42635005721,1920
17635,1410951772,60
17636,642463108,20
17637,642463108,20
17638,361128531926,17180
17639,1460081663,10
17640,57841224214,57800
17641,44964107008,330
17642,1989408758,40
17643,11999169782,360
17644,252721345,349040
17645,2129728871,80
17646,1460081663,10
17647,790099587,273910
17648,137522884224,2080
17649,116264657961,11660
17650,642463108,20
17651,71066342983,940
17652,2700711032,200
17653,8890640708,50
17654,111177962277,1540
17655,17461846483,210
17656,31672662363,840
17657,397207460742,22460
17658,107356367,500000
17659,642463108,20
17660,88254749232,7460
17661,63551217216,1160
17662,4101675363,160
17663,107356367,500000
17664,4101675363,160
17665,11999169782,360
17666,14176000586,158400
17667,146616877072,1670
17668,405296629953,1450
17669,2131112755,120
17670,15230320883,500
17671,58588804933,5980
17672,39237349975,1120
17673,2131112755,120
17674,144958830419,11340
17675,1460081663,10
17676,19618372147,640
17677,183935483619,39810
17678,25941016146,340
17679,210576129005,2840
17680,3248511615,70
17681,130364661735,3840
17682,4101675363,160
17683,4750466533,180
17684,642463108,20
17685,31957226762,680
17686,70937215902,1320
17687,2129728871,80
17688,642463108,20
17689,9128426838,600
17690,338833421447,28010
17691,16628626764,130
17692,107356367,500000
17693,303300435226,10410
17694,28481466122,420
17695,2129728871,80
17696,43821441387,7920
17697,27619497645,410
17698,642463108,20
17699,2129728871,80
17700,37625811344,1400
17701,114237925222,26360
17702,30567251497,920
17703,70125742858,550
17704,645480664539,2870
17705,3155297787,30
17706,26148963904,1240
17707,8890640708,50
17708,1460081663,10
17709,1460081663,10
17710,146475329286,10600
17711,1989408758,40
17712,10125666868,220
17713,411436479,290600
17714,1989408758,40
17715,2129728871,80
17716,13998415485,190
17717,12501136590,260
17718,2680666674,100
17719,107356367,500000
17720,107356367,500000
17721,163677973083,11730
17722,388302092711,11540
17723,1460081663,10
17724,2700711032,200
17725,1410951772,60
17726,26148963904,1240
17727,83437100792,11280
17728,81172186576,74830
17729,2700711032,200
17730,2700711032,200
17731,39237349975,1120
17732,87892372529,61440
17733,2131112755,120
17734,972369567967,4710
17735,2131112755,120
17736,3155297787,30
17737,150586531437,1840
17738,1989408758,40
17739,74508074661,740
17740,50020304629,460
17741,8890640708,50
17742,642463108,20
17743,1460081663,10
17744,76864215402,730
17745,41028403480,8520
17746,28772683235,6780
17747,103743561379,9630
17748,1989408758,40
17749,129936548133,1700
17750,28481030422,520
17751,13805813254,350
17752,4101675363,160
17753,979042406,315780
17754,642463108,20
17755,1989408758,40
17756,2129728871,80
17757,3498963678,400
17758,8771610191,140
17759,2700711032,200
17760,188736604890,4500
17761,1460081663,10
17762,1460081663,10
17763,50977340686,620
17764,2129728871,80
17765,1693462276,169700
17766,165972722923,1250
17767,1410951772,60
17768,30567251497,920
17769,107356367,500000
17770,2129728871,80
17771,183501352180,49930
17772,1410951772,60
17773,2129728871,80
17774,5259060479,201360
17775,9128426838,600
17776,107356367,500000
17777,1410951772,60
17778,2131112755,120
17779,174026483422,3240
17780,75566779630,4800
17781,3248511615,70
17782,11227801484,4960
17783,28481030422,520
17784,16704191328,10500
17785,642463108,20
17786,2680666674,100
17787,1989408758,40
17788,18962906803,2000
17789,82292142416,12920
17790,54881752888,6210
17791,11999169782,360
17792,13175843055,480
17793,3155297787,30
17794,1989408758,40
17795,642463108,20
17796,4333857258,220990
17797,12501136590,260
17798,107356367,500000
17799,136815065774,610
17800,487628453873,1330
17801,8771610191,140
17802,130364661735,3840
17803,67774165811,770
17804,2131112755,120
17805,37943036912,28180
17806,2129728871,80
17807,107356367,500000
17808,2680666674,100
17809,642463108,20
17810,17461846483,210
17811,28481466122,420
17812,17231374945,560
17813,4101675363,160
17814,28423629096,700
17815,1246223848,227100
17816,2700711032,200
17817,15665291807,5600
17818,53067740046,1080
17819,1989408758,40
17820,61063346499,40070
17821,50020304629,460
17822,295754754647,4930
17823,107356367,500000
17824,642463108,20
17825,1410951772,60
17826,148812837524,31970
17827,2700711032,200
17828,2131112755,120
17829,37159752956,1500
17830,13998415485,190
17831,642463108,20
17832,111588263937,65700
17833,1410951772,60
17834,1557337656675,2450
17835,30948302026,92020
17836,2700711032,200
17837,13998415485,190
17838,11685752060,280
17839,2129728871,80
17840,28423629096,700
17841,50541584684,105970
17842,25801847636,580
17843,521449389,309560
17844,28423629096,700
17845,26148963904,1240
17846,76003942536,1860
17847,642463108,20
17848,7389868499,1000
17849,9405702726,90
17850,642463108,20
17851,1989408758,40
17852,2700711032,200
17853,1989408758,40
17854,1460081663,10
17855,2129728871,80
17856,11999169782,360
17857,2131112755,120
17858,2131112755,120
17859,150376618518,1880
17860,8160380638,800
17861,716259140,287670
17862,3155297787,30
17863,31377036712,900
17864,107356367,500000
17865,1989408758,40
17866,330684439463,3760
17867,5325216397,240
17868,2680666674,100
17869,8160380638,800
17870,2129728871,80
17871,2129728871,80
17872,4101675363,160
17873,2680666674,100
17874,8771610191,140
17875,391297347,396940
17876,27619497645,410
17877,28481030422,520
17878,27818723522,1280
17879,28806384643,131970
17880,276884804428,3660
17881,18405098557,1200
17882,47581210552,6220
17883,2131112755,120
17884,183394233873,19170
17885,56003782975,12000
17886,17461846483,210
17887,642463108,20
17888,120420739717,6160
17889,107356367,500000
17890,1460081663,10
17891,8890640708,50
17892,1410951772,60
17893,41322300579,41680
17894,1460081663,10
17895,9405702726,90
17896,40058785915,1100
17897,136549315889,1380
17898,9405702726,90
17899,1410951772,60
17900,2129728871,80
17901,245032347735,3160
17902,47727873071,3000
17903,181229866517,11710
17904,164333593199,5510
17905,9405702726,90
17906,23717057018,270
17907,642463108,20
17908,297500263381,2540
17909,15149273275,230
17910,2131112755,120
17911,11168928718,320
17912,8702773051,133860
17913,114436088910,59300
17914,1693462276,169700
17915,96397107272,1460
17916,375686625258,3630
17917,2131112755,120
17918,161358125159,51970
17919,642463108,20
17920,2680666674,100
17921,1989408758,40
17922,107356367,500000
17923,29140264818,96120
17924,107356367,500000
17925,33336156346,380
17926,69128358495,4820
17927,652803996,336160
17928,249816166378,25320
17929,4101675363,160
17930,76864215402,730
17931,7389868499,1000
17932,177295205030,18640
17933,63250740635,40030
17934,2129728871,80
17935,485453983427,2630
17936,8771610191,140
17937,17461846483,210
17938,25941016146,340
17939,205008989410,42960
17940,2700711032,200
17941,642463108,20
17942,4101675363,160
17943,2129728871,80
17944,37159752956,1500
17945,1253242713,282030
17946,150478002920,8510
17947,642463108,20
17948,642463108,20
17949,99185979019,3420
17950,71066342983,940
17951,35082637617,1040
17952,272310310368,3140
17953,642463108,20
17954,2680666674,100
17955,74426670194,79060
17956,80697351164,6500
17957,2131112755,120
17958,75566779630,4800
17959,163308059697,4400
17960,148963651289,1660
17961,4101675363,160
17962,69037376985,2060
17963,2131112755,120
17964,1110766803,373250
17965,17461846483,210
17966,4101675363,160
17967,22841573218,1800
17968,322100384149,32800
17969,794878966153,3850
17970,28423629096,700
17971,4101675363,160
17972,10093778100,110
17973,18405098557,1200
17974,260317020969,570
17975,111258118998,1780
17976,58271147607,48610
17977,3498963678,400
17978,642463108,20
17979,15230320883,500
17980,53637805687,820
17981,10125666868,220
17982,184581311080,850
17983,31957226762,680
17984,109465874812,8200
17985,3498963678,400
17986,1989408758,40
17987,7389868499,1000
17988,2129728871,80
17989,4101675363,160
17990,4101675363,160
17991,2680666674,100
17992,3155297787,30
17993,2680666674,100
17994,8182929381,152690
17995,4750466533,180
17996,2680666674,100
17997,192806953470,3280
17998,15230320883,500
17999,3155297787,30
18000,2131112755,120
18001,36817294349,1140
18002,50799511083,5420
18003,1460081663,10
18004,36817294349,1140
18005,642463108,20
18006,2131112755,120
18007,11685752060,280
18008,8890640708,50
18009,783076598,238610
18010,13175843055,480
18011,8890640708,50
18012,76152442909,6800
18013,3248511615,70
18014,642463108,20
18015,83018462314,2800
18016,2131112755,120
18017,5325216397,240
18018,2131112755,120
18019,2131112755,120
18020,117584555981,2640
18021,1117321033,231500
18022,4673460624,201410
18023,9128426838,600
18024,16663604145,250
18025,44964107008,330
18026,2680666674,100
18027,26878024615,960
18028,4101675363,160
18029,642463108,20
18030,83130397074,2280
18031,126101337696,2700
18032,9128426838,600
18033,107356367,500000
18034,37159752956,1500
18035,1460081663,10
18036,1410951772,60
18037,642463108,20
18038,17461846483,210
18039,13998415485,190
18040,106514864326,490
18041,12501136590,260
18042,1460081663,10
18043,440796132671,1430
18044,58377301257,79580
18045,2680666674,100
18046,26878024615,960
18047,14647952522,147470
18048,2680666674,100
18049,2129728871,80
18050,4750466533,180
18051,642463108,20
18052,3155297787,30
18053,17461846483,210
18054,642463108,20
18055,1989408758,40
18056,4101675363,160
18057,566179046010,4440
18058,8890640708,50
18059,79386532521,48300
18060,642463108,20
18061,3248511615,70
18062,13175843055,480
18063,5004700354,300
18064,47727873071,3000
18065,2700711032,200
18066,109278493537,7180
18067,2680666674,100
18068,512818922,380210
18069,2131112755,120
18070,347067246150,20420
18071,3248511615,70
18072,107356367,500000
18073,12893789867,122800
18074,115810767079,10800
18075,8771610191,140
18076,642463108,20
18077,165760151198,1340
18078,2129728871,80
18079,2700711032,200
18080,165760151198,1340
18081,2129728871,80
18082,642463108,20
18083,17461846483,210
18084,361170626118,3820
18085,2700711032,200
18086,44020660638,6120
18087,1410951772,60
18088,13175843055,480
18089,12501136590,260
18090,642463108,20
18091,50020304629,460
18092,28481466122,420
18093,3248511615,70
18094,70937215902,1320
18095,54488842248,82180
18096,1410951772,60
18097,3155297787,30
18098,107356367,500000
18099,18405098557,1200
18100,251033321320,18700
18101,8890640708,50
18102,294748400686,32360
18103,36719113154,16670
18104,13175843055,480
18105,203578942322,3380
18106,2700711032,200
18107,50977340686,620
18108,13998415485,190
18109,197401446530,47760
18110,1989408758,40
18111,3248511615,70
18112,35484487501,2560
18113,1460081663,10
18114,11168928718,320
18115,2129728871,80
18116,2680666674,100
18117,642463108,20
18118,107356367,500000
18119,3248511615,70
18120,2131112755,120
18121,2700711032,200
18122,1460081663,10
18123,5004700354,300
18124,61326659905,44460
18125,185881460206,51540
18126,75566779630,4800
18127,15230320883,500
18128,3155297787,30
18129,137532812846,1740
18130,42268868476,99470
18131,3248511615,70
18132,2680666674,100
18133,384960352755,22250
18134,11999169782,360
18135,8771610191,140
18136,8160380638,800
18137,642463108,20
18138,163308059697,4400
18139,4750466533,180
18140,1460081663,10
18141,642463108,20
18142,977829343,377320
18143,95126470552,8550
18144,20765572644,144690
18145,29491905716,660
18146,168571981442,27540
18147,17461846483,210
18148,28481030422,520
18149,4750466533,180
18150,2131112755,120
18151,277537177695,4600
18152,12501136590,260
18153,11685752060,280
18154,11617382549,6000
18155,1989408758,40
18156,1460081663,10
18157,16628626764,130
18158,58494612999,47600
18159,642463108,20
18160,32392093595,4900
18161,8771610191,140
18162,12665382267,4920
18163,2129728871,80
18164,292097341,292640
18165,5004700354,300
18166,236331466937,3020
18167,44964107008,330
18168,11168928718,320
18169,63222235117,5800
18170,2131112755,120
18171,32998588839,10000
18172,2680666674,100
18173,10125666868,220
18174,107356367,500000
18175,111057925430,12220
18176,2700711032,200
18177,1460081663,10
18178,83532074855,1300
18179,28481030422,520
18180,597074163,400440
18181,107356367,500000
18182,3155297787,30
18183,203578942322,3380
18184,13503009596,170
18185,2680666674,100
18186,1460081663,10
18187,3498963678,400
18188,191012842278,3640
18189,219909588200,3980
18190,107356367,500000
18191,642463108,20
18192,1050143945870,3710
18193,111177962277,1540
18194,2129728871,80
18195,86937114417,1560
18196,132154774224,12760
18197,1410951772,60
18198,86270239854,7020
18199,27619497645,410
18200,452059168386,1910
18201,2680666674,100
18202,28423629096,700
18203,145902524061,50790
18204,1410951772,60
18205,149164164468,2180
18206,13805813254,350
18207,6569986157,180660
18208,196705496376,28680
18209,297500263381,2540
18210,3155297787,30
18211,7389868499,1000
18212,3155297787,30
18213,99250112107,1940
18214,1460081663,10
18215,9128426838,600
18216,328746551396,25420
18217,28481030422,520
18218,126101337696,2700
18219,43845140351,5380
18220,2131112755,120
18221,2129728871,80
18222,440133462917,4740
18223,130029866754,2440
18224,2131112755,120
18225,7632138894,150
18226,1288468609,379980
18227,2129728871,80
18228,107815389228,2200
18229,243942211133,26010
18230,2700711032,200
18231,10125666868,220
18232,5325216397,240
18233,1460081663,10
18234,3248511615,70
18235,75566779630,4800
18236,3498963678,400
18237,3155297787,30
18238,2131112755,120
18239,333049424242,2580
18240,4101675363,160
18241,90143282515,73020
18242,169124671513,3080
18243,7632138894,150
18244,69054516911,36760
18245,75708503239,1960
18246,56620984161,7680
18247,642463108,20
18248,25118415259,720
18249,1410951772,60
18250,96397107272,1460
18251,8890640708,50
18252,7389868499,1000
18253,2680666674,100
18254,3498963678,400
18255,1989408758,40
18256,1989408758,40
18257,7389868499,1000
18258,1460081663,10
18259,360520586081,12520
18260,44020660638,6120
18261,19618372147,640
18262,1410951772,60
18263,26744858109,4970
18264,18962906803,2000
18265,4101675363,160
18266,357833618667,4100
18267,107356367,500000
18268,2680666674,100
18269,163079635381,15280
18270,9128426838,600
18271,107356367,500000
18272,141488322401,3880
18273,642463108,20
18274,11168928718,320
18275,122971945463,470
18276,23012332687,90190
18277,163324317620,3480
18278,1989408758,40
18279,12501136590,260
18280,125767473348,5820
18281,54096325140,2100
18282,642463108,20
18283,265929566173,6370
18284,5325216397,240
18285,71720042109,1220
18286,16628626764,130
18287,7389868499,1000
18288,11685752060,280
18289,642463108,20
18290,251916345190,29040
18291,9512533039,123010
18292,2129728871,80
18293,1989408758,40
18294,642463108,20
18295,1989408758,40
18296,70937215902,1320
18297,4750466533,180
18298,8160380638,800
18299,37625811344,1400
18300,3155297787,30
18301,1989408758,40
18302,15597451543,144500
18303,5004700354,300
18304,31377036712,900
18305,107356367,500000
18306,53075234171,9500
18307,1989408758,40
18308,642463108,20
18309,49181019185,430
18310,33342549079,115610
18311,68418302331,81320
18312,6326672895,189850
18313,10592510512,163110
18314,8890640708,50
18315,160260157953,5050
18316,37625811344,1400
18317,5325216397,240
18318,5325216397,240
18319,2131112755,120
18320,1989408758,40
18321,8771610191,140
18322,107356367,500000
18323,1989408758,40
18324,1460081663,10
18325,307421705360,3680
18326,1989408758,40
18327,5004700354,300
18328,4101675363,160
18329,88749458889,50310
18330,114508188807,4890
18331,294751080091,3960
18332,14320310474,5160
18333,49736015129,1440
18334,2700711032,200
18335,76003942536,1860
18336,38062709610,760
18337,403053835551,4370
18338,642463108,20
18339,33652981256,73400
18340,4101675363,160
18341,247809789967,14050
18342,109999233238,650
18343,26988989205,750
18344,18536928071,1600
18345,18962906803,2000
18346,4101675363,160
18347,2680666674,100
18348,5004700354,300
18349,10093778100,110
18350,2700711032,200
18351,642463108,20
18352,44976473227,54010
18353,12501136590,260
18354,41638879504,7470
18355,17461846483,210
18356,3248511615,70
18357,26988989205,750
18358,407397970390,18070
18359,15149273275,230
18360,107356367,500000
18361,102312802171,21560
18362,98522281713,18320
18363,10093778100,110
18364,107356367,500000
18365,10093778100,110
18366,2131112755,120
18367,103757215168,14790
18368,642463108,20
18369,107815389228,2200
18370,75708503239,1960
18371,11685752060,280
18372,8890640708,50
18373,2129728871,80
18374,137193556010,1050
18375,31377036712,900
18376,5325216397,240
18377,23717057018,270
18378,11168928718,320
18379,107356367,500000
18380,1183904747,324800
18381,125412361793,61470
18382,3498963678,400
18383,129646084690,5670
18384,2700711032,200
18385,2700711032,200
18386,1146865720,327610
18387,642463108,20
18388,2700711032,200
18389,10125666868,220
18390,275887182808,19110
18391,7632138894,150
18392,272310310368,3140
18393,8890640708,50
18394,121592122064,51150
18395,2700711032,200
18396,25715559667,440
18397,192237825632,2520
18398,126101337696,2700
18399,9405702726,90
18400,5325216397,240
18401,10125666868,220
18402,867750506,451240
18403,8890640708,50
18404,75566779630,4800
18405,11168928718,320
18406,2680666674,100
18407,5325216397,240
18408,642463108,20
18409,18405098557,1200
18410,642463108,20
18411,224387748893,4560
18412,1410951772,60
18413,153690887287,2880
18414,19618372147,640
18415,74650898404,54990
18416,3498963678,400
18417,31672662363,840
18418,1410951772,60
18419,5325216397,240
18420,1460081663,10
18421,3155297787,30
18422,107356367,500000
18423,3155297787,30
18424,3155297787,30
18425,273285774075,6610
18426,345819397858,18560
18427,165972722923,1250
18428,1989408758,40
18429,9405702726,90
18430,2131112755,120
18431,98675456188,2020
18432,169078418254,3720
18433,1989408758,40
18434,26988989205,750
18435,59192250382,310
18436,8771610191,140
18437,26988989205,750
18438,70937215902,1320
18439,1460081663,10
18440,1460081663,10
18441,3155297787,30
18442,302479465599,2860
18443,209070204968,20900
18444,2129728871,80
18445,1460081663,10
18446,11227801484,4960
18447,1460081663,10
18448,642463108,20
18449,2131112755,120
18450,26148963904,1240
18451,11168928718,320
18452,98721815497,13640
18453,52603264488,3600
18454,1460081663,10
18455,51055806471,6080
18456,778599060,241500
18457,3155297787,30
18458,15230320883,500
18459,27466659792,780
18460,84916788886,55980
18461,160638309365,32190
18462,62230305739,450
18463,8890640708,50
18464,13503009596,170
18465,280324816,386080
18466,527213783046,2410
18467,1131200372658,2950
18468,107356367,500000
18469,10125666868,220
18470,8890640708,50
18471,642463108,20
18472,1989408758,40
18473,142844778033,25470
18474,1989408758,40
18475,71066342983,940
18476,123477533744,43500
18477,34732904909,59270
18478,8771610191,140
18479,98675456188,2020
18480,1989408758,40
18481,98675456188,2020
18482,107356367,500000
18483,61613819664,8040
18484,16628626764,130
18485,1989408758,40
18486,642463108,20
18487,27823517189,8160
18488,46266450120,880
18489,1989408758,40
18490,3155297787,30
18491,1410951772,60
18492,4750466533,180
18493,117584555981,2640
18494,2700711032,200
18495,11685752060,280
18496,300064267948,4030
18497,642463108,20
18498,2129728871,80
18499,16663604145,250
18500,4101675363,160
18501,100033413566,10530
18502,642463108,20
18503,65150716152,1420
18504,241406658559,17220
18505,22947144105,540
18506,2700711032,200
18507,49181019185,430
18508,33336156346,380
18509,22947144105,540
18510,159339408278,7750
18511,30567251497,920
18512,25715559667,440
18513,63551217216,1160
18514,86147553598,11610
18515,18953189146,4940
18516,57268799551,5060
18517,2700711032,200
18518,11168928718,320
18519,3498963678,400
18520,107356367,500000
18521,49736015129,1440
18522,18962906803,2000
18523,522627086,470300
18524,23717057018,270
18525,642463108,20
18526,31377036712,900
18527,144138215078,17420
18528,642463108,20
18529,107815389228,2200
18530,2131112755,120
18531,642463108,20
18532,10125666868,220
18533,2129728871,80
18534,7632138894,150
18535,1989408758,40
18536,2131112755,120
18537,288001819702,4520
18538,2131112755,120
18539,5325216397,240
18540,642463108,20
18541,2700711032,200
18542,642463108,20
18543,145008101845,3320
18544,1460081663,10
18545,33336156346,380
18546,1989408758,40
18547,273721343890,40480
18548,77887012297,5630
18549,11168928718,320
18550,3155297787,30
18551,642463108,20
18552,107356367,500000
18553,63551217216,1160
18554,376080069572,15590
18555,11685752060,280
18556,163737689896,47800
18557,154223666803,6980
18558,2131112755,120
18559,93624144732,6960
18560,50843730709,8640
18561,4750466533,180
18562,276822726826,2750
18563,87708047445,5860
18564,8890640708,50
18565,705906771,416790
18566,642463108,20
18567,107356367,500000
18568,11168928718,320
18569,8890640708,50
18570,5325216397,240
18571,1460081663,10
18572,7632138894,150
18573,267509846274,8210
18574,1924337707,265570
18575,15230320883,500
18576,47727873071,3000
18577,107356367,500000
18578,1410951772,60
18579,3155297787,30
18580,168214069651,15120
18581,263615165710,3540
18582,25118415259,720
18583,11999169782,360
18584,75708503239,1960
18585,31672662363,840
18586,72511708200,6020
18587,144247003849,49420
18588,5004700354,300
18589,28423629096,700
18590,1989408758,40
18591,4101675363,160
18592,2129728871,80
18593,642463108,20
18594,2131112755,120
18595,47043510260,8800
18596,721809445428,3690
18597,11685752060,280
18598,135649564172,12230
18599,42635005721,1920
18600,5325216397,240
18601,48919000108,6110
18602,3498963678,400
18603,22841573218,1800
18604,4101675363,160
18605,26878024615,960
18606,642463108,20
18607,25118415259,720
18608,1989408758,40
18609,104699124952,68910
18610,642463108,20
18611,3155297787,30
18612,988577702,275110
18613,16663604145,250
18614,22947144105,540
18615,396119468341,10430
18616,49181019185,430
18617,101708932252,980
18618,642463108,20
18619,163324317620,3480
18620,25941016146,340
18621,5891349320,162700
18622,2129728871,80
18623,4750466533,180
18624,2199956267,232840
18625,3155297787,30
18626,1989408758,40
18627,2131112755,120
18628,2129728871,80
18629,642463108,20
18630,107356367,500000
18631,2129728871,80
18632,1460081663,10
18633,1410951772,60
18634,347991257906,15690
18635,13503009596,170
18636,69097605880,9840
18637,5325216397,240
18638,642463108,20
18639,1460081663,10
18640,100039010971,10550
18641,28313210705,129380
18642,107356367,500000
18643,125731668640,18680
18644,2131112755,120
18645,1460081663,10
18646,1410951772,60
18647,87708047445,5860
18648,25801847636,580
18649,1410951772,60
18650,11685752060,280
18651,2129728871,80
18652,261119521201,2820
18653,642463108,20
18654,149164164468,2180
18655,642463108,20
18656,642463108,20
18657,1989408758,40
18658,424493328863,3610
18659,124375194560,1180
18660,38941691457,1520
18661,1989408758,40
18662,2700711032,200
18663,8890640708,50
18664,90427963712,7900
18665,10093778100,110
18666,105056710281,10020
18667,2131112755,120
18668,1460081663,10
18669,136815065774,610
18670,200140673058,3950
18671,1460081663,10
18672,2700711032,200
18673,8160380638,800
18674,1460081663,10
18675,351276325,307230
18676,29491905716,660
18677,38941691457,1520
18678,81513870704,1260
18679,3498963678,400
18680,2129728871,80
18681,92117891650,10400
18682,3248511615,70
18683,339864372696,4420
18684,642463108,20
18685,4101675363,160
18686,107356367,500000
18687,128299740136,7960
18688,1410951772,60
18689,1069189223,339550
18690,107356367,500000
18691,141295678608,1170
18692,155043166460,2620
18693,107356367,500000
18694,40642282735,370
18695,11168928718,320
18696,3155297787,30
18697,11685752060,280
18698,1989408758,40
18699,9405702726,90
18700,38941691457,1520
18701,5325216397,240
18702,642463108,20
18703,642463108,20
18704,3155297787,30
18705,9128426838,600
18706,8771610191,140
18707,49736015129,1440
18708,107356367,500000
18709,107356367,500000
18710,2680666674,100
18711,107356367,500000
18712,3248511615,70
18713,1989408758,40
18714,21760737510,141140
18715,21695934599,6480
18716,642463108,20
18717,1460081663,10
18718,106514864326,490
18719,5325216397,240
18720,9128426838,600
18721,19618372147,640
18722,11219879982,166680
18723,135107441595,2120
18724,94856225429,46390
18725,5325216397,240
18726,3155297787,30
18727,1989408758,40
18728,107356367,500000
18729,1989408758,40
18730,264792450887,970
18731,60027661727,92640
18732,2700711032,200
18733,2131112755,120
18734,29491905716,660
18735,107356367,500000
18736,2131112755,120
18737,642463108,20
18738,38907977116,2400
18739,5004700354,300
18740,236331466937,3020
18741,129936548133,1700
18742,2978854191,217130
18743,169078418254,3720
18744,182747867130,4200
18745,642463108,20
18746,1460081663,10
18747,642463108,20
18748,107356367,500000
18749,1410951772,60
18750,5325216397,240
18751,327149689948,2780
18752,245032347735,3160
18753,642463108,20
18754,1028354163,215110
18755,642463108,20
18756,46266450120,880
18757,181103568696,12120
18758,10093778100,110
18759,129936548133,1700
18760,153690887287,2880
18761,3248511615,70
18762,256373602426,14460
18763,30567251497,920
18764,642463108,20
18765,2131112755,120
18766,2131112755,120
18767,10093778100,110
18768,99273106607,17140
18769,5325216397,240
18770,53752565565,13600
18771,55845212249,1360
18772,642463108,20
18773,107356367,500000
18774,642463108,20
18775,32902663700,1020
18776,107356367,500000
18777,642463108,20
18778,642463108,20
18779,36817294349,1140
18780,139826258307,12090
18781,2129728871,80
18782,315269804880,2210
18783,5507496409,207530
18784,107356367,500000
18785,362177540496,7130
18786,55558740625,5960
18787,9128426838,600
18788,14320310474,5160
18789,13805813254,350
18790,7632138894,150
18791,55558740625,5960
18792,96459026902,10640
18793,67826821440,5900
18794,642463108,20
18795,137522884224,2080
18796,126101337696,2700
18797,232907067807,23740
18798,165083654093,15960
18799,2129728871,80
18800,3155297787,30
18801,25941016146,340
18802,65150716152,1420
18803,314580645801,2260
18804,9405702726,90
18805,117584555981,2640
18806,2131112755,120
18807,642463108,20
18808,80123303252,2140
18809,3155297787,30
18810,75566779630,4800
18811,642463108,20
18812,5004700354,300
18813,19618372147,640
18814,10125666868,220
18815,229808848897,6290
18816,190239888133,40160
18817,10456443736,152780
18818,4101675363,160
18819,154990333876,4380
18820,642463108,20
18821,3155297787,30
18822,107356367,500000
18823,5004700354,300
18824,99338643844,8730
18825,10125666868,220
18826,2700711032,200
18827,38062709610,760
18828,226314048852,1610
18829,1989408758,40
18830,2700711032,200
18831,4101675363,160
18832,642463108,20
18833,7632138894,150
18834,11168928718,320
18835,107356367,500000
18836,203578942322,3380
18837,1460081663,10
18838,27818723522,1280
18839,2131112755,120
18840,2129728871,80
18841,4750466533,180
18842,9405702726,90
18843,193491298968,1580
18844,1460081663,10
18845,33336156346,380
18846,81768420176,690
18847,28423629096,700
18848,260317020969,570
18849,1460081663,10
18850,15149273275,230
18851,122758736466,1060
18852,1989408758,40
18853,642463108,20
18854,4750466533,180
18855,107356367,500000
18856,37159752956,1500
18857,101708932252,980
18858,10093778100,110
18859,16628626764,130
18860,2131112755,120
18861,7289366740,176730
18862,48173707138,7520
18863,2129728871,80
18864,120420739717,6160
18865,2700711032,200
18866,32998588839,10000
18867,80565976998,15400
18868,26988989205,750
18869,319501492157,3780
18870,107356367,500000
18871,2131112755,120
18872,2680666674,100
18873,107356367,500000
18874,154605920387,1720
18875,1460081663,10
18876,203764756322,16770
18877,55082232789,6010
18878,125116438922,45440
18879,4101675363,160
18880,2700711032,200
18881,642463108,20
18882,152923363305,50960
18883,44964107008,330
18884,294751080091,3960
18885,3248511615,70
18886,194345861443,4160
18887,866853225,324500
18888,3155297787,30
18889,17231374945,560
18890,87428380030,5490
18891,15149273275,230
18892,491498435304,2530
18893,664085131,469830
18894,10093778100,110
18895,107356367,500000
18896,110703189125,510
18897,5325216397,240
18898,40642282735,370
18899,3498963678,400
18900,708750625,443580
18901,89725718745,12800
18902,642463108,20
18903,3155297787,30
18904,2131112755,120
18905,323878921020,19080
18906,107356367,500000
18907,31672662363,840
18908,1410951772,60
18909,241917942,394080
18910,31377036712,900
18911,642463108,20
18912,37159752956,1500
18913,31957226762,680
18914,37159752956,1500
18915,153827495750,2250
18916,4101675363,160
18917,11685752060,280
18918,2700711032,200
18919,188736604890,4500
18920,119523174937,930
18921,2129728871,80
18922,25184080200,140220
18923,5325216397,240
18924,2129728871,80
18925,2700711032,200
18926,46411903428,70800
18927,35141211551,18300
18928,107356367,500000
18929,55071409279,5760
18930,16704191328,10500
18931,154223666803,6980
18932,2131112755,120
18933,642463108,20
18934,6050758086,158200
18935,226314048852,1610
18936,1989408758,40
18937,3155297787,30
18938,1460081663,10
18939,57526693037,8910
18940,4101675363,160
18941,642463108,20
18942,5325216397,240
18943,642463108,20
18944,57732532632,9660
18945,95136738550,22010
18946,1460081663,10
18947,2680666674,100
18948,280057160555,1230
18949,1410951772,60
18950,3248511615,70
18951,176194675518,1010
18952,107356367,500000
18953,26148963904,1240
18954,44020660638,6120
18955,41821030865,12480
18956,26988989205,750
18957,37625811344,1400
18958,225450325940,3830
18959,71220713113,90480
18960,642463108,20
18961,1989408758,40
18962,1460081663,10
18963,337833658107,9960
18964,642463108,20
18965,642463108,20
18966,26878024615,960
18967,642463108,20
18968,2129728871,80
18969,236331466937,3020
18970,26148963904,1240
18971,3498963678,400
18972,1460081663,10
18973,2700711032,200
18974,7632138894,150
18975,27466659792,780
18976,72251914867,1480
18977,366970729753,4080
18978,44964107008,330
18979,15230320883,500
18980,2700711032,200
18981,1989408758,40
18982,209934235089,2350
18983,11168928718,320
18984,49181019185,430
18985,70125742858,550
18986,2131112755,120
18987,12501136590,260
18988,11685752060,280
18989,17461846483,210
18990,642463108,20
18991,55845212249,1360
18992,2421846201,215960
18993,107356367,500000
18994,3155297787,30
18995,39237349975,1120
18996,1410951772,60
18997,293238974529,28840
18998,2700711032,200
18999,13503009596,170
19000,18405098557,1200
19001,69037376985,2060
19002,950707088,248200
19003,4750466533,180
19004,13175843055,480
19005,1410951772,60
19006,38453886123,12600
19007,14839130406,5220
19008,2129728871,80
19009,18405098557,1200
19010,1460081663,10
19011,266455110579,15080
19012,1989408758,40
19013,7632138894,150
19014,8890640708,50
19015,263615165710,3540
19016,112237707106,6180
19017,7389868499,1000
19018,2700711032,200
19019,219970058472,17690
19020,2680666674,100
19021,4750466533,180
19022,642463108,20
19023,25941016146,340
19024,2131112755,120
19025,2700711032,200
19026,116588077870,8180
19027,2680666674,100
19028,2700711032,200
19029,67110837398,55410
19030,21258475540,5240
19031,5325216397,240
19032,49736015129,1440
19033,2205533557,187030
19034,11168928718,320
19035,1410951772,60
19036,38907977116,2400
19037,2680666674,100
19038,1410951772,60
19039,8890640708,50
19040,364905480612,2190
19041,501174089865,3890
19042,53067740046,1080
19043,642463108,20
19044,86659031114,7820
19045,642463108,20
19046,62230305739,450
19047,16628626764,130
19048,1460081663,10
19049,27619497645,410
19050,178131872399,2900
19051,107356367,500000
19052,642463108,20
19053,32902663700,1020
19054,2000095080,191660
19055,5004700354,300
19056,642463108,20
19057,22947144105,540
19058,828407739,438010
19059,128048255585,39040
19060,972369567967,4710
19061,642463108,20
19062,3248511615,70
19063,245032347735,3160
19064,9128426838,600
19065,3155297787,30
19066,224628256645,2340
19067,155043166460,2620
19068,1989408758,40
19069,8771610191,140
19070,3155297787,30
19071,2680666674,100
19072,8890640708,50
19073,3155297787,30
19074,19618372147,640
19075,32273638048,4880
19076,1204552265,356100
19077,642463108,20
19078,32902663700,1020
19079,2131112755,120
19080,120158649146,10480
19081,62110663093,5210
19082,2680666674,100
19083,31957226762,680
19084,107356367,500000
19085,102556571548,25980
19086,62110663093,5210
19087,13503009596,170
19088,4750466533,180
19089,3155297787,30
19090,1460081663,10
19091,692923357726,4330
19092,87708047445,5860
19093,642463108,20
19094,7632138894,150
19095,3248511615,70
19096,440796132671,1430
19097,2129728871,80
19098,642463108,20
19099,83532074855,1300
19100,76003942536,1860
19101,2700711032,200
19102,1460081663,10
19103,7389868499,1000
19104,48373931868,49300
19105,4101675363,160
19106,25715559667,440
19107,63551217216,1160
19108,76389082717,390
19109,226314048852,1610
19110,16628626764,130
19111,16628626764,130
19112,90982185556,7320
19113,9405702726,90
19114,764085259,304050
19115,119523174937,930
19116,16628626764,130
19117,107356367,500000
19118,13175843055,480
19119,107356367,500000
19120,8771610191,140
19121,2131112755,120
19122,3498963678,400
19123,2700711032,200
19124,153690887287,2880
19125,19618372147,640
19126,1410951772,60
19127,2131112755,120
19128,72199495598,6580
19129,642463108,20
19130,1460081663,10
19131,1460081663,10
19132,7389868499,1000
19133,2131112755,120
19134,13175843055,480
19135,122758736466,1060
19136,1460081663,10
19137,10093778100,110
19138,243896232057,14800
19139,188736604890,4500
19140,187906718952,34520
19141,49736015129,1440
19142,38062709610,760
19143,145451985609,2240
19144,642463108,20
19145,1989408758,40
19146,107356367,500000
19147,13503009596,170
19148,4101675363,160
19149,90171430690,50080
19150,11168928718,320
19151,85613685079,12200
19152,2680666674,100
19153,50977340686,620
19154,37675978129,8880
19155,1410951772,60
19156,642463108,20
19157,28433132681,5100
19158,1410951772,60
19159,53067740046,1080
19160,17461846483,210
19161,3498963678,400
19162,2131112755,120
19163,28481466122,420
19164,642463108,20
19165,1106935165,257160
19166,3248511615,70
19167,29561264791,8320
19168,18405098557,1200
19169,2129728871,80
19170,231116809145,710
19171,54096325140,2100
19172,2700711032,200
19173,76699088255,2360
19174,2129728871,80
19175,81513870704,1260
19176,1989408758,40
19177,113146677197,4000
19178,2131112755,120
19179,69037376985,2060
19180,2131112755,120
19181,1989408758,40
19182,15230320883,500
19183,1460081663,10
19184,185468143475,3700
19185,11685752060,280
19186,26148963904,1240
19187,2680666674,100
19188,8160380638,800
19189,3155297787,30
19190,1410951772,60
19191,205598359712,2300
19192,168685067066,52750
19193,47727873071,3000
19194,5447807644,155320
19195,1989408758,40
19196,2680666674,100
19197,4101675363,160
19198,133591415367,10760
19199,25715559667,440
19200,1410951772,60
19201,1460081663,10
19202,16663604145,250
19203,859025139495,4210
19204,70937215902,1320
19205,762716367446,2650
19206,2680666674,100
19207,83532074855,1300
19208,19618372147,640
19209,642463108,20
19210,3155297787,30
19211,1460081663,10
19212,63551217216,1160
19213,1460081663,10
19214,642463108,20
19215,454076666245,3290
19216,80219289005,6600
19217,4101675363,160
19218,2680666674,100
19219,163324317620,3480
19220,5004700354,300
19221,1460081663,10
19222,642463108,20
19223,53637805687,820
19224,154187647593,3560
19225,642463108,20
19226,53067740046,1080
19227,11685752060,280
19228,3155297787,30
19229,16628626764,130
19230,224628256645,2340
19231,4750466533,180
19232,11999169782,360
19233,32902663700,1020
19234,1989408758,40
19235,2913075799,228770
19236,9708279001,164580
19237,91861780067,10820
19238,462053606811,2370
19239,1989408758,40
19240,1989408758,40
19241,642463108,20
19242,2700711032,200
19243,3498963678,400
19244,642463108,20
19245,102394560393,5310
19246,113146677197,4000
19247,3155297787,30
19248,99391224572,10560
19249,13175843055,480
19250,1989408758,40
19251,191012842278,3640
19252,10093778100,110
19253,323525066671,15700
19254,79294057865,16750
19255,18405098557,1200
19256,642463108,20
19257,35484487501,2560
19258,1460081663,10
19259,32649411141,109420
19260,242464481741,1900
19261,9128426838,600
19262,28481466122,420
19263,9405702726,90
19264,74508074661,740
19265,736825887773,4490
19266,169515267172,15860
19267,642463108,20
19268,8890640708,50
19269,205598359712,2300
19270,5325216397,240
19271,81416472005,94820
19272,215797578189,3620
19273,209442747578,9060
19274,121107456802,74870
19275,642463108,20
19276,107356367,500000
19277,3219311444,234220
19278,29179337851,6400
19279,1460081663,10
19280,31957226762,680
19281,3248511615,70
19282,1289366308,320010
19283,20722080129,11480
19284,653141204187,4720
19285,15230320883,500
19286,3248511615,70
19287,48792379821,24000
19288,1410951772,60
19289,305821552486,17070
19290,107356367,500000
19291,107356367,500000
19292,28423629096,700
19293,170491650261,8330
19294,4101675363,160
19295,47727873071,3000
19296,284813858234,18140
19297,2129728871,80
19298,119255162670,7360
19299,59192250382,310
19300,3155297787,30
19301,1460081663,10
19302,320883901352,3860
19303,170460249223,27480
19304,1410951772,60
19305,8160380638,800
19306,8771610191,140
19307,54096325140,2100
19308,13805813254,350
19309,642463108,20
19310,2129728871,80
19311,5325216397,240
19312,3498963678,400
19313,3248511615,70
19314,171229564096,3100
19315,107356367,500000
19316,2680666674,100
19317,3248511615,70
19318,2450081046492,4610
19319,185989826259,35520
19320,3155297787,30
19321,57268799551,5060
19322,642463108,20
19323,73169373677,1620
19324,2680666674,100
19325,1250723936,314540
19326,1460081663,10
19327,2129728871,80
19328,154990333876,4380
19329,103743561379,9630
19330,3155297787,30
19331,642463108,20
19332,5325216397,240
19333,1460081663,10
19334,10093778100,110
19335,5325216397,240
19336,196284049650,1820
19337,234911174529,2980
19338,1410951772,60
19339,2680666674,100
19340,16628626764,130
19341,35082637617,1040
19342,1460081663,10
19343,42614930846,80720
19344,5004700354,300
19345,136549315889,1380
19346,22841573218,1800
19347,2131112755,120
19348,3155297787,30
19349,229123793731,2760
19350,223199449708,38410
19351,173349614530,4020
19352,107356367,500000
19353,1410951772,60
19354,126612739997,8020
19355,10409672864,150510
19356,3155297787,30
19357,302479465599,2860
19358,252368262100,36640
19359,642463108,20
19360,104249026508,10320
19361,8890640708,50
19362,7632138894,150
19363,107356367,500000
19364,1410951772,60
19365,642463108,20
19366,76807597190,55510
19367,6668810303,179260
19368,27466659792,780
19369,12501136590,260
19370,21258475540,5240
19371,20416971513,5020
19372,3248511615,70
19373,1460081663,10
19374,2680666674,100
19375,642463108,20
19376,2543713968,207380
19377,1989408758,40
19378,3155297787,30
19379,194345861443,4160
19380,38907977116,2400
19381,114448332906,7870
19382,1410951772,60
19383,642463108,20
19384,107356367,500000
19385,112941435435,9890
19386,22198829203,141590
19387,2129728871,80
19388,4750466533,180
19389,1989408758,40
19390,1989408758,40
19391,1460081663,10
19392,214688546396,3340
19393,76044157205,99120
19394,56766957321,8130
19395,46266450120,880
19396,107356367,500000
19397,527213783046,2410
19398,20069385236,143750
19399,3498963678,400
19400,169078418254,3720
19401,642463108,20
19402,12532181382,140670
19403,9405702726,90
19404,2700711032,200
19405,642463108,20
19406,155043166460,2620
19407,5325216397,240
19408,70212743818,6090
19409,205015610881,10350
19410,2131112755,120
19411,790490441522,2290
19412,13175843055,480
19413,2131112755,120
19414,128221238276,19400
19415,84103718279,9900
19416,1460081663,10
19417,2131112755,120
19418,4101675363,160
19419,642463108,20
19420,11168928718,320
19421,101708932252,980
19422,241620203447,3060
19423,107356367,500000
19424,2129728871,80
19425,35082637617,1040
19426,107356367,500000
19427,642463108,20
19428,642463108,20
19429,7632138894,150
19430,906577985974,4300
19431,1410951772,60
19432,173968930630,10930
19433,77236156537,8100
19434,23717057018,270
19435,26148963904,1240
19436,2680666674,100
19437,1989408758,40
19438,401658801043,7730
19439,737955398359,4470
19440,14839130406,5220
19441,454076666245,3290
19442,186284466404,16870
19443,220225676402,3400
19444,107356367,500000
19445,8771610191,140
19446,642463108,20
19447,228517508811,3900
19448,642463108,20
19449,229401599349,3120
19450,163400541217,25560
19451,26148963904,1240
19452,562070864316,3440
19453,229123793731,2760
19454,15230320883,500
19455,642463108,20
19456,7389868499,1000
19457,10125666868,220
19458,2129728871,80
19459,2129728871,80
19460,10093778100,110
19461,1460081663,10
19462,642463108,20
19463,19618372147,640
19464,7723768266,173330
19465,8771610191,140
19466,1410951772,60
19467,2680666674,100
19468,126147942816,990
19469,3498963678,400
19470,48446638081,2600
19471,2131112755,120
19472,2700711032,200
19473,79821372396,1350
19474,1410951772,60
19475,3155297787,30
19476,5004700354,300
19477,111258118998,1780
19478,2131112755,120
19479,1410951772,60
19480,1460081663,10
19481,642463108,20
19482,11168928718,320
19483,55082232789,6010
19484,107356367,500000
19485,82816160235,1640
19486,71066342983,940
19487,107356367,500000
19488,18405098557,1200
19489,56620984161,7680
19490,199628563046,50030
19491,629298752,266680
19492,1989408758,40
19493,3155297787,30
19494,1033729737,320860
19495,22841573218,1800
19496,1460081663,10
19497,71144555322,33120
19498,107356367,500000
19499,1460081663,10
19500,260343518245,12140
19501,7632138894,150
19502,1989408758,40
19503,5004700354,300
19504,11685752060,280
19505,8771610191,140
19506,3248511615,70
19507,291550928032,3260
19508,19618372147,640
19509,20533334047,5650
19510,642463108,20
19511,497936312,275260
19512,107356367,500000
19513,3155297787,30
19514,1410951772,60
19515,132878146393,11240
19516,190355985406,1150
19517,642463108,20
19518,31303082922,77020
19519,158893180602,19440
19520,4750466533,180
19521,1410951772,60
19522,173955139188,15750
19523,2129728871,80
19524,2700711032,200
19525,203816494625,13820
19526,27818723522,1280
19527,1410951772,60
19528,378260521095,1750
19529,37625811344,1400
19530,22336611769,106880
19531,107356367,500000
19532,27466659792,780
19533,29491905716,660
19534,3498963678,400
19535,2700711032,200
19536,50977340686,620
19537,3155297787,30
19538,1989408758,40
19539,241620203447,3060
19540,1989408758,40
19541,541334506772,1690
19542,1410951772,60
19543,100790084638,64800
19544,3155297787,30
19545,232762693950,43100
19546,5325216397,240
19547,17461846483,210
19548,7632138894,150
19549,1460081663,10
19550,378686257654,2690
19551,4101675363,160
19552,8771610191,140
19553,339338395227,11990
19554,9405702726,90
19555,57392309256,73000
19556,20533334047,5650
19557,8771610191,140
19558,1410951772,60
19559,245032347735,3160
19560,1410951772,60
19561,2129728871,80
19562,2129728871,80
19563,72251914867,1480
19564,10093778100,110
19565,182546953784,2680
19566,25941016146,340
19567,1989408758,40
19568,56757000936,860
19569,11584563257,155930
19570,8160380638,800
19571,9405702726,90
19572,642463108,20
19573,2129728871,80
19574,49181019185,430
19575,63551217216,1160
19576,12501136590,260
19577,26988989205,750
19578,2131112755,120
19579,5004700354,300
19580,107356367,500000
19581,1410951772,60
19582,302479465599,2860
19583,27874789577,8150
19584,1989408758,40
19585,361345396080,26350
19586,2131112755,120
19587,4101675363,160
19588,119523174937,930
19589,121887661710,8630
19590,32902663700,1020
19591,132577234172,66180
19592,1460081663,10
19593,107356367,500000
19594,2680666674,100
19595,1410951772,60
19596,1407245586,193640
19597,642463108,20
19598,642463108,20
19599,21695934599,6480
19600,74854963566,14900
19601,16628626764,130
19602,5004700354,300
19603,642463108,20
19604,25118415259,720
19605,75566779630,4800
19606,3155297787,30
19607,2247324907,195300
19608,86937114417,1560
19609,8890640708,50
19610,16663604145,250
19611,1460081663,10
19612,4101675363,160
19613,11685752060,280
19614,11168928718,320
19615,32581665945,6240
19616,15230320883,500
19617,642463108,20
19618,2680666674,100
19619,334266589188,1570
19620,4101675363,160
19621,8819558470,160840
19622,19618372147,640
19623,47727873071,3000
19624,1410951772,60
19625,3155297787,30
19626,37525732729,121610
19627,32998588839,10000
19628,5325216397,240
19629,1989408758,40
19630,59192250382,310
19631,7632138894,150
19632,107356367,500000
19633,41633656026,290
19634,8771610191,140
19635,107356367,500000
19636,11999169782,360
19637,1410951772,60
19638,107356367,500000
19639,642463108,20
19640,344431272792,15740
19641,2680666674,100
19642,297585590,431360
19643,13503009596,170
19644,3248511615,70
19645,150705938391,1630
19646,3155297787,30
19647,12501136590,260
19648,17695457122,151490
19649,1460081663,10
19650,130364661735,3840
19651,307421705360,3680
19652,107356367,500000
19653,89790886943,9680
19654,440796132671,1430
19655,27466659792,780
19656,16628626764,130
19657,182452028045,5550
19658,11168928718,320
19659,2129728871,80
19660,107356367,500000
19661,1410951772,60
19662,47727873071,3000
19663,1989408758,40
19664,3248511615,70
19665,3248511615,70
19666,93624144732,6960
19667,253190364846,11650
19668,642463108,20
19669,642463108,20
19670,8890640708,50
19671,107356367,500000
19672,642463108,20
19673,7632138894,150
19674,70937215902,1320
19675,319190531395,29700
19676,149771610363,21150
19677,4101675363,160
19678,7389868499,1000
19679,5325216397,240
19680,642463108,20
19681,107356367,500000
19682,165760151198,1340
19683,1460081663,10
19684,11685752060,280
19685,29491905716,660
19686,31377036712,900
19687,2129728871,80
19688,13805813254,350
19689,25801847636,580
19690,642463108,20
19691,79770938357,12810
19692,1410951772,60
19693,38907977116,2400
19694,28481030422,520
19695,2131112755,120
19696,107356367,500000
19697,176194675518,1010
19698,217010712174,3520
19699,33336156346,380
19700,51203462102,7510
19701,7632138894,150
19702,1460081663,10
19703,17461846483,210
19704,107356367,500000
19705,11685752060,280
19706,2700711032,200
19707,1989408758,40
19708,288001819702,4520
19709,117521242923,3920
19710,18536928071,1600
19711,7389868499,1000
19712,36566092574,89020
19713,107835437153,54690
19714,11168928718,320
19715,23504449540,5090
19716,2700711032,200
19717,164333593199,5510
19718,184991408942,2460
19719,74282150888,69230
19720,1460081663,10
19721,23717057018,270
19722,23717057018,270
19723,82292142416,12920
19724,2131112755,120
19725,2700711032,200
19726,26988989205,750
19727,762825271976,3590
19728,3498963678,400
19729,107356367,500000
19730,10790854661,5000
19731,156138698209,3360
19732,5760507147,177500
19733,53067740046,1080
19734,8771610191,140
19735,11685752060,280
19736,117999348035,22740
19737,37159752956,1500
19738,2680666674,100
19739,1989408758,40
19740,327149689948,2780
19741,642463108,20
19742,8771610191,140
19743,38907977116,2400
19744,2129728871,80
19745,1488771234,243650
19746,55845212249,1360
19747,1460081663,10
19748,62230305739,450
19749,642463108,20
19750,2680666674,100
19751,2680666674,100
19752,107356367,500000
19753,4101675363,160
19754,184581311080,850
19755,2129728871,80
19756,18405098557,1200
19757,107356367,500000
19758,107356367,500000
19759,642463108,20
19760,87429524128,53400
19761,116879273391,37850
19762,56757000936,860
19763,1410951772,60
19764,319501492157,3780
19765,11685752060,280
19766,25118415259,720
19767,44417124837,44130
19768,642463108,20
19769,1460081663,10
19770,1989408758,40
19771,642463108,20
19772,8771610191,140
19773,58939274048,12160
19774,107356367,500000
19775,65150716152,1420
19776,191012842278,3640
19777,2129728871,80
19778,3155297787,30
19779,16628626764,130
19780,76864215402,730
19781,1989408758,40
19782,16663604145,250
19783,107356367,500000
19784,42635005721,1920
19785,448484883112,4680
19786,101793693596,6390
19787,27818723522,1280
19788,13175843055,480
19789,1989408758,40
19790,25801847636,580
19791,9405702726,90
19792,83130397074,2280
19793,38062709610,760
19794,15149273275,230
19795,103467197574,55470
19796,4101675363,160
19797,1989408758,40
19798,8890640708,50
19799,35854513022,6900
19800,13175843055,480
19801,9405702726,90
19802,621930114941,3430
19803,3498963678,400
19804,1460081663,10
19805,11999169782,360
19806,27818723522,1280
19807,18536928071,1600
19808,71066342983,940
19809,1989408758,40
19810,99250112107,1940
19811,2700711032,200
19812,21978523270,137680
19813,71177249322,17480
19814,56757000936,860
19815,2680666674,100
19816,71720042109,1220
19817,1460081663,10
19818,2129728871,80
19819,27466659792,780
19820,171409814309,32290
19821,3155297787,30
19822,642463108,20
19823,2700711032,200
19824,104244423746,19700
19825,33336156346,380
19826,1460081663,10
19827,1015759236,385860
19828,8890640708,50
19829,156138698209,3360
19830,2131112755,120
19831,8771610191,140
19832,2131112755,120
19833,2129728871,80
19834,345274539467,1470
19835,107356367,500000
19836,16045166584,102420
19837,2680666674,100
19838,2700711032,200
19839,2700711032,200
19840,5325216397,240
19841,1989408758,40
19842,1989408758,40
19843,363363885838,2070
19844,84285260107,6750
19845,3498963678,400
19846,89790886943,9680
19847,29491905716,660
19848,13175843055,480
19849,2680666674,100
19850,642463108,20
19851,40271490674,4840
19852,642463108,20
19853,54655362282,13020
19854,1989408758,40
19855,145008101845,3320
19856,49736015129,1440
19857,75566779630,4800
19858,10125666868,220
19859,176070528839,12850
19860,2700711032,200
19861,16628626764,130
19862,17119212992,117150
19863,107356367,500000
19864,1989408758,40
19865,48446638081,2600
19866,31957226762,680
19867,8160380638,800
19868,32581665945,6240
19869,49181019185,430
19870,73775018845,54680
19871,78393088242,3200
19872,2700711032,200
19873,342348177046,22530
19874,83532074855,1300
19875,27466659792,780
19876,5004700354,300
19877,43754259058,8580
19878,97411524161,29650
19879,2700711032,200
19880,13998415485,190
19881,122758736466,1060
19882,25715559667,440
19883,933381483,258780
19884,161538324771,22060
19885,5004700354,300
19886,185468143475,3700
19887,1410951772,60
19888,2700711032,200
19889,40271490674,4840
19890,159673899200,25780
19891,1989408758,40
19892,5004700354,300
19893,2131112755,120
19894,337275683037,11310
19895,107356367,500000
19896,8771610191,140
19897,204002257245,16540
19898,83130397074,2280
19899,1460081663,10
19900,229123793731,2760
19901,26988989205,750
19902,745863041819,2270
19903,4101675363,160
19904,107356367,500000
19905,11999169782,360
19906,406677363963,1070
19907,3248511615,70
19908,5004700354,300
19909,3248511615,70
19910,1460081663,10
19911,184581311080,850
19912,1989408758,40
19913,13998415485,190
19914,2680666674,100
19915,11685752060,280
19916,149053509611,2130
19917,111693458707,29840
19918,56816059127,24020
19919,4101675363,160
19920,2131112755,120
19921,173955139188,15750
19922,154639816897,13940
19923,11168928718,320
19924,688259360914,4660
19925,27619497645,410
19926,3155297787,30
19927,49089698063,17780
19928,2131112755,120
19929,4750466533,180
19930,1460081663,10
19931,76726111901,5640
19932,126147942816,990
19933,35917951767,78960
19934,234911174529,2980
19935,1989408758,40
19936,185621792596,49680
19937,18338581356,4810
19938,420249065956,12870
19939,11168928718,320
19940,3248511615,70
19941,3248511615,70
19942,124375194560,1180
19943,4101675363,160
19944,3248511615,70
19945,642463108,20
19946,2183916516,187550
19947,1460081663,10
19948,26878024615,960
19949,642463108,20
19950,642463108,20
19951,2680666674,100
19952,80123303252,2140
19953,1989408758,40
19954,642463108,20
19955,107356367,500000
19956,2131112755,120
19957,107356367,500000
19958,11168928718,320
19959,642463108,20
19960,2129728871,80
19961,3248511615,70
19962,2680666674,100
19963,3248511615,70
19964,110975092759,19780
19965,2680666674,100
19966,35082637617,1040
19967,47806519657,69920
19968,40271490674,4840
19969,113845668872,64470
19970,154605920387,1720
19971,2700711032,200
19972,405415912855,7190
19973,3155297787,30
19974,297500263381,2540
19975,18962906803,2000
19976,190340571492,29580
19977,9128426838,600
19978,46879250683,4860
19979,2700711032,200
19980,13805813254,350
19981,2129728871,80
19982,574843764102,4590
19983,360165569012,29100
19984,32273638048,4880
19985,53637805687,820
19986,8890640708,50
19987,440796132671,1430
19988,9405702726,90
19989,13805813254,350
19990,67774165811,770
19991,160260157953,5050
19992,642463108,20
19993,2700711032,200
19994,642463108,20
19995,1410951772,60
19996,642463108,20
19997,113146677197,4000
19998,2680666674,100
19999,37625811344,1400
